file,width,height,offset,chosen,CRVAL1,CRVAL2
jw05709-o002_t001_miri_f1500w-sub128_i2d.fits,221.0,215.0,7.5873026,True,266.9728367310848,2.706624110564656
jw05709-o001_t001_miri_f2550w-sub256_i2d.fits,407.0,408.0,4.6953684,True,266.9722681092235,2.707035907830628
