file,width,height,offset,chosen,CRVAL1,CRVAL2
jw02122-o002_t002_miri_f560w_i2d.fits,1050.0,1029.0,0.8552340241582215,True,49.92585265534281,-19.37384252989471
jw02122-o002_t002_miri_f770w_i2d.fits,1050.0,1029.0,1.175916410129389,True,49.92585097850338,-19.37384509598131
jw02122-o002_t002_miri_f1000w_i2d.fits,1050.0,1029.0,1.26538050882607,True,49.92587022257483,-19.3738400548529
