file,width,height,offset,chosen
jw02122-o001_t002_miri_f770w_i2d.fits,1050.0,1029.0,0.8552340241582215,True
jw02122-o001_t002_miri_f560w_i2d.fits,1050.0,1029.0,0.8552340241582215,True
jw02122-o001_t002_miri_f1000w_i2d.fits,1050.0,1029.0,0.8552340241582215,True
