file,width,height,offset,chosen,CRVAL1,CRVAL2
jw02122-o003_t002_miri_f1000w_i2d.fits,1050.0,1029.0,1.175916410129389,True,49.92066060211451,-19.418821700228964
jw02122-o003_t002_miri_f770w_i2d.fits,1050.0,1029.0,1.175916410129389,True,49.92066926077707,-19.41880962360292
jw02122-o003_t002_miri_f560w_i2d.fits,1050.0,1029.0,1.175916410129389,True,49.92067027680765,-19.4188070003778
