file,width,height,offset,chosen,CRVAL1,CRVAL2
jw02122-o001_t002_miri_f770w_i2d.fits,1050.0,1029.0,0.8552340241582215,True,49.90308292508621,-19.41852757099667
jw02122-o001_t002_miri_f560w_i2d.fits,1050.0,1029.0,0.8552340241582215,True,49.90308170845834,-19.41853019177998
jw02122-o001_t002_miri_f1000w_i2d.fits,1050.0,1029.0,0.8552340241582215,True,49.90306406856396,-19.41853613497478
