file,width,height,offset,chosen,CRVAL1,CRVAL2
jw04290-o009_t005_nircam_clear-f460m_i2d.fits,2079.0,2071.0,7.5873013,True,247.89844400599776,-24.067482129840748
jw04290-o009_t005_nircam_clear-f115w_i2d.fits,4346.0,4324.0,20.0000612,True,247.8985620855177,-24.067258629742977
jw04290-o009_t005_nircam_clear-f200w_i2d.fits,4346.0,4324.0,20.0000612,True,247.8985442801468,-24.067265239177843
jw04290-o009_t005_nircam_clear-f300m_i2d.fits,2079.0,2072.0,20.0000612,True,247.89844361573932,-24.06748351729511
jw04290-o010_t005_miri_f770w-brightsky_i2d.fits,661.0,664.0,20.0000612,True,247.90411159178794,-24.072464848705533
