file,width,height,offset,chosen,CRVAL1,CRVAL2,CRVAL1fix,CRVAL2fix
jw04290-o001_t001_nircam_clear-f115w_i2d.fits,4346,4325,7.58730138386391,True,67.6051251283144,35.7558833033401,,
jw04290-o001_t001_nircam_clear-f460m_i2d.fits,2079,2072,30.0000759549803,True,67.6051506651899,35.7561361352082,,
jw04290-o001_t001_nircam_clear-f200w_i2d.fits,4346,4325,30.0000759549803,True,67.605140972802,35.7558962612505,,
jw04290-o001_t001_nircam_clear-f300m_i2d.fits,2079,2071,30.0000759549803,True,67.605156941583,35.7561371679256,,
jw04290-o002_t001_miri_f770w-brightsky_i2d.fits,661,664,30.0000759549803,False,67.611789910824,35.7639974633935,67.61185,35.76403
