file,width,height,offset,chosen,CRVAL1,CRVAL2
jw06761-o001_t001_miri_f1000w_i2d.fits,1116.0,1139.0,3.9967538,True,3.5888039396571894,-30.34831562727533
jw06761-o001_t001_miri_f2100w_i2d.fits,1116.0,1139.0,3.9967538,True,3.5888096158061105,-30.348305461820463
