file,width,height,offset,chosen
jw06761-o001_t001_miri_f1000w_i2d.fits,1116.0,1139.0,3.9967538,True
jw06761-o001_t001_miri_f2100w_i2d.fits,1116.0,1139.0,3.9967538,True
