file,width,height,offset,chosen
jw06751-o002_t002_miri_f770w_i2d.fits,1066.0,1059.0,21.4596235,True
jw06751-o002_t002_miri_f2100w_i2d.fits,1111.0,1106.0,18.8980662,True
