file,width,height,offset,chosen,CRVAL1,CRVAL2
jw06751-o002_t002_miri_f770w_i2d.fits,1066.0,1059.0,21.4596235,True,334.39614949690315,0.26224780960825234
jw06751-o002_t002_miri_f2100w_i2d.fits,1111.0,1106.0,18.8980662,True,334.3962413565839,0.2623223239394537
