file,width,height,offset,chosen,CRVAL1,CRVAL2
jw04514-o003_t003_nircam_clear-f150w_i2d.fits,9891.0,4391.0,88.0002459,True,9.269148999252819,44.297703074277436
jw04514-o003_t003_nircam_clear-f277w_i2d.fits,4874.0,2114.0,88.0002459,True,9.26932113918715,44.29784053542603
