file,width,height,offset,chosen,CRVAL1,CRVAL2
jw02581-o002_t002_miri_f770w_i2d.fits,1667.0,1062.0,11.262557527098544,True,180.47167676761015,-18.881511412871124
