file,width,height,offset,chosen,CRVAL1,CRVAL2,CRVAL1fix,CRVAL2fix
jw06564-o002_t002_nircam_clear-f277w_i2d.fits,5641,2280,24.400068,False,144.430168694606,2.75949937041411,,
jw06564-o002_t002_nircam_clear-f150w_i2d.fits,11440,4737,24.400068,False,144.43002148195,2.7593895227049,,
jw06564-o002_t002_nircam_clear-f356w_i2d.fits,5642,2280,24.400068,False,144.430164466596,2.759491986782,,
jw06564-o002_t002_nircam_clear-f200w_i2d.fits,11443,4743,24.400068,False,144.430006469324,2.75938551754131,,
jw06564-o002_t002_nircam_clear-f444w_i2d.fits,5640,2280,24.400068,True,144.430160457347,2.75949991781126,,
jw06564-o002_t002_nircam_clear-f090w_i2d.fits,11440,4737,24.400068,True,144.430020839876,2.75938738265743,,
jw06564-o001_t001_miri_f1000w_i2d.fits,1783,2082,55.0794761,False,144.431418582905,2.75530912760162,,
jw06564-o001_t001_miri_f1500w_i2d.fits,1783,2082,55.0794761,False,144.431412882264,2.75530443262012,,
jw06564-o001_t001_miri_f770w_i2d.fits,1783,2082,55.0794761,True,144.431437317293,2.75530598684972,144.431485,2.755302
