file,width,height,offset,chosen,CRVAL1,CRVAL2
jw01267-o003_t002_miri_f770w_i2d.fits,1032.0,1028.0,0.4488829998838355,True,233.74809341001247,23.52644918581355
jw01267-o003_t002_miri_f560w_i2d.fits,1032.0,1028.0,0.4488829998838355,True,233.74809485763308,23.526451264760368
jw01267-o003_t002_miri_f1130w_i2d.fits,1032.0,1028.0,0.4488829998838355,True,233.74811306524845,23.526449654700322
