file,width,height,offset,chosen,CRVAL1,CRVAL2
jw06377-o001_t001_miri_f770w_i2d.fits,1176.0,1222.0,1.1759164,True,123.87170448106319,-38.98066128485021
jw06377-o001_t001_miri_f1000w_i2d.fits,1039.0,1023.0,1.1759164,True,123.87653294078116,-38.980642994041354
jw06377-o001_t001_miri_f1130w_i2d.fits,1038.0,1023.0,1.1759164,True,123.87652499300543,-38.980652595874716
