file,width,height,offset,chosen,CRVAL1,CRVAL2
jw06550-o002_t001_miri_f770w_i2d.fits,1050.0,1029.0,1.175916410129389,True,123.8630761768376,-39.0112832994027
