file,width,height,offset,chosen,CRVAL1,CRVAL2
jw05279-o001_t003_miri_f1500w_i2d.fits,1032.0,1028.0,0.4488829,True,53.189892028547874,-27.800857822725447
