file,width,height,offset,chosen,CRVAL1,CRVAL2
jw05279-o003_t006_miri_f1500w_i2d.fits,1032.0,1028.0,0.4488829,True,53.173650120389105,-27.79137639847324
