file,width,height,offset,chosen,CRVAL1,CRVAL2
jw05279-o004_t007_miri_f1500w_i2d.fits,1032.0,1028.0,0.4488829,True,53.17168866900995,-27.78906945804917
