file,width,height,offset,chosen,CRVAL1,CRVAL2
jw05279-o005_t004_miri_f1500w_i2d.fits,1032.0,1028.0,0.4488829,True,53.18932616402213,-27.795261284771026
