file,width,height,offset,chosen,CRVAL1,CRVAL2
jw05279-o003_t005_miri_f1500w_i2d.fits,1032.0,1028.0,0.4488829,True,53.16686454695378,-27.793811696084532
