file,width,height,offset,chosen
jw04554-o001_t001_nircam_clear-f356w_i2d.fits,2192.0,2184.0,3.100000012100518,True
jw04554-o001_t001_nircam_clear-f277w_i2d.fits,2192.0,2184.0,3.100000012100518,True
jw04554-o001_t001_nircam_clear-f115w_i2d.fits,2263.0,2260.0,3.100007398634963,True
jw04554-o001_t001_nircam_clear-f150w_i2d.fits,2263.0,2259.0,3.100000012100518,True
