file,width,height,offset,chosen,CRVAL1,CRVAL2
jw05842-o001_t001_miri_f770w_i2d.fits,1204.0,1160.0,3.9967538,True,240.21095213472978,-51.71803942258226
jw05842-o001_t001_miri_f1500w_i2d.fits,1205.0,1161.0,3.9967538,True,240.2108956805233,-51.71807048408251
jw05842-o001_t001_miri_f2550w_i2d.fits,1204.0,1160.0,3.9967538,True,240.21092534975566,-51.71804532455925
