file,width,height,offset,chosen
jw05552-o001_t001_nircam_clear-f200w_i2d.fits,11500.0,10091.0,64.099994,True
jw05552-o001_t001_nircam_clear-f212n_i2d.fits,11497.0,10085.0,64.099994,True
jw05552-o001_t001_nircam_clear-f360m_i2d.fits,5648.0,4935.0,64.099994,True
jw05552-o001_t001_nircam_clear-f480m_i2d.fits,5647.0,4935.0,64.099994,True
