file,width,height,offset,chosen,CRVAL1,CRVAL2
jw05552-o001_t001_nircam_clear-f200w_i2d.fits,11500.0,10091.0,64.099994,True,294.2540450522754,7.569374098505702
jw05552-o001_t001_nircam_clear-f212n_i2d.fits,11497.0,10085.0,64.099994,True,294.25405761001866,7.569379622656961
jw05552-o001_t001_nircam_clear-f360m_i2d.fits,5648.0,4935.0,64.099994,True,294.25410527369246,7.569511959061225
jw05552-o001_t001_nircam_clear-f480m_i2d.fits,5647.0,4935.0,64.099994,True,294.254109989687,7.569509598993655
