file,width,height,offset,chosen,CRVAL1,CRVAL2
jw04358-o005_t005_nircam_clear-f140m_i2d.fits,10122.0,5589.0,13.0953739,True,166.20164835219842,-77.40671498070213
jw04358-o005_t005_nircam_clear-f150w_i2d.fits,9902.0,6855.0,13.0953739,True,166.20137921645167,-77.41033479087922
jw04358-o005_t005_nircam_clear-f410m_i2d.fits,4870.0,3348.0,18.6971739,True,166.2024208476879,-77.41036026798969
