file,width,height,offset,chosen,CRVAL1,CRVAL2
jw02221-o002_t001_nircam_clear-f187n_i2d.fits,16375.0,5128.0,99.93578863742168,True,266.5873881686781,-28.589955436538485
jw02221-o002_t001_nircam_clear-f212n_i2d.fits,16375.0,5117.0,351.81108854338294,True,266.5873343385154,-28.589923289738614
jw02221-o002_t001_nircam_f405n-f444w_i2d.fits,8070.0,2445.0,351.81108854338294,True,266.58718261977043,-28.590265939910118
jw02221-o002_t001_miri_f2550w_i2d.fits,2858.0,1058.0,351.81108854338294,True,266.5372581394659,-28.706615353852694
jw02221-o002_t001_nircam_f444w-f466n_i2d.fits,8070.0,2445.0,351.81108854338294,True,266.5871879119388,-28.590266564832124
jw02221-o002_t001_nircam_clear-f410m_i2d.fits,8073.0,2446.0,351.81108854338294,True,266.58717847313676,-28.590266826276025
