file,width,height,offset,chosen
jw02221-o001_t001_nircam_clear-f187n_i2d.fits,11550,4778,431.816337064682,True
jw02221-o001_t001_nircam_clear-f410m_i2d.fits,5683,2328,27.585880003142,True
jw02221-o001_t001_miri_f2550w_i2d.fits,1502,1183,4.52829992041633,False
jw02221-o001_t001_nircam_clear-f182m_i2d.fits,11537,4849,3.30779998120573,True
jw02221-o001_t001_nircam_f444w-f466n_i2d.fits,5691,2334,4.52829992041633,True
jw02221-o001_t001_nircam_f405n-f444w_i2d.fits,5691,2333,4.52829992041633,True
jw02221-o001_t001_nircam_clear-f212n_i2d.fits,11501,4800,24.400071034223,True
