file,width,height,offset,chosen
jw01182-o004_t003_nircam_clear-f200w_i2d.fits,11533.0,8738.0,67.86664874579276,True
jw01182-o004_t003_nircam_clear-f115w_i2d.fits,11529.0,8733.0,67.86664874579276,True
jw01182-o004_t003_nircam_clear-f444w_i2d.fits,5668.0,4263.0,67.86664874579276,True
jw01182-o004_t003_nircam_clear-f356w_i2d.fits,5669.0,4263.0,67.86664874579276,True
