file,width,height,offset,chosen,CRVAL1,CRVAL2
jw01182-o004_t003_nircam_clear-f200w_i2d.fits,11533.0,8738.0,67.86664874579276,True,266.5403315724193,-28.704311427765752
jw01182-o004_t003_nircam_clear-f115w_i2d.fits,11529.0,8733.0,67.86664874579276,True,266.54034539052464,-28.70430404563604
jw01182-o004_t003_nircam_clear-f444w_i2d.fits,5668.0,4263.0,67.86664874579276,True,266.5404713744682,-28.704151383269227
jw01182-o004_t003_nircam_clear-f356w_i2d.fits,5669.0,4263.0,67.86664874579276,True,266.5404775229274,-28.704159790777982
