file,width,height,offset,chosen,CRVAL1,CRVAL2,CRVAL1fix,CRVAL2fix
jw02221-o001_t001_nircam_clear-f187n_i2d.fits,11550,4778,431.816337064682,True,266.535568059519,-28.7131978038094,,
jw02221-o001_t001_nircam_clear-f410m_i2d.fits,5683,2328,27.585880003142,True,266.535645098885,-28.7129984721149,266.53558,-28.71298
jw02221-o001_t001_miri_f2550w_i2d.fits,1502,1183,4.52829992041633,False,266.57061172104,-28.5921973079038,,
jw02221-o001_t001_nircam_clear-f182m_i2d.fits,11537,4849,3.30779998120573,True,266.535568533549,-28.7131988489026,,
jw02221-o001_t001_nircam_f444w-f466n_i2d.fits,5691,2334,4.52829992041633,True,266.535634620273,-28.7130000788443,266.535589,-28.71299
jw02221-o001_t001_nircam_f405n-f444w_i2d.fits,5691,2333,4.52829992041633,True,266.535638621273,-28.7130002757466,266.53559,-28.712987
jw02221-o001_t001_nircam_clear-f212n_i2d.fits,11501,4800,24.400071034223,True,266.535568288019,-28.7131981253283,266.53557,-28.713197
