file,width,height,offset,chosen
jw05893-o021_t019_nircam_clear-f115w_i2d.fits,10749.0,8461.0,324.2937764,True
jw05893-o021_t019_nircam_clear-f200w_i2d.fits,10400.0,8819.0,142.2755209,True
jw05893-o021_t019_miri_f1000w_i2d.fits,4047.0,2947.0,155.1608801,True
jw05893-o021_t019_miri_f2100w_i2d.fits,1213.0,2276.0,312.3026134,True
