file,width,height,offset,chosen
jw01947-o005_t008_miri_f1500w_i2d.fits,1032.0,1028.0,0.4488829998838355,True
jw01947-o005_t008_miri_f770w_i2d.fits,1032.0,1028.0,0.4488829998838355,True
jw01947-o005_t008_miri_f560w_i2d.fits,1032.0,1028.0,0.4488829998838355,True
jw01947-c1007_t008_miri_f560w_i2d.fits,1032.0,1028.0,0.4488829998838355,False
jw01947-c1007_t008_miri_f770w_i2d.fits,1032.0,1028.0,0.4488829998838355,False
jw01947-c1007_t008_miri_f1500w_i2d.fits,1032.0,1028.0,0.4488829998838355,False
