file,width,height,offset,chosen
jw01947-o013_t001_nircam_clear-f356w_i2d.fits,6764.0,6102.0,125.6784039670232,True
jw01947-o013_t001_nircam_f150w2-f162m_i2d.fits,13761.0,12453.0,125.6784039670232,True
jw01947-o013_t001_nircam_clear-f444w_i2d.fits,6763.0,6101.0,125.6784039670232,True
