file,width,height,offset,chosen,CRVAL1,CRVAL2
jw01947-o015_t012_miri_f1280w_i2d.fits,1178.0,1171.0,7.587299700892513,True,350.8279132619996,58.7901995878772
jw01947-o015_t012_miri_f1130w_i2d.fits,1178.0,1171.0,7.587299700892513,True,350.8279260734514,58.790200323781136
jw01947-o015_t012_miri_f1800w_i2d.fits,1178.0,1171.0,7.587299700892513,True,350.8279359027684,58.79020829281395
jw01947-o015_t012_miri_f560w_i2d.fits,1178.0,1171.0,7.587299700892513,True,350.82793501965733,58.79018213758336
jw01947-o015_t012_miri_f1000w_i2d.fits,1178.0,1171.0,7.587299700892513,True,350.8279184278753,58.79019316221918
jw01947-o015_t012_miri_f2550w_i2d.fits,1178.0,1171.0,7.587299700892513,True,350.82791918072223,58.790192167080136
jw01947-o015_t012_miri_f770w_i2d.fits,1178.0,1171.0,7.587299700892513,True,350.82793603510396,58.79018327437162
jw01947-o015_t012_miri_f2100w_i2d.fits,1178.0,1171.0,7.587299700892513,True,350.8279329434444,58.79019022142246
