file,width,height,offset,chosen,CRVAL1,CRVAL2
jw01947-o006_t009_miri_f770w_i2d.fits,1032.0,1028.0,0.4488829998838355,True,350.8402332766394,58.77404288672752
jw01947-o006_t009_miri_f1500w_i2d.fits,1032.0,1028.0,0.4488829998838355,True,350.84017097525424,58.774039398351
jw01947-o006_t009_miri_f560w_i2d.fits,1032.0,1028.0,0.4488829998838355,True,350.8402122076649,58.77404465541216
