file,width,height,offset,chosen,CRVAL1,CRVAL2
jw01947-o013_t001_nircam_clear-f356w_i2d.fits,6764.0,6102.0,125.6784039670232,True,350.8498941853667,58.81506097415944
jw01947-o013_t001_nircam_f150w2-f162m_i2d.fits,13761.0,12453.0,125.6784039670232,True,350.8495563196825,58.81495278623616
jw01947-o013_t001_nircam_clear-f444w_i2d.fits,6763.0,6101.0,125.6784039670232,True,350.8498876504609,58.81506815269952
