file,width,height,offset,chosen,CRVAL1,CRVAL2
jw01947-o017_t014_miri_f1800w_i2d.fits,1178.0,1171.0,7.587299700892513,True,350.8820100001626,58.83564238517943
jw01947-o017_t014_miri_f1280w_i2d.fits,1178.0,1171.0,7.587299700892513,True,350.8819899797538,58.8356333728406
jw01947-o017_t014_miri_f2550w_i2d.fits,1178.0,1171.0,7.587299700892513,True,350.8819956312717,58.835627111846215
jw01947-o017_t014_miri_f1130w_i2d.fits,1178.0,1171.0,7.587299700892513,True,350.882003930937,58.83563402300541
jw01947-o017_t014_miri_f1000w_i2d.fits,1178.0,1171.0,7.587299700892513,True,350.8819880836443,58.8356284123464
jw01947-o017_t014_miri_f770w_i2d.fits,1178.0,1171.0,7.587299700892513,True,350.8820179121773,58.835620896310424
jw01947-o017_t014_miri_f2100w_i2d.fits,1177.0,1171.0,7.587299700892513,True,350.88199372500134,58.83561149925914
jw01947-o017_t014_miri_f560w_i2d.fits,1178.0,1171.0,7.587299700892513,True,350.8820144319184,58.835618240344445
