file,width,height,offset,chosen,CRVAL1,CRVAL2
jw01947-o001_t010_miri_f1800w_i2d.fits,3474.0,3020.0,135.9375818728795,True,350.8467556870204,58.82191313260033
jw01947-o001_t010_miri_f1130w_i2d.fits,3474.0,3020.0,135.9375818728795,True,350.8508936629285,58.82221452450982
jw01947-o001_t010_miri_f2550w_i2d.fits,3473.0,3020.0,133.705150573734,True,350.8422963900389,58.82145796141975
jw01947-o001_t010_miri_f1280w_i2d.fits,3473.0,3020.0,135.8685690166296,True,350.8489493912173,58.82215269822166
jw01947-o001_t010_miri_f1000w_i2d.fits,3474.0,3020.0,134.9722538376248,True,350.8508796163905,58.8222207259293
jw01947-o001_t010_miri_f560w_i2d.fits,3474.0,3020.0,134.9722538376248,True,350.850864136428,58.8222070126217
jw01947-o001_t010_miri_f770w_i2d.fits,3474.0,3020.0,134.9722538376248,True,350.8508611438743,58.82220396463378
jw01947-o001_t010_miri_f2100w_i2d.fits,3474.0,3020.0,133.705150573734,True,350.844506229268,58.82168009790491
