file,width,height,offset,chosen
jw01947-o016_t013_miri_f1280w_i2d.fits,1178.0,1172.0,7.587299700892513,True
jw01947-o016_t013_miri_f2550w_i2d.fits,1178.0,1171.0,7.587299700892513,True
jw01947-o016_t013_miri_f1130w_i2d.fits,1178.0,1171.0,7.587299700892513,True
jw01947-o016_t013_miri_f560w_i2d.fits,1178.0,1171.0,7.587299700892513,True
jw01947-o016_t013_miri_f2100w_i2d.fits,1178.0,1171.0,7.587299700892513,True
jw01947-o016_t013_miri_f1000w_i2d.fits,1178.0,1171.0,7.587299700892513,True
jw01947-o016_t013_miri_f770w_i2d.fits,1178.0,1171.0,7.587299700892513,True
jw01947-o016_t013_miri_f1800w_i2d.fits,1178.0,1171.0,7.587299700892513,True
