file,width,height,offset,chosen
jw01947-o001_t010_miri_f1800w_i2d.fits,3474.0,3020.0,135.9375818728795,True
jw01947-o001_t010_miri_f1130w_i2d.fits,3474.0,3020.0,135.9375818728795,True
jw01947-o001_t010_miri_f2550w_i2d.fits,3473.0,3020.0,133.705150573734,True
jw01947-o001_t010_miri_f1280w_i2d.fits,3473.0,3020.0,135.8685690166296,True
jw01947-o001_t010_miri_f1000w_i2d.fits,3474.0,3020.0,134.9722538376248,True
jw01947-o001_t010_miri_f560w_i2d.fits,3474.0,3020.0,134.9722538376248,True
jw01947-o001_t010_miri_f770w_i2d.fits,3474.0,3020.0,134.9722538376248,True
jw01947-o001_t010_miri_f2100w_i2d.fits,3474.0,3020.0,133.705150573734,True
