file,width,height,offset,chosen
jw01947-c1005_t002_miri_f560w_i2d.fits,1032.0,1028.0,0.4915159998365652,False
jw01947-c1005_t002_miri_f770w_i2d.fits,1032.0,1028.0,0.4915159998365652,False
jw01947-c1005_t002_miri_f1500w_i2d.fits,1032.0,1028.0,0.4915159998365652,False
jw01947-o004_t002_miri_f770w_i2d.fits,1032.0,1028.0,0.4488829998838355,True
jw01947-o004_t002_miri_f1500w_i2d.fits,1032.0,1028.0,0.4488829998838355,True
jw01947-o004_t002_miri_f560w_i2d.fits,1032.0,1028.0,0.4488829998838355,True
