file,width,height,offset,chosen,CRVAL1,CRVAL2
jw01947-o003_t011_miri_f1130w_i2d.fits,1032.0,1028.0,0.5240270001498288,True,350.8436430412067,58.8323836919059
jw01947-o003_t011_miri_f1500w_i2d.fits,1032.0,1028.0,0.4487749998285153,True,350.8436231152985,58.83239802018869
