file,width,height,offset,chosen,CRVAL1,CRVAL2
jw01947-o005_t008_miri_f1500w_i2d.fits,1032.0,1028.0,0.4488829998838355,True,350.82202701117103,58.795844763033514
jw01947-o005_t008_miri_f770w_i2d.fits,1032.0,1028.0,0.4488829998838355,True,350.8220720166761,58.79584856621985
jw01947-o005_t008_miri_f560w_i2d.fits,1032.0,1028.0,0.4488829998838355,True,350.8220728217668,58.795848305855294
jw01947-c1007_t008_miri_f560w_i2d.fits,1032.0,1028.0,0.4488829998838355,False,350.8220711923427,58.79584767806202
jw01947-c1007_t008_miri_f770w_i2d.fits,1032.0,1028.0,0.4488829998838355,False,350.8220731673844,58.7958508617348
jw01947-c1007_t008_miri_f1500w_i2d.fits,1032.0,1028.0,0.4488829998838355,False,350.8220266768799,58.79584469913032
