file,width,height,offset,chosen,CRVAL1,CRVAL2
jw01947-c1005_t002_miri_f560w_i2d.fits,1032.0,1028.0,0.4915159998365652,False,350.8367043786473,58.82584975218604
jw01947-c1005_t002_miri_f770w_i2d.fits,1032.0,1028.0,0.4915159998365652,False,350.836708446991,58.82585048563253
jw01947-c1005_t002_miri_f1500w_i2d.fits,1032.0,1028.0,0.4915159998365652,False,350.8366619834929,58.82584466805912
jw01947-o004_t002_miri_f770w_i2d.fits,1032.0,1028.0,0.4488829998838355,True,350.8367054487169,58.825851087915915
jw01947-o004_t002_miri_f1500w_i2d.fits,1032.0,1028.0,0.4488829998838355,True,350.83664964321036,58.82584527733643
jw01947-o004_t002_miri_f560w_i2d.fits,1032.0,1028.0,0.4488829998838355,True,350.8366987314068,58.825850861324405
