file,width,height,offset,chosen,CRVAL1,CRVAL2
jw01947-o016_t013_miri_f1280w_i2d.fits,1178.0,1172.0,7.587299700892513,True,350.87806884976044,58.805454769111094
jw01947-o016_t013_miri_f2550w_i2d.fits,1178.0,1171.0,7.587299700892513,True,350.8780828824296,58.80544929295793
jw01947-o016_t013_miri_f1130w_i2d.fits,1178.0,1171.0,7.587299700892513,True,350.878092809518,58.80545838172555
jw01947-o016_t013_miri_f560w_i2d.fits,1178.0,1171.0,7.587299700892513,True,350.87810117322636,58.80544130152622
jw01947-o016_t013_miri_f2100w_i2d.fits,1178.0,1171.0,7.587299700892513,True,350.87810181662456,58.80544921096155
jw01947-o016_t013_miri_f1000w_i2d.fits,1178.0,1171.0,7.587299700892513,True,350.8780738398855,58.80545164796453
jw01947-o016_t013_miri_f770w_i2d.fits,1178.0,1171.0,7.587299700892513,True,350.87812590210615,58.8054428393855
jw01947-o016_t013_miri_f1800w_i2d.fits,1178.0,1171.0,7.587299700892513,True,350.8780977216985,58.80546445342242
