file,width,height,offset,chosen
jw01947-o003_t011_miri_f1130w_i2d.fits,1032.0,1028.0,0.5240270001498288,True
jw01947-o003_t011_miri_f1500w_i2d.fits,1032.0,1028.0,0.4487749998285153,True
