file,width,height,offset,chosen,CRVAL1,CRVAL2,CRVAL1fix,CRVAL2fix
jw04290-o017_t009_nircam_clear-f300m_i2d.fits,2079,2072,7.58730138386391,True,74.9545527066104,52.0747394044835,74.95455,52.074736
jw04290-o017_t009_nircam_clear-f115w_i2d.fits,4343,4325,7.58730138386391,True,74.9544612023954,52.0745097257927,,
jw04290-o017_t009_nircam_clear-f460m_i2d.fits,2079,2071,7.58730138386391,True,74.9545606261501,52.0747351961688,74.95456,52.07474
jw04290-o017_t009_nircam_clear-f200w_i2d.fits,4346,4325,20.0000530454902,True,74.9544875348512,52.07450621805,74.95449,52.07451
jw04290-o018_t009_miri_f1280w-brightsky_i2d.fits,661,664,20.0000530454902,True,74.9602921041239,52.078941909211,74.96038,52.07897
jw04290-o018_t009_miri_f770w-brightsky_i2d.fits,661,664,20.0000530454902,True,74.9603265609637,52.0789434574719,74.9604,52.078975
jw04290-o018_t009_miri_f2100w-brightsky_i2d.fits,661,664,20.0000530454902,False,74.9603136246507,52.0789431894645,74.96037,52.07896
