file,width,height,offset,chosen,CRVAL1,CRVAL2
jw01269-o002_t001_miri_f560w_i2d.fits,1033.0,1052.0,1.7603188129744467,True,201.3987944557459,-43.02245041139595
jw01269-o002_t001_miri_f1130w_i2d.fits,1033.0,1052.0,1.7603188129744467,True,201.39879466108937,-43.022468387014825
jw01269-o002_t001_miri_f770w_i2d.fits,1033.0,1052.0,1.7603188129744467,True,201.39878960709328,-43.02245012166501
