file,width,height,offset,chosen,CRVAL1,CRVAL2,CRVAL1fix,CRVAL2fix
jw01269-o002_t001_miri_f560w_i2d.fits,1033,1052,1.76031881297445,True,201.398794455746,-43.022450411396,,
jw01269-o002_t001_miri_f1130w_i2d.fits,1033,1052,1.76031881297445,True,201.398794661089,-43.0224683870148,201.39878,-43.0224683870148
jw01269-o002_t001_miri_f770w_i2d.fits,1033,1052,1.76031881297445,True,201.398789607093,-43.022450121665,,
