file,width,height,offset,chosen,CRVAL1,CRVAL2
jw01269-o003_t002_miri_f1130w_i2d.fits,1032.0,1028.0,0.4488829998838355,True,201.54123481670388,-43.0158238189718
jw01269-o003_t002_miri_f560w_i2d.fits,1032.0,1028.0,0.4488829998838355,True,201.54123424005994,-43.01580660491454
jw01269-o003_t002_miri_f770w_i2d.fits,1032.0,1028.0,0.4488829998838355,True,201.54123045322098,-43.015806194434276
