file,width,height,offset,chosen,CRVAL1,CRVAL2
jw04783-o007_t007_nircam_clear-f090w_i2d.fits,9881.0,4378.0,88.1002471,True,6.526381298164869,-11.036657126047038
jw04783-o007_t007_nircam_clear-f115w_i2d.fits,9881.0,4379.0,88.1002471,True,6.526381217040922,-11.03665701099965
jw04783-o007_t007_nircam_clear-f150w_i2d.fits,9881.0,4379.0,88.1002471,True,6.526381487907455,-11.036656477433185
jw04783-o007_t007_nircam_clear-f277w_i2d.fits,4869.0,2109.0,88.1002471,True,6.526318273507088,-11.036452416623629
jw04783-o007_t007_nircam_clear-f356w_i2d.fits,4869.0,2109.0,88.1002471,True,6.526324010690049,-11.036456139125544
jw04783-o007_t007_nircam_clear-f444w_i2d.fits,4868.0,2108.0,88.1002471,True,6.526316535169421,-11.036456122480402
