file,width,height,offset,chosen
jw04225-o001_t001_miri_f770w_i2d.fits,1032.0,1028.0,0.4488829,True
jw04225-o001_t001_miri_f1000w_i2d.fits,1032.0,1028.0,0.4488829,True
jw04225-o001_t001_miri_f1130w_i2d.fits,1032.0,1028.0,0.4488829,True
