file,width,height,offset,chosen,CRVAL1,CRVAL2
jw04225-o001_t001_miri_f770w_i2d.fits,1032.0,1028.0,0.4488829,True,213.25455396895876,-65.35865247389484
jw04225-o001_t001_miri_f1000w_i2d.fits,1032.0,1028.0,0.4488829,True,213.25451050487248,-65.35865598390288
jw04225-o001_t001_miri_f1130w_i2d.fits,1032.0,1028.0,0.4488829,True,213.25450855837852,-65.35864671418894
