file,width,height,offset,chosen,CRVAL1,CRVAL2
jw01905-o002_t001_miri_f1000w_i2d.fits,2277.0,2901.0,107.7356645756684,True,251.76799453095262,-45.84602714766459
jw01905-o002_t001_miri_f1130w_i2d.fits,2277.0,2901.0,107.7356645756684,True,251.7679891866425,-45.846035189577655
jw01905-o002_t001_miri_f770w_i2d.fits,2277.0,2901.0,107.7356645756684,True,251.7679666879032,-45.84602458691578
