file,width,height,offset,chosen,CRVAL1,CRVAL2
jw03523-o005_t001_nircam_f150w2-f162m_i2d.fits,9879.0,4371.0,0.0,True,155.95794948723756,-57.759659739383615
jw03523-o005_t001_nircam_clear-f182m_i2d.fits,9881.0,4372.0,0.0,True,155.95794809393715,-57.75965964487291
jw03523-o005_t001_nircam_clear-f335m_i2d.fits,4868.0,2108.0,0.0,True,155.95830257773727,-57.75963090820383
jw03523-o005_t001_nircam_clear-f410m_i2d.fits,4869.0,2108.0,0.0,True,155.9583054219226,-57.75963280675476
