file,width,height,offset,chosen,CRVAL1,CRVAL2
jw01905-o004_t002_miri_f770w_i2d.fits,1066.0,1059.0,5.570238289643435,True,251.928652895729,-46.06845625869402
jw01905-o004_t002_miri_f1000w_i2d.fits,1066.0,1059.0,5.570238289643435,True,251.92862590440475,-46.06845557786245
jw01905-o004_t002_miri_f1130w_i2d.fits,1066.0,1059.0,5.570238289643435,True,251.9286302056831,-46.068447163704846
jw01905-o003_t002_nircam_clear-f277w_i2d.fits,5103.0,2343.0,3.750010526117367,True,251.93046196778954,-46.064373479848236
jw01905-o003_t002_nircam_clear-f115w_i2d.fits,10359.0,4844.0,3.750010526117367,True,251.93033471029486,-46.06454659691209
