file,width,height,offset,chosen
jw01905-o004_t002_miri_f770w_i2d.fits,1066.0,1059.0,5.570238289643435,True
jw01905-o004_t002_miri_f1000w_i2d.fits,1066.0,1059.0,5.570238289643435,True
jw01905-o004_t002_miri_f1130w_i2d.fits,1066.0,1059.0,5.570238289643435,True
jw01905-o003_t002_nircam_clear-f277w_i2d.fits,5103.0,2343.0,3.750010526117367,True
jw01905-o003_t002_nircam_clear-f115w_i2d.fits,10359.0,4844.0,3.750010526117367,True
