file,width,height,offset,chosen,CRVAL1,CRVAL2
jw03523-o002_t002_miri_f770w_i2d.fits,2277.0,2902.0,107.7356645756684,True,156.01847724947993,-57.762706123462436
jw03523-o002_t002_miri_f1130w_i2d.fits,2277.0,2902.0,107.7356645756684,True,156.01846007104072,-57.7627228595877
jw03523-o002_t002_miri_f1000w_i2d.fits,2277.0,2902.0,107.7356645756684,True,156.01847584148305,-57.76272578022022
