file,width,height,offset,chosen,CRVAL1,CRVAL2
jw02092-o006_t002_miri_f770w_i2d.fits,1625.0,1980.0,56.63841907524555,True,266.4659062166818,-28.47883068964143
jw02092-o006_t002_miri_f2100w_i2d.fits,1670.0,2027.0,59.20883295464917,True,266.4660231674816,-28.478747884763017
