file,width,height,offset,chosen,CRVAL1,CRVAL2
jw02092-o008_t001_miri_f770w_i2d.fits,1066.0,1059.0,124.61141322776564,True,266.690480639292,-28.478283372818726
jw02092-o008_t001_miri_f2100w_i2d.fits,1111.0,1106.0,127.16070048525606,True,266.6905649863289,-28.478222337665013
