file,width,height,offset,chosen,CRVAL1,CRVAL2
jw02092-o005_t002_nircam_f150w2-f162m_i2d.fits,11463.0,4585.0,24.600071019279408,True,266.4658440806106,-28.484149735702644
jw02092-o005_t002_nircam_clear-f360m_i2d.fits,5654.0,2204.0,24.600071019279408,True,266.4657299185135,-28.484301782997633
jw02092-o005_t002_nircam_clear-f210m_i2d.fits,11459.0,4589.0,24.600071019279408,True,266.4658623635854,-28.48416632356925
jw02092-o005_t002_nircam_clear-f480m_i2d.fits,5653.0,2205.0,24.600071019279408,True,266.4657263493711,-28.484300317164493
