file,width,height,offset,chosen,CRVAL1,CRVAL2,CRVAL1fix,CRVAL2fix
jw02092-o004_t001_miri_f770w_i2d.fits,3292,2908,120.585287172683,True,266.685529691288,-28.5121298771287,266.68547,-28.51223
jw02092-o004_t001_miri_f2100w_i2d.fits,3337,2955,118.036002020045,True,266.685614925901,-28.5120692780756,266.6856,-28.51214
jw02092-o002_t001_nircam_f150w2-f162m_i2d.fits,11553,8374,62.1892156993785,True,266.685833058326,-28.5174768325748,,
jw02092-o002_t001_nircam_clear-f360m_i2d.fits,5680,4082,62.1892156993785,True,266.685674886025,-28.5175838738157,266.68573,-28.51766
jw02092-o002_t001_nircam_clear-f480m_i2d.fits,5680,4085,62.1892156993785,True,266.685693695131,-28.5175913814469,266.6857,-28.51764
jw02092-o002_t001_nircam_clear-f210m_i2d.fits,11551,8379,62.1892156993785,True,266.685870833244,-28.5174791293008,266.68585,-28.51751
