file,width,height,offset,chosen,CRVAL1,CRVAL2
jw06556-o001_t001_nircam_clear-f356w_i2d.fits,5642.0,2280.0,24.2000705,True,163.06901422996359,30.06056103890297
jw06556-o001_t001_nircam_clear-f090w_i2d.fits,11440.0,4739.0,24.2000705,True,163.06881707616776,30.060460138575635
jw06556-o001_t001_nircam_clear-f150w_i2d.fits,11439.0,4739.0,24.2000705,True,163.06882032037478,30.060461606136165
jw06556-o001_t001_nircam_clear-f200w_i2d.fits,11443.0,4745.0,24.2000705,True,163.0688001583027,30.060459252054166
jw06556-o001_t001_nircam_clear-f277w_i2d.fits,5641.0,2280.0,24.2000705,True,163.06901562579375,30.060566884642807
jw06556-o001_t001_nircam_clear-f444w_i2d.fits,5641.0,2280.0,24.2000705,True,163.06901003959055,30.060565697395067
