file,width,height,offset,chosen,CRVAL1,CRVAL2
jw06556-o001_t001_nircam_clear-f356w_i2d.fits,5642,2280,24.2000705,True,163.069014229964,30.060561038903
jw06556-o001_t001_nircam_clear-f090w_i2d.fits,11440,4739,24.2000705,True,163.068817076168,30.0604601385756
jw06556-o001_t001_nircam_clear-f150w_i2d.fits,11439,4739,24.2000705,True,163.068820320375,30.0604616061362
jw06556-o001_t001_nircam_clear-f200w_i2d.fits,11443,4745,24.2000705,True,163.068800158303,30.0604592520542
jw06556-o001_t001_nircam_clear-f277w_i2d.fits,5641,2280,24.2000705,True,163.069015625794,30.0605668846428
jw06556-o001_t001_nircam_clear-f444w_i2d.fits,5641,2280,24.2000705,True,163.069010039591,30.0605656973951
jw06556-o002_t001_miri_f770w_i2d.fits,1782,1878,43.7693115,True,163.064955,30.05558
jw06556-o002_t001_miri_f1500w_i2d.fits,1782,1878,43.7693115,False,163.06497,30.055595
jw06556-o002_t001_miri_f1000w_i2d.fits,1782,1878,43.7693115,True,163.06496,30.05561
