file,width,height,offset,chosen,CRVAL1,CRVAL2
jw06556-o002_t001_miri_f770w_i2d.fits,1782.0,1878.0,43.7693115,True,163.0649148082952,30.055608501440787
jw06556-o002_t001_miri_f1500w_i2d.fits,1782.0,1878.0,43.7693115,True,163.06488712600006,30.055613041851764
jw06556-o002_t001_miri_f1000w_i2d.fits,1782.0,1878.0,43.7693115,True,163.064894941724,30.05561637290361
