file,width,height,offset,chosen,CRVAL1,CRVAL2
jw06585-o012_t001_nircam_clear-f277w_i2d.fits,4869.0,2109.0,0.0,True,150.10929061806908,2.3619088335612446
jw06585-o012_t001_nircam_clear-f150w_i2d.fits,9881.0,4379.0,0.0,True,150.10914880794883,2.3617973423531953
jw06585-o012_t001_nircam_clear-f115w_i2d.fits,9881.0,4379.0,0.0,True,150.10914835598592,2.3617983605706123
jw06585-o012_t001_nircam_clear-f444w_i2d.fits,4868.0,2109.0,0.0,True,150.109286163488,2.361908035649516
