file,width,height,offset,chosen,CRVAL1,CRVAL2
jw01714-o006_t005_nircam_f150w2-f162m_i2d.fits,13763.0,12459.0,125.6784039670232,True,83.63609501804862,22.01684223860101
jw01714-o006_t005_nircam_clear-f480m_i2d.fits,6766.0,6104.0,125.6784039670232,True,83.63596891550964,22.016639867199984
