file,width,height,offset,chosen,CRVAL1,CRVAL2
jw01714-c1002_t001_miri_f2100w_i2d.fits,2990.0,3017.0,108.3200866141727,True,83.635138415811,22.01126281026745
jw01714-c1002_t001_miri_f1130w_i2d.fits,2990.0,3017.0,92.39247982263804,True,83.63512787834863,22.01126806224925
jw01714-c1002_t001_miri_f1800w_i2d.fits,2990.0,3017.0,108.8430891812657,False,83.63512387526022,22.01127569782296
jw01714-c1002_t001_miri_f560w_i2d.fits,2990.0,3017.0,108.8430891812657,False,83.6351446827859,22.01126048902195
jw01714-o001_t001_miri_f1130w_i2d.fits,2990.0,3017.0,108.84308918126564,False,83.63512787837372,22.011268062228716
jw01714-o001_t001_miri_f560w_i2d.fits,2990.0,3017.0,108.84308918126564,True,83.63514468283418,22.01126048891288
jw01714-o001_t001_miri_f2100w_i2d.fits,2990.0,3017.0,108.84308918126564,False,83.63513841587714,22.011262810272292
jw01714-o001_t001_miri_f1800w_i2d.fits,2990.0,3017.0,108.84308918126564,True,83.6351238753563,22.01127569780564
