file,width,height,offset,chosen,CRVAL1,CRVAL2
jw01714-o004_t002_miri_f2550w_i2d.fits,1032.0,1028.0,0.4488829998838355,True,83.60720127833069,21.988337382635855
jw01714-o004_t002_miri_f1500w_i2d.fits,1032.0,1028.0,0.4488829998838355,True,83.60719500454422,21.988331144133138
jw01714-o004_t002_miri_f770w_i2d.fits,1032.0,1028.0,0.4488829998838355,True,83.60721919443249,21.988341171838172
