file,width,height,offset,chosen,CRVAL1,CRVAL2
jw01714-o005_t003_miri_f2550w_i2d.fits,1032.0,1028.0,0.4488829998838355,True,83.62723628850041,21.974272091975077
jw01714-o005_t003_miri_f1500w_i2d.fits,1032.0,1028.0,0.4488829998838355,True,83.62722996945439,21.974265850926148
jw01714-o005_t003_miri_f770w_i2d.fits,1032.0,1028.0,0.4488829998838355,True,83.62725422468932,21.974275898724848
