file,width,height,offset,chosen
jw01714-o004_t002_miri_f2550w_i2d.fits,1032.0,1028.0,0.4488829998838355,True
jw01714-o004_t002_miri_f1500w_i2d.fits,1032.0,1028.0,0.4488829998838355,True
jw01714-o004_t002_miri_f770w_i2d.fits,1032.0,1028.0,0.4488829998838355,True
