file,width,height,offset,chosen
jw01714-o006_t005_nircam_f150w2-f162m_i2d.fits,13763.0,12459.0,125.6784039670232,True
jw01714-o006_t005_nircam_clear-f480m_i2d.fits,6766.0,6104.0,125.6784039670232,True
