file,width,height,offset,chosen,CRVAL1,CRVAL2
jw05637-o005_t001_nircam_clear-f150w-sub640_i2d.fits,1643.0,1639.0,3.0999999,True,68.91369661231393,-25.13330065369485
jw05637-o005_t001_nircam_clear-f200w-sub640_i2d.fits,1643.0,1639.0,3.0999999,True,68.91367793833842,-25.133296727822607
jw05637-o005_t001_nircam_clear-f335m-sub640_i2d.fits,740.0,745.0,3.0999999,True,68.91368653658786,-25.133351217318182
jw05637-o005_t001_nircam_clear-f430m-sub640_i2d.fits,740.0,745.0,3.0999999,True,68.91368095220201,-25.13334447869794
