file,width,height,offset,chosen,CRVAL1,CRVAL2
jw05637-o002_t001_nircam_clear-f150w_i2d.fits,4727.0,4710.0,8.8200246,True,68.91153662376429,-25.132425619754173
jw05637-o002_t001_nircam_clear-f200w_i2d.fits,4727.0,4709.0,8.8200246,True,68.91153021202875,-25.132410237850454
jw05637-o002_t001_nircam_clear-f335m_i2d.fits,2266.0,2258.0,8.8200246,True,68.91127326961521,-25.132346543622184
jw05637-o002_t001_nircam_clear-f430m_i2d.fits,2266.0,2258.0,8.8200246,True,68.9112760409834,-25.132338244668166
