file,width,height,offset,chosen,CRVAL1,CRVAL2,CRVAL1fix,CRVAL2fix
jw04290-o025_t013_nircam_clear-f460m_i2d.fits,2079,2071,7.5873013,True,247.066366495115,-24.5228655114525,247.06636,-24.52287
jw04290-o025_t013_nircam_clear-f300m_i2d.fits,2079,2072,7.5873013,True,247.066365995176,-24.5228671252222,247.06636,-24.522875
jw04290-o025_t013_nircam_clear-f200w_i2d.fits,4346,4324,30.0000759,True,247.06647020844,-24.5226527824591,247.066467,-24.522654
jw04290-o025_t013_nircam_clear-f115w_i2d.fits,4346,4324,30.0000759,True,247.066488575514,-24.5226461122801,,
jw04290-o026_t013_miri_f770w-brightsky_i2d.fits,661,664,30.0000759,True,247.057905844316,-24.52818196456,247.05784,-24.52821
jw04290-o026_t013_miri_f2100w-brightsky_i2d.fits,661,664,30.0000759,True,247.057914501919,-24.5281835016614,247.05786,-24.5282
