file,width,height,offset,chosen,CRVAL1,CRVAL2
jw03571-o005_t005_miri_f560w_i2d.fits,1069.0,1089.0,5.5702382,True,266.43178674675045,-29.033341336305387
jw03571-o005_t005_miri_f770w_i2d.fits,1069.0,1089.0,8.1406516,True,266.43178867797207,-29.033338548825988
jw03571-o005_t005_miri_f1000w_i2d.fits,1069.0,1089.0,8.1406516,True,266.43176550636946,-29.033341072070492
jw03571-o005_t005_miri_f1280w_i2d.fits,1114.0,1136.0,5.5702382,True,266.43171694636555,-29.03337053354421
jw03571-o005_t005_miri_f1500w_i2d.fits,1114.0,1136.0,5.5702382,True,266.4317214944358,-29.033384586900628
