file,width,height,offset,chosen
jw03571-o001_t001_miri_f560w_i2d.fits,1069.0,1089.0,70.6148334,True
jw03571-o001_t001_miri_f770w_i2d.fits,1069.0,1089.0,68.0655479,True
jw03571-o001_t001_miri_f1000w_i2d.fits,1069.0,1089.0,68.0655479,True
jw03571-o001_t001_miri_f1280w_i2d.fits,1114.0,1136.0,68.0655479,True
jw03571-o001_t001_miri_f1500w_i2d.fits,1114.0,1136.0,70.6148334,True
