file,width,height,offset,chosen,CRVAL1,CRVAL2
jw03571-o003_t003_miri_f560w_i2d.fits,1069.0,1089.0,5.5702382,True,266.4001448548168,-29.012128629282376
jw03571-o003_t003_miri_f770w_i2d.fits,1069.0,1089.0,8.1406516,True,266.4001448135381,-29.012125850532733
jw03571-o003_t003_miri_f1000w_i2d.fits,1069.0,1089.0,5.5702382,True,266.40012273363004,-29.012130214815194
jw03571-o003_t003_miri_f1280w_i2d.fits,1114.0,1136.0,8.1406516,True,266.40007927079347,-29.01216204542981
jw03571-o003_t003_miri_f1500w_i2d.fits,1114.0,1136.0,5.5702382,True,266.40007585129837,-29.012170998939755
