file,width,height,offset,chosen,CRVAL1,CRVAL2
jw03571-o001_t001_miri_f560w_i2d.fits,1069.0,1089.0,70.6148334,True,266.43623604415177,-28.986199576389023
jw03571-o001_t001_miri_f770w_i2d.fits,1069.0,1089.0,68.0655479,True,266.4362340570913,-28.986201735242705
jw03571-o001_t001_miri_f1000w_i2d.fits,1069.0,1089.0,68.0655479,True,266.4362574555654,-28.986201288737867
jw03571-o001_t001_miri_f1280w_i2d.fits,1114.0,1136.0,68.0655479,True,266.4363458932703,-28.986133191010563
jw03571-o001_t001_miri_f1500w_i2d.fits,1114.0,1136.0,70.6148334,True,266.4363470847445,-28.986124326912037
