file,width,height,offset,chosen,CRVAL1,CRVAL2
jw06553-o001_t001_miri_f1500w_i2d.fits,2984.0,2090.0,101.29652138360902,True,94.1051346666953,-21.377180841173843
jw06553-o001_t001_miri_f770w_i2d.fits,2984.0,2090.0,101.29652138360902,True,94.10514507321457,-21.377158361320507
jw06553-o001_t001_miri_f1130w_i2d.fits,2984.0,2090.0,101.29652138360902,True,94.10512754937466,-21.377166200556488
