file,width,height,offset,chosen,CRVAL1,CRVAL2
jw01073-o004_t003_nircam_clear-f277w_i2d.fits,4861.0,2104.0,0.2262006462460535,False,280.6124690951755,-8.407762484510936
jw01073-o005_t003_nircam_clear-f277w_i2d.fits,4861.0,2105.0,0.1509004312904095,True,280.6124796568096,-8.407741330606727
jw01073-o004_t003_nircam_clear-f150w_i2d.fits,9982.0,4358.0,0.3219009194574065,True,280.6124699716851,-8.407537951535607
jw01073-o005_t003_nircam_clear-f115w_i2d.fits,9898.0,4307.0,3.100000062136154,True,280.6124822764341,-8.407517493099414
jw01073-o006_t003_nircam_clear-f277w_i2d.fits,4870.0,2110.0,5.5024350110312003e-11,False,280.6124896889405,-8.407721010862598
jw01073-o006_t003_nircam_clear-f070w_i2d.fits,10041.0,4381.0,0.2262006462460535,True,280.6124936636307,-8.407496089879254
jw01073-o007_t003_nircam_clear-f277w_i2d.fits,4959.0,2202.0,0.3218000010817989,False,280.6124698818954,-8.407739197123757
jw01073-o007_t003_nircam_clear-f150w_i2d.fits,10227.0,4595.0,3.265900071028857,False,280.6124721119203,-8.407514025976582
jw01073-o007_t003_nircam_clear-f115w_i2d.fits,10048.0,4534.0,3.100008941320119,False,280.6124724661058,-8.4075140034802
