file,width,height,offset,chosen,CRVAL1,CRVAL2
jw01939-o004_t001_nircam_clear-f212n_i2d.fits,10081.0,4578.0,67.10017850997203,True,266.41278284479324,-29.027976748327497
jw01939-o004_t001_nircam_f405n-f444w_i2d.fits,4966.0,2207.0,67.10017850997203,True,266.41281353879947,-29.027772786477588
