file,width,height,offset,chosen,CRVAL1,CRVAL2
jw01939-o003_t001_nircam_clear-f212n_i2d.fits,10076.0,4584.0,67.10017850997203,True,266.4228786985878,-28.98840716127453
jw01939-o003_t001_nircam_f405n-f444w_i2d.fits,4965.0,2207.0,67.10017850997203,True,266.42276975118904,-28.988554847084423
