file,width,height,offset,chosen
jw01939-o001_t001_nircam_clear-f115w_i2d.fits,10081.0,4578.0,67.10017852674414,True
jw01939-o001_t001_nircam_f322w2-f323n_i2d.fits,4967.0,2207.0,67.10017852674414,True
jw01939-o001_t001_nircam_clear-f212n_i2d.fits,10078.0,4583.0,67.10017852674414,True
jw01939-o001_t001_nircam_f405n-f444w_i2d.fits,4967.0,2207.0,67.10017852674414,True
