file,width,height,offset,chosen
jw01939-o003_t001_nircam_clear-f212n_i2d.fits,10076.0,4584.0,67.10017850997203,True
jw01939-o003_t001_nircam_f405n-f444w_i2d.fits,4965.0,2207.0,67.10017850997203,True
