file,width,height,offset,chosen,CRVAL1,CRVAL2
jw01939-o001_t001_nircam_clear-f115w_i2d.fits,10081.0,4578.0,67.10017852674414,True,266.41089679116095,-29.02732561574182
jw01939-o001_t001_nircam_f322w2-f323n_i2d.fits,4967.0,2207.0,67.10017852674414,True,266.4110269577375,-29.027180392318424
jw01939-o001_t001_nircam_clear-f212n_i2d.fits,10078.0,4583.0,67.10017852674414,True,266.41087266612004,-29.02730992768232
jw01939-o001_t001_nircam_f405n-f444w_i2d.fits,4967.0,2207.0,67.10017852674414,True,266.4110273464008,-29.02717528836119
