file,width,height,offset,chosen,CRVAL1,CRVAL2,CRVAL1fix,CRVAL2fix
jw01939-o001_t001_nircam_clear-f115w_i2d.fits,10081,4578,67.1001785267441,True,266.410896791161,-29.0273256157418,,
jw01939-o001_t001_nircam_f322w2-f323n_i2d.fits,4967,2207,67.1001785267441,True,266.411026957737,-29.0271803923184,266.411017,-29.02719
jw01939-o001_t001_nircam_clear-f212n_i2d.fits,10078,4583,67.1001785267441,True,266.41087266612,-29.0273099276823,266.410873,-29.027306
jw01939-o001_t001_nircam_f405n-f444w_i2d.fits,4967,2207,67.1001785267441,True,266.411027346401,-29.0271752883612,266.41102,-29.027185
jw01939-o003_t001_nircam_clear-f212n_i2d.fits,10076,4584,67.100178509972,True,,,266.41998,-28.99179
jw01939-o003_t001_nircam_f405n-f444w_i2d.fits,4965,2207,67.100178509972,True,,,266.419838,-28.99192
