file,width,height,offset,chosen
jw04530-o005_t001_miri_f560w_i2d.fits,1111.0,1149.0,4.4673944,True
jw04530-o005_t001_miri_f770w_i2d.fits,1113.0,1147.0,4.4673944,True
