file,width,height,offset,chosen,CRVAL1,CRVAL2
jw04530-o001_t001_miri_f560w_i2d.fits,1050.0,1029.0,1.0971893,True,3.617688968402496,-30.450412891375414
jw04530-o001_t001_miri_f770w_i2d.fits,1050.0,1032.0,1.0971893,True,3.6176897121645966,-30.45040830725123
jw04530-o001_t001_miri_f1000w_i2d.fits,1050.0,1032.0,4.4673944,True,3.617675349468273,-30.45042237488323
jw04530-o002_t001_miri_f560w_i2d.fits,1057.0,1101.0,1.1759164,False,3.6212022463930804,-30.43052689257802
