file,width,height,offset,chosen,CRVAL1,CRVAL2
jw01293-o001_t001_miri_f560w_i2d.fits,1076.0,1059.0,2.328895587296074,True,87.9263138632809,2.7890692245146576
jw01293-o001_t001_miri_f770w_i2d.fits,1076.0,1059.0,2.328895587296074,True,87.92631576078873,2.78907139885335
jw01293-o001_t001_miri_f1130w_i2d.fits,1076.0,1059.0,2.328895587296074,True,87.92629828215296,2.7890773284376036
