file,width,height,offset,chosen,CRVAL1,CRVAL2,CRVAL1fix,CRVAL2fix
jw04290-o023_t012_nircam_clear-f115w-sub400p_i2d.fits,407,409,7.86322513596935,True,314.276375850818,77.6155675731025,,
jw04290-o023_t012_nircam_clear-f200w-sub400p_i2d.fits,407,409,7.08258719294425E-11,True,314.276452610768,77.6155738435483,314.2764,77.615573
jw04290-o023_t012_nircam_clear-f300m-sub400p_i2d.fits,404,406,7.08258719294425E-11,True,314.265397138798,77.6141899802369,314.26533,77.614195
jw04290-o023_t012_nircam_clear-f460m-sub400p_i2d.fits,404,406,7.08258719294425E-11,True,314.265399715993,77.6141889618796,314.26535,77.614188
jw04290-o024_t012_miri_f770w-sub256_i2d.fits,428,354,7.08258719294425E-11,False,314.280717074739,77.6160680823923,314.28087,77.616085
jw04290-o024_t012_miri_f1280w-sub256_i2d.fits,428,354,7.86322513596935,False,314.280626095779,77.6160712655425,314.2809,77.61607
