file,width,height,offset,chosen,CRVAL1,CRVAL2,CRVAL1fix,CRVAL2fix
jw02562-o015_t003_nircam_clear-f200w_i2d.fits,4347,4325,9.9248562204307E-11,True,67.9141725273092,18.2168529964245,,
jw02562-o015_t003_nircam_clear-f444w_i2d.fits,2079,2072,9.9248562204307E-11,True,67.9141800035115,18.2166141197772,,
jw02562-o016_t004_miri_f770w-brightsky_i2d.fits,662,664,14.2526747478436,False,67.9046050751937,18.205699689552,67.90457,18.20566
jw02562-o016_t004_miri_f1280w-brightsky_i2d.fits,662,664,14.2526747478436,True,67.9046336886573,18.2057052074064,67.9046,18.205665
jw02562-o016_t004_miri_f2100w-brightsky_i2d.fits,662,664,14.2526747478436,False,67.9046124814429,18.2056988793284,67.90458,18.20569
