file,width,height,offset,chosen,CRVAL1,CRVAL2
jw02562-o015_t003_nircam_clear-f200w_i2d.fits,4347.0,4325.0,9.9248562204307e-11,True,67.9141725273092,18.216852996424482
jw02562-o015_t003_nircam_clear-f444w_i2d.fits,2079.0,2072.0,9.9248562204307e-11,True,67.91418000351152,18.216614119777233
