file,width,height,offset,chosen,CRVAL1,CRVAL2
jw02562-o016_t004_miri_f770w-brightsky_i2d.fits,662.0,664.0,14.252674747843576,True,67.90460507519364,18.205699689552038
jw02562-o016_t004_miri_f1280w-brightsky_i2d.fits,662.0,664.0,14.252674747843576,True,67.90463368865726,18.205705207406417
jw02562-o016_t004_miri_f2100w-brightsky_i2d.fits,662.0,664.0,14.252674747843576,True,67.90461248144285,18.205698879328438
