file,width,height,offset,chosen
jw02562-o006_t004_miri_f2100w-brightsky_i2d.fits,662.0,664.0,14.25267474784358,True
jw02562-o006_t004_miri_f770w-brightsky_i2d.fits,662.0,664.0,14.25267474784358,True
jw02562-o006_t004_miri_f1280w-brightsky_i2d.fits,662.0,664.0,14.25267474784358,True
