file,width,height,offset,chosen,CRVAL1,CRVAL2
jw02562-o006_t004_miri_f2100w-brightsky_i2d.fits,662.0,664.0,14.25267474784358,True,67.90773004527185,18.207887983763435
jw02562-o006_t004_miri_f770w-brightsky_i2d.fits,662.0,664.0,14.25267474784358,True,67.9077371694972,18.20789648564943
jw02562-o006_t004_miri_f1280w-brightsky_i2d.fits,662.0,664.0,14.25267474784358,True,67.90770906617078,18.20788774811519
