file,width,height,offset,chosen,CRVAL1,CRVAL2
jw01293-o003_t003_miri_f560w_i2d.fits,1613.0,2770.0,96.3129908121463,True,87.84384383195203,2.7962471669157005
jw01293-o003_t003_nircam_clear-f212n_i2d.fits,12502.0,10757.0,428.7624964603586,True,87.89214536160371,2.9108892257106156
jw01293-o003_t003_nircam_clear-f460m_i2d.fits,6147.0,5266.0,428.7624964603586,True,87.89201853115281,2.910791840562412
