file,width,height,offset,chosen
jw01258-o002_t003_nircam_clear-f335m_i2d.fits,5925.0,2401.0,33.48848509427994,True
jw01258-o002_t003_nircam_f444w-f470n_i2d.fits,5927.0,2401.0,33.48848509427994,True
jw01258-o002_t003_nircam_f150w2-f164n_i2d.fits,12014.0,4979.0,33.48848509427994,True
jw01258-o002_t003_nircam_clear-f210m_i2d.fits,12012.0,4982.0,33.48848509427994,True
jw01258-o002_t003_nircam_clear-f460m_i2d.fits,5925.0,2401.0,33.48848509427994,True
jw01258-o002_t003_nircam_f444w-f466n_i2d.fits,5929.0,2397.0,33.48848509427994,True
jw01258-o002_t003_nircam_clear-f212n_i2d.fits,12013.0,4988.0,33.48848509427994,True
