file,width,height,offset,chosen,CRVAL1,CRVAL2
jw02771-o002_t002_nircam_clear-f150w_i2d.fits,12021.0,4973.0,33.48848509427994,True,85.96871801834442,-1.0562102727301734
jw02771-o002_t002_nircam_f444w-f466n_i2d.fits,5928.0,2394.0,33.48848509427994,True,85.96858865632643,-1.0563093557611798
jw02771-o002_t002_nircam_f444w-f470n_i2d.fits,5925.0,2399.0,33.48848509427994,True,85.96857387694402,-1.056308517828649
jw02771-o002_t002_nircam_clear-f212n_i2d.fits,12023.0,4973.0,33.48848509427994,True,85.96872342907548,-1.0562073223927746
jw02771-o002_t002_nircam_clear-f356w_i2d.fits,5931.0,2394.0,33.48848509427994,True,85.96858138480393,-1.056300278587495
jw02771-o002_t002_nircam_clear-f444w_i2d.fits,5929.0,2395.0,33.48848509427994,True,85.96858657011475,-1.0563190792239394
jw02771-o002_t002_nircam_clear-f200w_i2d.fits,12027.0,4976.0,33.48848509427994,True,85.96874885110243,-1.0561954755080072
