file,width,height,offset,chosen,CRVAL1,CRVAL2
jw02771-o001_t001_nircam_clear-f150w_i2d.fits,12019.0,4972.0,33.48848509427994,True,85.95216364403811,-1.049812355379172
jw02771-o001_t001_nircam_f444w-f470n_i2d.fits,5926.0,2397.0,33.48848509427994,True,85.95202917712447,-1.0499026483761906
jw02771-o001_t001_nircam_clear-f356w_i2d.fits,5932.0,2394.0,33.48848509427994,True,85.95201578548566,-1.0498838552444874
jw02771-o001_t001_nircam_clear-f200w_i2d.fits,12027.0,4977.0,33.48848509427994,True,85.95217880719991,-1.0497885753464014
jw02771-o001_t001_nircam_clear-f444w_i2d.fits,5930.0,2395.0,33.48848509427994,True,85.95202653914309,-1.0498940317023515
jw02771-o001_t001_nircam_clear-f212n_i2d.fits,12027.0,4972.0,33.48848509427994,True,85.95215646416284,-1.0497862155764406
jw02771-o001_t001_nircam_f444w-f466n_i2d.fits,5928.0,2394.0,33.48848509427994,True,85.95202998660655,-1.04990065312636
