file,width,height,offset,chosen,CRVAL1,CRVAL2
jw01258-o002_t003_nircam_clear-f335m_i2d.fits,5925.0,2401.0,33.48848509427994,True,85.96857724171916,-1.0563565128761245
jw01258-o002_t003_nircam_f444w-f470n_i2d.fits,5927.0,2401.0,33.48848509427994,True,85.96855663967031,-1.0562935190841585
jw01258-o002_t003_nircam_f150w2-f164n_i2d.fits,12014.0,4979.0,33.48848509427994,True,85.96871054375669,-1.0562203200009168
jw01258-o002_t003_nircam_clear-f210m_i2d.fits,12012.0,4982.0,33.48848509427994,True,85.96873645903796,-1.0562333709642806
jw01258-o002_t003_nircam_clear-f460m_i2d.fits,5925.0,2401.0,33.48848509427994,True,85.96857552172823,-1.0563453853187519
jw01258-o002_t003_nircam_f444w-f466n_i2d.fits,5929.0,2397.0,33.48848509427994,True,85.96857378449367,-1.0562943038726598
jw01258-o002_t003_nircam_clear-f212n_i2d.fits,12013.0,4988.0,33.48848509427994,True,85.9687264744097,-1.0562390753509794
