file,width,height,offset,chosen
jw01258-o001_t002_nircam_clear-f335m_i2d.fits,5927.0,2401.0,33.48848509427994,True
jw01258-o001_t002_nircam_f150w2-f164n_i2d.fits,12020.0,4982.0,33.48848509427994,True
jw01258-o001_t002_nircam_f444w-f470n_i2d.fits,5925.0,2399.0,33.48848509427994,True
jw01258-o001_t002_nircam_f444w-f466n_i2d.fits,5929.0,2396.0,33.48848509427994,True
jw01258-o001_t002_nircam_clear-f210m_i2d.fits,12017.0,4987.0,33.48848509427994,True
jw01258-o001_t002_nircam_clear-f212n_i2d.fits,12018.0,4986.0,33.48848509427994,True
jw01258-o001_t002_nircam_clear-f460m_i2d.fits,5930.0,2399.0,33.48848509427994,True
