file,width,height,offset,chosen,CRVAL1,CRVAL2
jw01257-o003_t005_nircam_f150w2-f164n_i2d.fits,10448.0,4878.0,2.940008280167323,True,55.98496953040403,32.0323594581585
jw01257-o003_t005_nircam_clear-f212n_i2d.fits,10443.0,4879.0,2.940008480279929,True,55.98497644093667,32.03235003147497
jw01257-o003_t005_nircam_clear-f460m_i2d.fits,5145.0,2386.0,2.940008480279929,True,55.98489137661849,32.03215378976002
jw01257-o003_t005_nircam_clear-f210m_i2d.fits,10439.0,4936.0,2.940008480279929,True,55.98498611046746,32.03235305878236
jw01257-o003_t005_nircam_clear-f335m_i2d.fits,5135.0,2383.0,8.82002423539003,True,55.98490594657497,32.03214498952685
jw01257-o003_t005_nircam_f322w2-f323n_i2d.fits,5143.0,2385.0,8.820026036403029,True,55.98490197837124,32.03216403602542
jw01257-o003_t005_nircam_f444w-f470n_i2d.fits,5140.0,2388.0,8.82002423539003,True,55.98492314457994,32.03216384153371
jw01257-o003_t005_nircam_f444w-f466n_i2d.fits,5137.0,2382.0,2.940008480279929,True,55.98488737301268,32.03215102568503
jw01257-o003_t005_nircam_f150w2-f162m_i2d.fits,10389.0,4851.0,8.820026036403029,True,55.98495836656936,32.03236434980494
