file,width,height,offset,chosen,CRVAL1,CRVAL2
jw03414-o001_t001_nircam_clear-f410m_i2d.fits,5645.0,2505.0,24.350073,True,86.54178560653118,-0.137761550512368
jw03414-o001_t001_nircam_f405n-f444w_i2d.fits,5642.0,2505.0,24.350073,True,86.54177833426382,-0.13776912149194193
jw03414-o001_t001_nircam_f150w2-f162m_i2d.fits,11451.0,5191.0,24.350073,True,86.54175114091194,-0.13796463950564036
jw03414-o001_t001_nircam_f150w2-f164n_i2d.fits,11450.0,5192.0,24.350073,True,86.54174690775939,-0.13796726845794388
