file,width,height,offset,chosen,CRVAL1,CRVAL2
jw01854-o002_t002_miri_f560w_i2d.fits,1050.0,1029.0,1.175916410129389,True,86.50027694406639,-0.26691649990471006
