file,width,height,offset,chosen
jw04441-o096_t008_nircam_f444w-f470n_i2d.fits,7061.0,4180.0,58.45411189633828,True
jw04441-o096_t008_nircam_clear-f115w_i2d.fits,14337.0,8575.0,63.95412172477461,True
jw04441-o096_t008_nircam_clear-f187n_i2d.fits,14272.0,8465.0,68.9948570786947,True
jw04441-o096_t008_nircam_clear-f335m_i2d.fits,7062.0,4180.0,53.15412270473009,True
jw04441-o096_t008_nircam_clear-f444w_i2d.fits,7052.0,4169.0,54.2243163895914,True
jw04441-o096_t008_nircam_clear-f200w_i2d.fits,14274.0,8463.0,54.2243163895914,True
