file,width,height,offset,chosen,CRVAL1,CRVAL2
jw01706-o001_t001_miri_f560w-brightsky_i2d.fits,600.0,658.0,7.711893279868718,True,126.42664916366203,-51.03423018656647
