file,width,height,offset,chosen
jw04441-o096_t008_nircam_f444w-f470n_i2d.fits,7061,4180,58.4541118963383,True
jw04441-o096_t008_nircam_clear-f115w_i2d.fits,14337,8575,63.9541217247746,True
jw04441-o096_t008_nircam_clear-f187n_i2d.fits,14272,8465,68.9948570786947,False
jw04441-o096_t008_nircam_clear-f335m_i2d.fits,7062,4180,53.1541227047301,True
jw04441-o096_t008_nircam_clear-f444w_i2d.fits,7052,4169,54.2243163895914,True
jw04441-o096_t008_nircam_clear-f200w_i2d.fits,14274,8463,54.2243163895914,True
