file,width,height,offset,chosen,CRVAL1,CRVAL2,CRVAL1fix,CRVAL2fix
jw04441-o096_t008_nircam_f444w-f470n_i2d.fits,7061,4180,58.4541118963383,True,126.431811717376,-51.0104507150602,126.43175,
jw04441-o096_t008_nircam_clear-f115w_i2d.fits,14337,8575,63.9541217247746,True,126.431566164169,-51.010584634378,,
jw04441-o096_t008_nircam_clear-f187n_i2d.fits,14272,8465,68.9948570786947,True,126.431560270448,-51.0105688137451,126.43161,-51.01062
jw04441-o096_t008_nircam_clear-f335m_i2d.fits,7062,4180,53.1541227047301,True,126.431829877455,-51.0104446490255,126.43185,-51.010459
jw04441-o096_t008_nircam_clear-f444w_i2d.fits,7052,4169,54.2243163895914,True,126.431835666705,-51.0104542903213,126.4318,
jw04441-o096_t008_nircam_clear-f200w_i2d.fits,14274,8463,54.2243163895914,True,126.431540051209,-51.0105847861666,126.431555,-51.01058
