file,width,height,offset,chosen,CRVAL1,CRVAL2
jw05552-o008_t008_nircam_clear-f200w_i2d.fits,11499.0,10089.0,64.099994,True,86.63582357675008,-0.06982481936944032
jw05552-o008_t008_nircam_clear-f212n_i2d.fits,11496.0,10085.0,64.099994,True,86.635806635717,-0.0698301513470223
jw05552-o008_t008_nircam_clear-f360m_i2d.fits,5648.0,4934.0,64.099994,True,86.63569743526753,-0.06995166372405191
jw05552-o008_t008_nircam_clear-f480m_i2d.fits,5646.0,4935.0,64.099994,True,86.63569488626415,-0.06994944122344672
