file,width,height,offset,chosen
jw05552-o008_t008_nircam_clear-f200w_i2d.fits,11499.0,10089.0,64.099994,True
jw05552-o008_t008_nircam_clear-f212n_i2d.fits,11496.0,10085.0,64.099994,True
jw05552-o008_t008_nircam_clear-f360m_i2d.fits,5648.0,4934.0,64.099994,True
jw05552-o008_t008_nircam_clear-f480m_i2d.fits,5646.0,4935.0,64.099994,True
