file,width,height,offset,chosen,CRVAL1,CRVAL2,CRVAL1fix,CRVAL2fix
jw05804-o003_t003_nircam_clear-f212n_i2d.fits,11440,4739,24.400068,False,83.8795594281414,-4.99673228229671,83.879564,-4.996721
jw05804-o003_t003_nircam_f444w-f470n_i2d.fits,5636,2284,24.400068,True,83.8795616660015,-4.99652451454208,83.879552,-4.996517
jw05804-o003_t003_nircam_clear-f360m_i2d.fits,5640,2281,24.400068,True,83.8795747117914,-4.99651396775321,83.87957,-4.996502
jw05804-o003_t003_nircam_clear-f187n_i2d.fits,11440,4737,24.400068,False,83.8795617097638,-4.99672912297891,,
jw05804-o003_t003_nircam_clear-f480m_i2d.fits,5639,2278,24.400068,True,83.8795908258665,-4.99653315760542,83.8796,-4.99652
jw05804-o003_t003_nircam_clear-f210m_i2d.fits,11439,4738,24.400068,True,83.8795616857319,-4.99672643470983,,
