file,width,height,offset,chosen,CRVAL1,CRVAL2
jw05552-o007_t007_nircam_clear-f200w_i2d.fits,11499.0,10090.0,64.099994,True,83.86287860988153,-5.1667154365566965
jw05552-o007_t007_nircam_clear-f212n_i2d.fits,11496.0,10083.0,64.099994,True,83.86286998371682,-5.166714901633988
jw05552-o007_t007_nircam_clear-f360m_i2d.fits,5648.0,4934.0,64.099994,True,83.8627487977624,-5.166850676416279
jw05552-o007_t007_nircam_clear-f480m_i2d.fits,5647.0,4934.0,64.099994,True,83.86275099937606,-5.166856300334523
