file,width,height,offset,chosen
jw05552-o007_t007_nircam_clear-f200w_i2d.fits,11499.0,10090.0,64.099994,True
jw05552-o007_t007_nircam_clear-f212n_i2d.fits,11496.0,10083.0,64.099994,True
jw05552-o007_t007_nircam_clear-f360m_i2d.fits,5648.0,4934.0,64.099994,True
jw05552-o007_t007_nircam_clear-f480m_i2d.fits,5647.0,4934.0,64.099994,True
