file,width,height,offset,chosen,CRVAL1,CRVAL2
jw01192-o014_t015_miri_f1500w_i2d.fits,1068.0,1139.0,3.99675380762195,True,85.22491699314989,-2.473342990669774
jw01192-o014_t015_miri_f770w_i2d.fits,1068.0,1139.0,3.99675380762195,True,85.22493343591188,-2.4733247374324745
jw01192-o014_t015_miri_f2100w_i2d.fits,1068.0,1139.0,3.99675380762195,True,85.22492630369865,-2.4733280960033635
jw01192-o014_t015_miri_f1280w_i2d.fits,1068.0,1139.0,3.99675380762195,True,85.22491483355316,-2.4733346571630714
jw01192-o014_t015_miri_f1130w_i2d.fits,1068.0,1139.0,3.99675380762195,True,85.22491531080247,-2.4733270408636017
jw01192-o014_t015_miri_f1800w_i2d.fits,1068.0,1139.0,3.99675380762195,True,85.22490884029432,-2.4733216974227266
jw01192-o014_t015_miri_f560w_i2d.fits,1068.0,1139.0,3.99675380762195,True,85.22493299391067,-2.473327719689553
jw01192-o014_t015_miri_f1000w_i2d.fits,1068.0,1139.0,3.99675380762195,True,85.22491777709874,-2.473335677593547
jw01192-o014_t015_miri_f2550w_i2d.fits,1068.0,1139.0,3.99675380762195,True,85.22492001528751,-2.4733349600955026
