file,width,height,offset,chosen
jw01192-o014_t015_miri_f1500w_i2d.fits,1068.0,1139.0,3.99675380762195,True
jw01192-o014_t015_miri_f770w_i2d.fits,1068.0,1139.0,3.99675380762195,True
jw01192-o014_t015_miri_f2100w_i2d.fits,1068.0,1139.0,3.99675380762195,True
jw01192-o014_t015_miri_f1280w_i2d.fits,1068.0,1139.0,3.99675380762195,True
jw01192-o014_t015_miri_f1130w_i2d.fits,1068.0,1139.0,3.99675380762195,True
jw01192-o014_t015_miri_f1800w_i2d.fits,1068.0,1139.0,3.99675380762195,True
jw01192-o014_t015_miri_f560w_i2d.fits,1068.0,1139.0,3.99675380762195,True
jw01192-o014_t015_miri_f1000w_i2d.fits,1068.0,1139.0,3.99675380762195,True
jw01192-o014_t015_miri_f2550w_i2d.fits,1068.0,1139.0,3.99675380762195,True
