file,width,height,offset,chosen,CRVAL1,CRVAL2
jw04783-o008_t008_nircam_clear-f090w_i2d.fits,9881.0,4378.0,86.5702407,True,16.13128855967771,2.137526998318948
jw04783-o008_t008_nircam_clear-f115w_i2d.fits,9881.0,4378.0,86.5702407,True,16.131288760662287,2.137526928866811
jw04783-o008_t008_nircam_clear-f150w_i2d.fits,9881.0,4378.0,86.5702407,True,16.13128898567609,2.1375272156582774
jw04783-o008_t008_nircam_clear-f277w_i2d.fits,4869.0,2109.0,86.5702407,True,16.131264234914767,2.137743305047209
jw04783-o008_t008_nircam_clear-f356w_i2d.fits,4869.0,2109.0,86.5702407,True,16.13126871809479,2.1377379154654483
jw04783-o008_t008_nircam_clear-f444w_i2d.fits,4868.0,2109.0,86.5702407,True,16.131261420962353,2.1377401628877504
