file,width,height,offset,chosen,CRVAL1,CRVAL2
jw02391-o006_t001_nircam_clear-f335m_i2d.fits,5145.0,2386.0,73.1801984859351,True,16.24858397262701,2.174947881613706
jw02391-o006_t001_nircam_clear-f150w_i2d.fits,10442.0,4931.0,73.1801984859351,True,16.248573483962765,2.175163647418881
jw02391-o006_t001_nircam_clear-f200w_i2d.fits,10446.0,4937.0,73.1801984859351,True,16.248581642056145,2.175174684023122
jw02391-o006_t001_nircam_clear-f115w_i2d.fits,10442.0,4931.0,73.1801984859351,True,16.248573855130772,2.175163725777338
jw02391-o006_t001_nircam_clear-f300m_i2d.fits,5145.0,2386.0,73.1801984859351,True,16.24857975827919,2.1749465105550576
jw02391-o006_t001_nircam_clear-f360m_i2d.fits,5145.0,2385.0,73.1801984859351,True,16.248584807760334,2.1749475613172233
