file,width,height,offset,chosen,CRVAL1,CRVAL2
jw02107-o042_t017_nircam_clear-f335m_i2d.fits,2174,2167,381.926574603959,True,353.6160288540943,-36.09982871513778
jw02107-o042_t017_miri_f2100w_i2d.fits,1086,1076,375.630122688735,False,353.5900684244633,-36.19878834444994
jw02107-o042_t017_nircam_clear-f300m_i2d.fits,2174,2167,381.926574603959,True,353.6160219913077,-36.09983214510164
jw02107-o042_t017_nircam_clear-f200w_i2d.fits,4539,4518,381.625939836448,True,353.6160411163756,-36.09958163747815
jw02107-o042_t017_miri_f770w_i2d.fits,1086,1076,3.10000004027085,False,353.5900584994135,-36.1987894867306
jw02107-o042_t017_miri_f1000w_i2d.fits,1086,1076,3.10000886604775,False,353.5900814693246,-36.19878449690224
jw02107-o042_t017_miri_f1130w_i2d.fits,1086,1076,3.099999942449,False,353.5900806078633,-36.19879330796315
jw02107-o042_t017_nircam_clear-f360m_i2d.fits,2174,2167,3.10000907574592,True,353.6160377782097,-36.09983155357048
