file,width,height,offset,chosen
jw02107-o042_t017_nircam_clear-f335m_i2d.fits,2174.0,2167.0,381.9265746039588,True
jw02107-o042_t017_miri_f2100w_i2d.fits,1086.0,1076.0,375.6301226887353,True
jw02107-o042_t017_nircam_clear-f300m_i2d.fits,2174.0,2167.0,381.9265746039588,True
jw02107-o042_t017_nircam_clear-f200w_i2d.fits,4539.0,4518.0,381.6259398364479,True
jw02107-o042_t017_miri_f770w_i2d.fits,1086.0,1076.0,3.100000040270854,True
jw02107-o042_t017_miri_f1000w_i2d.fits,1086.0,1076.0,3.100008866047746,True
jw02107-o042_t017_miri_f1130w_i2d.fits,1086.0,1076.0,3.099999942448996,True
jw02107-o042_t017_nircam_clear-f360m_i2d.fits,2174.0,2167.0,3.100009075745924,True
