file,width,height,offset,chosen,CRVAL1,CRVAL2
jw02107-o018_t017_miri_f1000w_i2d.fits,1779.0,1174.0,35.35848280343688,True,353.6136421808691,-36.09436940053725
jw02107-o018_t017_miri_f770w_i2d.fits,1779.0,1174.0,19.40441291523414,True,353.613619274917,-36.09437396040716
jw02107-o018_t017_miri_f2100w_i2d.fits,1779.0,1174.0,35.9558535536861,True,353.6136294723021,-36.09437347112237
jw02107-o018_t017_miri_f1130w_i2d.fits,1779.0,1174.0,30.66801771061291,True,353.6136415870219,-36.09437830125724
