file,width,height,offset,chosen
jw02107-o018_t017_miri_f1000w_i2d.fits,1779.0,1174.0,35.35848280343688,True
jw02107-o018_t017_miri_f770w_i2d.fits,1779.0,1174.0,19.40441291523414,True
jw02107-o018_t017_miri_f2100w_i2d.fits,1779.0,1174.0,35.9558535536861,True
jw02107-o018_t017_miri_f1130w_i2d.fits,1779.0,1174.0,30.66801771061291,True
