file,width,height,offset,chosen,CRVAL1,CRVAL2
jw01991-o001_t001_miri_f1130w-sub256_i2d.fits,282.0,285.0,0.4488829998838355,True,198.7301399859474,24.618507831739855
jw01991-o001_t001_miri_f1000w-sub256_i2d.fits,282.0,285.0,0.4488829998838355,True,198.73013322316294,24.61850092171333
jw01991-o001_t001_miri_f770w-sub256_i2d.fits,282.0,285.0,0.4488829998838355,True,198.7301525061572,24.61849266053644
