file,width,height,offset,chosen,CRVAL1,CRVAL2,CRVAL1fix,CRVAL2fix
jw03707-o007_t005_miri_f770w_i2d.fits,1779,1174,381.8753126,True,52.8850752895513,-51.9004082817128,52.885,-51.9004
jw03707-o008_t005_nircam_clear-f187n_i2d.fits,4540,4518,381.8753126,False,52.8771335531128,-51.9054691974397,,
jw03707-o008_t005_miri_f770w_i2d.fits,1086,1076,25.724633,False,52.7616555306096,-51.9775887971422,,
jw03707-o008_t005_miri_f2100w_i2d.fits,1086,1076,3.0999999,False,52.7616673287153,-51.9775925162446,,
jw03707-o008_t005_nircam_clear-f300m_i2d.fits,2174,2167,3.0999999,True,52.8769079429217,-51.9056713072222,,
jw03707-o008_t005_nircam_clear-f335m_i2d.fits,2174,2167,3.0999999,True,52.8768972145384,-51.9056678750402,,
jw03707-o008_t005_nircam_clear-f150w_i2d.fits,4538,4518,3.0999999,True,52.8771289765055,-51.9054697376424,,
