file,width,height,offset,chosen,CRVAL1,CRVAL2,CRVAL1fix,CRVAL2fix
jw01229-o001_t001_niriss_clear-f140m_i2d.fits,2809,3951,311.972469594787,False,56.2356995940324,32.1027906019606,,
jw01229-o001_t001_niriss_clearp-f277w_i2d.fits,2802,3949,311.972469594787,False,56.2357205174446,32.1027440354097,,
jw01229-o001_t001_nircam_f150w2-f162m_i2d.fits,11492,8295,311.972469594787,True,56.1427690047515,32.1623400208477,56.142779,32.1623378
jw01229-o001_t001_nircam_clear-f444w_i2d.fits,5667,4070,56.0842010228856,True,56.1427293851166,32.1621289114192,56.14273,32.162142
jw01229-o001_t001_niriss_clearp-f444w_i2d.fits,2802,3950,62.0841936520772,False,56.235725560915,32.1027234452788,,
jw01229-o001_t001_nircam_clear-f277w_i2d.fits,5667,4069,56.0842010228856,True,56.1427142157553,32.1621243688141,,
jw01229-o001_t001_nircam_clear-f140m_i2d.fits,11620,8363,62.084200297929,True,56.1427674457962,32.1623424327555,56.142767,32.16234
jw01229-o001_t001_nircam_clear-f360m_i2d.fits,5678,4077,62.084200297929,True,56.1427216099976,32.162136564445,56.142725,32.162145
jw01229-o001_t001_nircam_clear-f182m_i2d.fits,11666,8402,56.0841934011626,True,56.142788836102,32.1623382196323,56.14272,32.162355
