file,width,height,offset,chosen
jw01229-o001_t001_niriss_clear-f140m_i2d.fits,2809.0,3951.0,311.9724695947871,False
jw01229-o001_t001_niriss_clearp-f277w_i2d.fits,2802.0,3949.0,311.9724695947871,False
jw01229-o001_t001_nircam_f150w2-f162m_i2d.fits,11492.0,8295.0,311.9724695947871,True
jw01229-o001_t001_nircam_clear-f444w_i2d.fits,5667.0,4070.0,56.08420102288556,True
jw01229-o001_t001_niriss_clearp-f444w_i2d.fits,2802.0,3950.0,62.08419365207721,False
jw01229-o001_t001_nircam_clear-f277w_i2d.fits,5667.0,4069.0,56.08420102288556,True
jw01229-o001_t001_nircam_clear-f140m_i2d.fits,11620.0,8363.0,62.08420029792896,True
jw01229-o001_t001_nircam_clear-f360m_i2d.fits,5678.0,4077.0,62.08420029792896,True
jw01229-o001_t001_nircam_clear-f182m_i2d.fits,11666.0,8402.0,56.08419340116259,True
