file,width,height,offset,chosen,CRVAL1,CRVAL2
jw03348-o002_t002_nircam_clear-f150w_i2d.fits,4541.0,4519.0,3.099999942448996,True,273.41705993247103,-57.723872570684016
jw03348-o002_t002_nircam_clear-f410m_i2d.fits,2175.0,2167.0,3.099999942448996,True,273.41717157648753,-57.72363696641932
jw03348-o002_t002_nircam_clear-f182m_i2d.fits,4541.0,4519.0,3.099999942448996,True,273.41705956729555,-57.72387179625808
jw03348-o002_t002_nircam_clear-f480m_i2d.fits,2174.0,2167.0,3.099999942448996,True,273.41717438606344,-57.72363574564336
jw03348-o002_t002_nircam_clear-f200w_i2d.fits,4541.0,4519.0,3.099999942448996,True,273.41708840822923,-57.72386195467626
jw03348-o002_t002_nircam_clear-f277w_i2d.fits,2175.0,2171.0,3.099999942448996,True,273.4171415618413,-57.723647641216886
