file,width,height,offset,chosen,CRVAL1,CRVAL2
jw02004-o003_t001_miri_f560w-brightsky_i2d.fits,608.0,603.0,2.7914024447130146,True,313.04713008978365,-57.05413904781806
