file,width,height,offset,chosen,CRVAL1,CRVAL2
jw06564-o001_t001_miri_f1000w_i2d.fits,1783,2082,55.0794761,True,144.431418582905,2.75530912760162
jw06564-o001_t001_miri_f1500w_i2d.fits,1783,2082,55.0794761,True,144.431412882264,2.75530443262012
jw06564-o001_t001_miri_f770w_i2d.fits,1783,2082,55.0794761,True,144.431437317293,2.75530598684972
