file,width,height,offset,chosen,CRVAL1,CRVAL2
jw06564-o002_t002_nircam_clear-f277w_i2d.fits,5641.0,2280.0,24.400068,True,144.43016869460553,2.7594993704141078
jw06564-o002_t002_nircam_clear-f150w_i2d.fits,11440.0,4737.0,24.400068,True,144.43002148195026,2.7593895227048995
jw06564-o002_t002_nircam_clear-f356w_i2d.fits,5642.0,2280.0,24.400068,True,144.43016446659604,2.759491986782003
jw06564-o002_t002_nircam_clear-f200w_i2d.fits,11443.0,4743.0,24.400068,True,144.43000646932396,2.7593855175413076
jw06564-o002_t002_nircam_clear-f444w_i2d.fits,5640.0,2280.0,24.400068,True,144.43016045734655,2.7594999178112642
jw06564-o002_t002_nircam_clear-f090w_i2d.fits,11440.0,4737.0,24.400068,True,144.4300208398762,2.759387382657426
