file,width,height,offset,chosen,CRVAL1,CRVAL2
jw03368-c1001_t003_miri_f560w-brightsky_i2d.fits,970.0,1243.0,75.4488703,False,111.89494039273495,-2.9205502106060264
jw03368-o004_t003_miri_f560w-brightsky_i2d.fits,561.0,562.0,75.4488703,True,111.88400889192977,-2.9258697180949955
jw03368-c1001_t003_miri_f1500w-brightsky_i2d.fits,970.0,1243.0,75.4488703,False,111.89491872130208,-2.9205551807729373
jw03368-o004_t003_miri_f770w-brightsky_i2d.fits,561.0,562.0,0.4488829,True,111.88401121249925,-2.925867593810582
jw03368-o004_t003_miri_f1500w-brightsky_i2d.fits,561.0,562.0,0.4488829,True,111.88398722582238,-2.925874505749457
jw03368-c1001_t003_miri_f770w-brightsky_i2d.fits,970.0,1243.0,0.4488829,False,111.89494252724496,-2.9205481807338485
jw03368-o005_t003_miri_f770w-brightsky_i2d.fits,561.0,561.0,0.4488829,False,111.90588502563483,-2.915235680498985
jw03368-o005_t003_miri_f1500w-brightsky_i2d.fits,561.0,561.0,0.4488829,False,111.9058611340072,-2.9152428992090806
jw03368-o005_t003_miri_f560w-brightsky_i2d.fits,561.0,561.0,0.4488829,False,111.90588294795342,-2.915237904150885
