file,width,height,offset,chosen,CRVAL1,CRVAL2
jw03368-o108_t003_nircam_clear-f277w_i2d.fits,2317.0,2310.0,33.7501075,True,111.91617561185161,-2.905309809920997
jw03368-o108_t003_nircam_clear-f356w_i2d.fits,2317.0,2310.0,33.7501075,True,111.91617553111213,-2.905310781299638
jw03368-o108_t003_nircam_clear-f150w_i2d.fits,4831.0,4815.0,33.7501075,True,111.9161578608694,-2.905557632940911
jw03368-o108_t003_nircam_clear-f200w_i2d.fits,4831.0,4815.0,33.7501075,True,111.9161711395999,-2.905547833755324
