file,width,height,offset,chosen,CRVAL1,CRVAL2
jw06743-o004_t005_miri_f1280w_i2d.fits,1048.0,1029.0,0.334829,True,15.030325413937243,28.04468650453423
jw06743-o004_t005_miri_f1800w_i2d.fits,1050.0,1040.0,0.334829,True,15.030277787986648,28.044736494623915
