file,width,height,offset,chosen,CRVAL1,CRVAL2
jw04278-o005_t005_miri_f770w_i2d.fits,1032.0,1028.0,0.4488829,True,21.90533417094054,-6.302891836111111
jw04278-o005_t005_miri_f1130w_i2d.fits,1032.0,1028.0,0.4488829,True,21.90535204242272,-6.302891213623635
jw04278-o005_t005_miri_f1800w_i2d.fits,1032.0,1028.0,0.4488829,True,21.905358426428425,-6.302897114022991
