file,width,height,offset,chosen
jw05221-o001_t001_nircam_clear-f150w_i2d.fits,14922.0,7685.0,92.1450181,True
jw05221-o001_t001_nircam_clear-f200w_i2d.fits,14557.0,7974.0,92.1450181,True
jw05221-o001_t001_nircam_clear-f444w_i2d.fits,7358.0,3732.0,104.5032445,True
