file,width,height,offset,chosen,CRVAL1,CRVAL2
jw07041-o121_t045_miri_f770w_i2d.fits,1032.0,1028.0,0.4488829,True,217.42451845703854,6.7134519761858815
jw07041-o121_t045_miri_f1130w_i2d.fits,1032.0,1028.0,0.4488829,True,217.4245038690367,6.713463435710567
jw07041-o121_t045_miri_f1800w_i2d.fits,1032.0,1028.0,0.4488829,True,217.42450294103398,6.713471180010885
