file,width,height,offset,chosen,CRVAL1,CRVAL2,CRVAL1fix,CRVAL2fix
jw06558-o026_t001_nircam_clear-f444w_i2d.fits,2179,2585,34.8313481,True,166.495528496482,-77.5510672152129,,
jw06558-o026_t001_nircam_clear-f187n_i2d.fits,4547,5374,16.2902288,True,166.494391535529,-77.5511269227367,,
jw06558-o026_t001_nircam_clear-f335m_i2d.fits,2180,2585,16.2902288,True,166.495531173564,-77.5510709414671,,
jw06558-o026_t001_nircam_clear-f200w_i2d.fits,4547,5374,16.2902288,True,166.494458189895,-77.5511343149643,166.49447,-77.551135
jw06558-o026_t001_nircam_clear-f115w_i2d.fits,4547,5374,16.2902288,True,166.494388558243,-77.5511248576394,,
jw06558-o026_t001_nircam_f444w-f470n_i2d.fits,2179,2585,16.2902288,True,166.495365954237,-77.5510873479229,,
jw06558-o027_t001_miri_f770w_i2d.fits,1719,1550,16.2902288,True,166.460236878807,-77.5520927657004,166.46062,-77.55215
