file,width,height,offset,chosen,CRVAL1,CRVAL2
jw01187-o073_t002_nircam_clear-f356w_i2d.fits,4925.0,3888.0,82.24497323837977,True,295.25354922387925,10.974836868994638
jw01187-o073_t002_nircam_clear-f090w_i2d.fits,10021.0,7963.0,81.6467712446549,True,295.25349813595346,10.974615530748657
