file,width,height,offset,chosen
jw01187-o025_t002_nircam_clear-f200w_i2d.fits,9920.0,6464.0,81.64680930639155,True
jw01187-o025_t002_nircam_clear-f090w_i2d.fits,9918.0,6460.0,81.64680930639155,True
jw01187-o025_t002_nircam_clear-f444w_i2d.fits,4915.0,3888.0,81.64680930639155,True
jw01187-o025_t002_nircam_clear-f356w_i2d.fits,4878.0,3141.0,81.64680930639155,True
jw01187-o025_t002_nircam_clear-f115w_i2d.fits,9916.0,6459.0,81.64680930639155,True
jw01187-o025_t002_nircam_clear-f150w_i2d.fits,10002.0,7964.0,81.64680930639155,True
