file,width,height,offset,chosen,CRVAL1,CRVAL2
jw01187-o011_t001_nircam_clear-f070w_i2d.fits,10033.0,8644.0,82.12839737645984,True,294.2760754337725,7.551924170154061
jw01187-o011_t001_nircam_clear-f277w_i2d.fits,4928.0,4227.0,81.53019551673098,True,294.2760486344665,7.55170759080203
