file,width,height,offset,chosen,CRVAL1,CRVAL2
jw02739-o005_t004_nircam_clear-f200w_i2d.fits,4734.0,4718.0,3.099999946715712,True,69.97380107645633,26.052708940113348
jw02739-o005_t004_nircam_clear-f187n_i2d.fits,4734.0,4718.0,3.099999946715712,True,69.97381339245628,26.052717738738817
jw02739-o005_t004_nircam_clear-f444w_i2d.fits,2269.0,2265.0,3.099999946715712,True,69.97380604642687,26.05246248574302
jw02739-o005_t004_nircam_clear-f335m_i2d.fits,2269.0,2265.0,3.099999946715712,True,69.97380622050699,26.052465425867204
jw02739-o005_t004_nircam_clear-f115w_i2d.fits,4734.0,4718.0,3.099999946715712,True,69.97381490772766,26.052720415759993
jw02739-o005_t004_nircam_f444w-f470n_i2d.fits,2269.0,2264.0,3.099999946715712,True,69.97380139125464,26.052500813017566
