file,width,height,offset,chosen
jw01187-o022_t002_nircam_clear-f300m_i2d.fits,4919.0,4223.0,98.32378735851717,True
jw01187-o022_t002_nircam_clear-f070w_i2d.fits,10095.0,8675.0,132.7255759135955,True
