file,width,height,offset,chosen
jw01187-o065_t001_nircam_clear-f090w_i2d.fits,10068.0,4375.0,84.7048524,True
jw01187-o065_t001_nircam_clear-f115w_i2d.fits,10068.0,4375.0,84.7048524,True
jw01187-o065_t001_nircam_clear-f150w_i2d.fits,10154.0,5880.0,84.7048524,True
jw01187-o065_t001_nircam_clear-f200w_i2d.fits,10072.0,4381.0,84.7048524,True
jw01187-o065_t001_nircam_clear-f356w_i2d.fits,4963.0,2106.0,84.7048524,True
jw01187-o065_t001_nircam_clear-f444w_i2d.fits,4999.0,2853.0,84.7048524,True
