file,width,height,offset,chosen,CRVAL1,CRVAL2
jw01187-o022_t002_nircam_clear-f300m_i2d.fits,4919.0,4223.0,98.32378735851717,True,295.2532304539364,10.98146756436076
jw01187-o022_t002_nircam_clear-f070w_i2d.fits,10095.0,8675.0,132.7255759135955,True,295.2530947482759,10.98133949849463
