file,width,height,offset,chosen,CRVAL1,CRVAL2
jw02151-o003_t003_miri_f560w_i2d.fits,1032.0,1028.0,0.4488829998838355,True,274.3869510090815,-4.639283214732989
jw02151-o003_t003_miri_f770w_i2d.fits,1032.0,1028.0,0.4488829998838355,True,274.3869504540557,-4.6392858940616195
jw02151-o003_t003_miri_f1000w_i2d.fits,1032.0,1028.0,0.4488829998838355,True,274.3869685391618,-4.639280136288169
