file,width,height,offset,chosen,CRVAL1,CRVAL2
jw01187-o014_t001_nircam_clear-f090w_i2d.fits,10018.0,7963.0,82.24497323837977,True,294.2661415767707,7.5487390368979925
jw01187-o014_t001_nircam_clear-f356w_i2d.fits,4925.0,3888.0,81.6467712446549,True,294.26611071977015,7.548525897466455
