file,width,height,offset,chosen,CRVAL1,CRVAL2
jw02739-o006_t004_miri_f770w_i2d.fits,1714.0,1151.0,33.15810556804701,True,69.97377414056008,26.05895059938759
jw02739-o006_t004_miri_f1800w_i2d.fits,1714.0,1151.0,33.15810556804701,True,69.97379993313932,26.058941117953154
jw02739-o006_t004_miri_f1280w_i2d.fits,1714.0,1151.0,33.15810556804701,True,69.97379720577598,26.058955280563435
