file,width,height,offset,chosen
jw01187-o073_t002_nircam_clear-f356w_i2d.fits,4925.0,3888.0,82.24497323837977,True
jw01187-o073_t002_nircam_clear-f090w_i2d.fits,10021.0,7963.0,81.6467712446549,True
