file,width,height,offset,chosen
jw02739-o006_t004_miri_f770w_i2d.fits,1714.0,1151.0,33.15810556804701,True
jw02739-o006_t004_miri_f1800w_i2d.fits,1714.0,1151.0,33.15810556804701,True
jw02739-o006_t004_miri_f1280w_i2d.fits,1714.0,1151.0,33.15810556804701,True
