file,width,height,offset,chosen
jw02739-o005_t004_nircam_clear-f200w_i2d.fits,4734.0,4718.0,3.099999946715712,True
jw02739-o005_t004_nircam_clear-f187n_i2d.fits,4734.0,4718.0,3.099999946715712,True
jw02739-o005_t004_nircam_clear-f444w_i2d.fits,2269.0,2265.0,3.099999946715712,True
jw02739-o005_t004_nircam_clear-f335m_i2d.fits,2269.0,2265.0,3.099999946715712,True
jw02739-o005_t004_nircam_clear-f115w_i2d.fits,4734.0,4718.0,3.099999946715712,True
jw02739-o005_t004_nircam_f444w-f470n_i2d.fits,2269.0,2264.0,3.099999946715712,True
