file,width,height,offset,chosen,CRVAL1,CRVAL2
jw01187-o025_t002_nircam_clear-f200w_i2d.fits,9920.0,6464.0,81.64680930639155,True,295.2730519949401,10.978179397572845
jw01187-o025_t002_nircam_clear-f090w_i2d.fits,9918.0,6460.0,81.64680930639155,True,295.2730561945076,10.97818539935181
jw01187-o025_t002_nircam_clear-f444w_i2d.fits,4915.0,3888.0,81.64680930639155,True,295.2763785797252,10.977516823390262
jw01187-o025_t002_nircam_clear-f356w_i2d.fits,4878.0,3141.0,81.64680930639155,True,295.27320962193653,10.97831083650972
jw01187-o025_t002_nircam_clear-f115w_i2d.fits,9916.0,6459.0,81.64680930639155,True,295.27306376265983,10.97818572998412
jw01187-o025_t002_nircam_clear-f150w_i2d.fits,10002.0,7964.0,81.64680930639155,True,295.27624164858946,10.977386226278089
