file,width,height,offset,chosen,CRVAL1,CRVAL2
jw06565-o002_t001_nircam_clear-f090w_i2d.fits,11526.0,8521.0,112.8779187,True,190.0133962845687,-11.627263313758455
jw06565-o002_t001_nircam_clear-f200w_i2d.fits,11529.0,8527.0,112.8779187,True,190.01338895693195,-11.627267191694418
jw06565-o002_t001_nircam_clear-f212n_i2d.fits,11526.0,8521.0,112.8779187,True,190.01340386035662,-11.627264541776075
jw06565-o002_t001_nircam_clear-f277w_i2d.fits,5668.0,4159.0,112.8779187,True,190.0135390368151,-11.627145207696442
jw06565-o002_t001_nircam_clear-f335m_i2d.fits,5668.0,4159.0,112.8779187,True,190.01353790557934,-11.627145379194175
jw06565-o002_t001_nircam_clear-f444w_i2d.fits,5668.0,4159.0,112.8779187,True,190.01353468736232,-11.627146258743313
