file,width,height,offset,chosen,CRVAL1,CRVAL2
jw06565-o001_t001_miri_f770w_i2d.fits,2247.0,3917.0,156.8709149,True,189.99491330062756,-11.62804336488016
jw06565-o001_t001_miri_f1130w_i2d.fits,2247.0,3917.0,156.8709149,True,189.9948982601872,-11.628032616742258
jw06565-o001_t001_miri_f1280w_i2d.fits,2247.0,3917.0,156.8709149,True,189.99489258185184,-11.628038082700982
