file,width,height,offset,chosen,CRVAL1,CRVAL2
jw06565-o005_t002_nircam_clear-f090w_i2d.fits,11440.0,4736.0,24.400068,True,189.96527452308106,-11.613249100893674
jw06565-o005_t002_nircam_clear-f277w_i2d.fits,5641.0,2280.0,24.400068,True,189.96541270901312,-11.613132883950348
