file,width,height,offset,chosen,CRVAL1,CRVAL2
jw01617-o001_t001_nircam_clear-f150w_i2d.fits,4348.0,4326.0,9.9248562204307e-11,True,155.4287320580274,18.08848832849969
