file,width,height,offset,chosen,CRVAL1,CRVAL2
jw03449-o001_t001_miri_f560w_i2d.fits,1075.0,1076.0,3.2809392,True,155.41472205280928,18.077343920339807
jw03449-o001_t001_miri_f770w_i2d.fits,1075.0,1076.0,3.2809392,True,155.41472566164805,18.077345165174272
jw03449-o001_t001_miri_f2100w_i2d.fits,1075.0,1076.0,3.2809392,True,155.41471713677197,18.07734862710491
