file,width,height,offset,chosen,CRVAL1,CRVAL2
jw01617-o001_t001_nircam_clear-f277w_i2d.fits,2080.0,2072.0,9.9248562204307e-11,True,155.42891313407733,18.08866921518669
jw01617-o001_t001_nircam_clear-f090w_i2d.fits,4348.0,4326.0,9.9248562204307e-11,True,155.42873145752526,18.088491869799157
