file,width,height,offset,chosen,CRVAL1,CRVAL2
jw03034-o011_t017_miri_f770w_i2d.fits,1055.0,1035.0,1.1759164,True,234.84675343833052,-34.78865902281154
