file,width,height,offset,chosen,CRVAL1,CRVAL2
jw03034-o011_t011_miri_f770w_i2d.fits,1119.0,1070.0,1.1759164,True,234.84545976952077,-34.789454387288195
