file,width,height,offset,chosen,CRVAL1,CRVAL2
jw02739-o002_t001_miri_f770w_i2d.fits,2305.0,2072.0,111.1700117964621,True,274.7262074361809,-13.8432369632292
jw02739-o002_t001_miri_f1500w_i2d.fits,2305.0,2072.0,68.25819704064332,True,274.7261831295049,-13.84324507525204
jw02739-o002_t001_miri_f1130w_i2d.fits,2305.0,2072.0,111.1700117964621,True,274.7261894880322,-13.84323019473275
