file,width,height,offset,chosen
jw02739-o002_t001_miri_f770w_i2d.fits,2305.0,2072.0,111.1700117964621,True
jw02739-o002_t001_miri_f1500w_i2d.fits,2305.0,2072.0,68.25819704064332,True
jw02739-o002_t001_miri_f1130w_i2d.fits,2305.0,2072.0,111.1700117964621,True
