file,width,height,offset,chosen
jw02739-o002_t001_miri_f770w_i2d.fits,2305.0,2072.0,111.1700117964621,True
jw02739-o002_t001_miri_f1500w_i2d.fits,2305.0,2072.0,68.25819704064332,True
jw02739-o002_t001_miri_f1130w_i2d.fits,2305.0,2072.0,111.1700117964621,True
jw02739-o001_t001_nircam_clear-f187n_i2d.fits,14272.0,8462.0,69.20986793865629,True
jw02739-o001_t001_nircam_f444w-f470n_i2d.fits,7047.0,4166.0,69.20986793865629,True
jw02739-o001_t001_nircam_clear-f200w_i2d.fits,14222.0,8424.0,69.20986793865629,True
jw02739-o001_t001_nircam_clear-f444w_i2d.fits,7064.0,4175.0,63.95249251744607,True
jw02739-o001_t001_nircam_clear-f090w_i2d.fits,14281.0,8508.0,69.20986793865629,True
jw02739-o001_t001_nircam_clear-f335m_i2d.fits,7050.0,4168.0,69.20986793865629,True
