file,width,height,offset,chosen,CRVAL1,CRVAL2
jw02128-o001_t001_miri_f2100w_i2d.fits,3479.0,4727.0,134.4026990837538,True,23.43775297027321,30.58165116373804
jw02128-o001_t001_nircam_clear-f090w_i2d.fits,14300.0,18362.0,135.8542295146343,True,23.41664824395746,30.68140773948452
jw02128-o001_t001_miri_f560w_i2d.fits,3462.0,4714.0,512.1308347025017,True,23.4375728422086,30.58138371649244
jw02128-o001_t001_nircam_clear-f444w_i2d.fits,6885.0,8903.0,514.2406153164496,True,23.41652025102469,30.68089559971672
jw02128-o001_t001_nircam_clear-f335m_i2d.fits,6912.0,8922.0,513.4790040991621,True,23.41668976578941,30.68116029240442
