file,width,height,offset,chosen,CRVAL1,CRVAL2,CRVAL1fix,CRVAL2fix
jw03436-o001_t001_nircam_clear-f335m_i2d.fits,19680,7512,566.302140080337,True,23.4547487913925,30.7001619774452,,
jw03436-o001_t001_nircam_clear-f150w_i2d.fits,40475,15268,566.302140080337,True,23.454772855714,30.6999108114324,,
jw03436-o001_t001_miri_f770w_i2d.fits,11252,3256,184.112926224683,True,23.4592549636146,30.8012417558928,23.45931,30.80128
jw03436-c1001_t001_miri_f770w_i2d.fits,11252,3256,184.112926224683,False,23.4592549636146,30.8012417558928,,
jw03436-c1001_t001_nircam_clear-f150w_i2d.fits,40475,15268,184.112926224683,False,23.454772855714,30.6999108114324,,
jw03436-c1001_t001_nircam_clear-f335m_i2d.fits,19680,7512,184.112926224683,False,23.4547487913925,30.7001619774452,,
