file,width,height,offset,chosen
jw02128-o001_t001_miri_f2100w_i2d.fits,3479.0,4727.0,134.4026990837538,True
jw02128-o001_t001_nircam_clear-f090w_i2d.fits,14300.0,18362.0,135.8542295146343,True
jw02128-o001_t001_miri_f560w_i2d.fits,3462.0,4714.0,512.1308347025017,True
jw02128-o001_t001_nircam_clear-f444w_i2d.fits,6885.0,8903.0,514.2406153164496,True
jw02128-o001_t001_nircam_clear-f335m_i2d.fits,6912.0,8922.0,513.4790040991621,True
