file,width,height,offset,chosen,CRVAL1,CRVAL2
jw01979-o003_t003_nircam_clear-f150w2_i2d.fits,9924.0,4406.0,287.2361101538132,True,245.9086742338621,-26.50122778128404
jw01979-o003_t003_niriss_clear-f150w_i2d.fits,2064.0,2078.0,1.5631927788507298e-11,False,245.93698293981893,-26.59617734896392
jw01979-o003_t003_nircam_clear-f322w2_i2d.fits,4890.0,2122.0,1.5631927788507298e-11,True,245.90851599372763,-26.50134114509123
