file,width,height,offset,chosen,CRVAL1,CRVAL2
jw01979-o002_t002_niriss_clear-f150w_i2d.fits,2811.0,2453.0,311.773261552434,False,245.95778481721388,-26.543443634607115
jw01979-o002_t002_nircam_clear-f322w2_i2d.fits,5666.0,2516.0,24.400073151057832,True,245.9300776350937,-26.449888601400982
jw01979-o002_t002_nircam_clear-f150w2_i2d.fits,11496.0,5213.0,24.400073151057832,True,245.93023634264023,-26.449775125086123
