file,width,height,offset,chosen,CRVAL1,CRVAL2
jw03671-o002_t002_miri_f560w_i2d.fits,1060.0,1061.0,2.3410365,True,189.40856784089775,11.807259291921008
jw03671-o002_t002_miri_f770w_i2d.fits,1060.0,1060.0,2.3410365,True,189.40858258444004,11.807260496092331
jw03671-o002_t002_miri_f1130w_i2d.fits,1060.0,1060.0,2.3410365,True,189.40856916442908,11.807272786524345
