file,width,height,offset,chosen,CRVAL1,CRVAL2
jw01638-o003_t003_nircam_clear-f090w_i2d.fits,9891.0,4398.0,287.2361101538132,True,149.4455785559135,69.01755198951467
jw01638-o003_t003_nircam_clear-f115w_i2d.fits,9891.0,4399.0,287.2361101538132,True,149.44557979687457,69.01755182063745
jw01638-o003_t003_niriss_clear-f090w_i2d.fits,2048.0,2071.0,287.2361101538132,False,149.44460301725414,69.11623288467673
jw01638-o003_t003_nircam_clear-f150w_i2d.fits,9891.0,4398.0,1.5631927788507298e-11,True,149.44558047159381,69.01755177974077
jw01638-o003_t003_nircam_clear-f356w_i2d.fits,4874.0,2114.0,1.5631927788507298e-11,True,149.4460603014452,69.01767064859074
jw01638-o003_t003_niriss_clear-f150w_i2d.fits,2048.0,2071.0,1.5631927788507298e-11,False,149.44457806576102,69.11624201140178
jw01638-o003_t003_nircam_clear-f277w_i2d.fits,4874.0,2115.0,1.5631927788507298e-11,True,149.44606785384474,69.0176771038998
jw01638-o003_t003_niriss_clear-f115w_i2d.fits,2048.0,2071.0,1.5631927788507298e-11,False,149.44457595819887,69.11624005931921
jw01638-o003_t003_nircam_clear-f444w_i2d.fits,4874.0,2114.0,1.5631927788507298e-11,True,149.44605673160743,69.01767779204276
