file,width,height,offset,chosen,CRVAL1,CRVAL2
jw02016-o017_t017_miri_f560w_i2d.fits,1032.0,1028.0,0.4488829998838355,True,148.81869195184274,69.06372374595091
jw02016-o017_t017_miri_f770w_i2d.fits,1032.0,1028.0,0.4488829998838355,True,148.81869992234317,69.06372362269195
jw02016-o017_t017_miri_f1130w_i2d.fits,1032.0,1028.0,0.4488829998838355,True,148.81867787547515,69.06373996184413
