file,width,height,offset,chosen,CRVAL1,CRVAL2
jw01701-o031_t007_miri_f1130w-sub128_i2d.fits,330.0,318.0,10.540313060086778,True,148.964861639129,69.67945418783519
jw01701-o031_t007_miri_f770w-sub128_i2d.fits,330.0,318.0,10.540313060086778,True,148.96480995178192,69.67944954469523
jw01701-o031_t007_miri_f560w-sub128_i2d.fits,330.0,318.0,10.540313060086778,True,148.96481134620035,69.6794534453492
jw01701-o032_t007_miri_f1130w_i2d.fits,2918.0,1807.0,101.58220629123151,False,148.95784713692325,69.685133078386
jw01701-o032_t007_miri_f560w_i2d.fits,2918.0,1807.0,101.58220629123151,False,148.9577947091356,69.68513097584388
jw01701-o032_t007_miri_f770w_i2d.fits,2918.0,1807.0,101.58220629123151,False,148.95779624748107,69.6851280933722
