file,width,height,offset,chosen,CRVAL1,CRVAL2
jw01701-o041_t012_miri_f1130w_i2d.fits,1032.0,1028.0,0.4488829998838355,True,148.9826018416429,69.70503092533508
jw01701-o041_t012_miri_f770w_i2d.fits,1032.0,1028.0,0.4488829998838355,True,148.9825777409904,69.70502525789112
jw01701-o041_t012_miri_f560w_i2d.fits,1032.0,1028.0,0.4488829998838355,True,148.98255725277377,69.70502629141565
