file,width,height,offset,chosen,CRVAL1,CRVAL2,CRVAL1fix,CRVAL2fix
jw01701-o052_t007_nircam_clear-f212n-sub640_i2d.fits,1646,1634,3.09999994752265,True,148.96510377674,69.6793989537598,148.96503,69.679365
jw01701-o052_t007_nircam_clear-f360m-sub640_i2d.fits,741,742,3.09999994752265,True,148.965026329014,69.6793658180135,148.96505,69.679345
jw01701-o052_t007_nircam_f150w2-f164n-sub640_i2d.fits,1643,1635,3.09999994752265,True,148.965072482325,69.679405654332,148.96504,69.679385
jw01701-o052_t007_nircam_clear-f335m-sub640_i2d.fits,741,742,3.09999994752265,True,148.965042790902,69.6793849749782,148.96503,69.679349
jw01701-o052_t007_nircam_clear-f140m-sub640_i2d.fits,1643,1634,3.09999994752265,True,148.965053486143,69.6793927575047,,
jw01701-o052_t007_nircam_clear-f250m-sub640_i2d.fits,741,742,3.09999994752265,True,148.96505359932,69.6793816800946,148.96504,69.679338
