file,width,height,offset,chosen,CRVAL1,CRVAL2
jw01701-o044_t014_miri_f1130w_i2d.fits,1032.0,1028.0,0.3011170655479418,True,148.96691272368707,69.70317926205254
jw01701-o044_t014_miri_f560w_i2d.fits,1030.0,1019.0,0.3011170655479418,True,148.96648559442986,69.70314211556787
jw01701-o044_t014_miri_f770w_i2d.fits,1032.0,1028.0,0.3011170655479418,True,148.9668674718134,69.70317525083748
