file,width,height,offset,chosen,CRVAL1,CRVAL2
jw01701-o045_t015_miri_f770w_i2d.fits,1032.0,1029.0,0.7011170654930083,True,148.96950462244348,69.70362945739932
jw01701-o045_t015_miri_f1130w_i2d.fits,1032.0,1028.0,0.7011170654930083,True,148.96956579196427,69.70362763013297
jw01701-o045_t015_miri_f560w_i2d.fits,1031.0,1019.0,0.7011170654930083,True,148.96914465518276,69.70358784447487
