file,width,height,offset,chosen,CRVAL1,CRVAL2
jw01701-o051_t007_nircam_clear-f140m_i2d.fits,11454.0,5196.0,24.350073010309224,True,148.96414485413507,69.67973337764305
jw01701-o051_t007_nircam_f150w2-f164n_i2d.fits,11454.0,5197.0,24.350073010309224,True,148.96411136816604,69.67972374086224
jw01701-o051_t007_nircam_clear-f250m_i2d.fits,5647.0,2507.0,24.350073010309224,True,148.96443619657356,69.67952299041791
jw01701-o051_t007_nircam_clear-f360m_i2d.fits,5646.0,2506.0,24.350073010309224,True,148.96442779577558,69.6795388851838
jw01701-o051_t007_nircam_clear-f335m_i2d.fits,5646.0,2507.0,24.350073010309224,True,148.96443788023922,69.67954094300212
jw01701-o051_t007_nircam_clear-f212n_i2d.fits,11454.0,5201.0,24.350073010309224,True,148.9641211631419,69.67972953246338
