file,width,height,offset,chosen,CRVAL1,CRVAL2,CRVAL1fix,CRVAL2fix
jw01701-o051_t007_nircam_clear-f140m_i2d.fits,11454,5196,24.3500730103092,True,148.964144854135,69.6797333776431,,
jw01701-o051_t007_nircam_f150w2-f164n_i2d.fits,11454,5197,24.3500730103092,True,148.964111368166,69.6797237408622,148.96417,69.67972
jw01701-o051_t007_nircam_clear-f212n_i2d.fits,11454,5201,24.3500730103092,True,148.964121163142,69.6797295324634,148.96412,69.679725
jw01701-o051_t007_nircam_clear-f250m_i2d.fits,5647,2507,24.3500730103092,False,148.964436196574,69.6795229904179,148.96443,69.67951
jw01701-o051_t007_nircam_clear-f335m_i2d.fits,5646,2507,24.3500730103092,False,148.964437880239,69.6795409430021,,
jw01701-o051_t007_nircam_clear-f360m_i2d.fits,5646,2506,24.3500730103092,False,148.964427795776,69.6795388851838,,
jw01701-o032_t007_miri_f560w_i2d.fits,2918,1807,101.582206291232,True,148.957794709136,69.6851309758439,148.9577,69.68507
jw01701-o032_t007_miri_f770w_i2d.fits,2918,1807,101.582206291232,False,148.957796247481,69.6851280933722,,
jw01701-o032_t007_miri_f1130w_i2d.fits,2918,1807,101.582206291232,True,148.957847136923,69.685133078386,148.9577,69.68507
