file,width,height,offset,chosen
jw01701-o052_t007_nircam_clear-f212n-sub640_i2d.fits,1646.0,1634.0,3.099999947522646,True
jw01701-o052_t007_nircam_clear-f360m-sub640_i2d.fits,741.0,742.0,3.099999947522646,True
jw01701-o052_t007_nircam_f150w2-f164n-sub640_i2d.fits,1643.0,1635.0,3.099999947522646,True
jw01701-o052_t007_nircam_clear-f335m-sub640_i2d.fits,741.0,742.0,3.099999947522646,True
jw01701-o052_t007_nircam_clear-f140m-sub640_i2d.fits,1643.0,1634.0,3.099999947522646,True
jw01701-o052_t007_nircam_clear-f250m-sub640_i2d.fits,741.0,742.0,3.099999947522646,True
