file,width,height,offset,chosen,CRVAL1,CRVAL2
jw01701-o052_t007_nircam_clear-f212n-sub640_i2d.fits,1646.0,1634.0,3.099999947522646,True,148.96510377673974,69.67939895375983
jw01701-o052_t007_nircam_clear-f360m-sub640_i2d.fits,741.0,742.0,3.099999947522646,True,148.9650263290137,69.67936581801354
jw01701-o052_t007_nircam_f150w2-f164n-sub640_i2d.fits,1643.0,1635.0,3.099999947522646,True,148.96507248232479,69.67940565433204
jw01701-o052_t007_nircam_clear-f335m-sub640_i2d.fits,741.0,742.0,3.099999947522646,True,148.965042790902,69.67938497497819
jw01701-o052_t007_nircam_clear-f140m-sub640_i2d.fits,1643.0,1634.0,3.099999947522646,True,148.96505348614332,69.6793927575047
jw01701-o052_t007_nircam_clear-f250m-sub640_i2d.fits,741.0,742.0,3.099999947522646,True,148.96505359932047,69.67938168009462
