file,width,height,offset,chosen,CRVAL1,CRVAL2
jw01701-o042_t026_miri_f770w_i2d.fits,1032.0,1029.0,0.4488829998838355,True,148.98488446159956,69.70562949102214
jw01701-o042_t026_miri_f1130w_i2d.fits,1032.0,1028.0,0.4488829998838355,True,148.98493164734919,69.70563170547932
jw01701-o042_t026_miri_f560w_i2d.fits,1032.0,1028.0,0.4488829998838355,True,148.98488127161062,69.70563179493158
