file,width,height,offset,chosen,CRVAL1,CRVAL2
jw01701-o043_t013_miri_f1130w_i2d.fits,1032.0,1028.0,0.4488829998838355,True,148.97577197845234,69.70447130585367
jw01701-o043_t013_miri_f770w_i2d.fits,1032.0,1028.0,0.4488829998838355,True,148.9757002654136,69.70447145039194
jw01701-o043_t013_miri_f560w_i2d.fits,1032.0,1028.0,0.4488829998838355,True,148.9757191295259,69.70447227939292
