file,width,height,offset,chosen,CRVAL1,CRVAL2
jw01701-o046_t016_miri_f560w_i2d.fits,1032.0,1028.0,0.4488829998838355,True,148.9720419715601,69.70406653486441
jw01701-o046_t016_miri_f770w_i2d.fits,1032.0,1028.0,0.4488829998838355,True,148.9720327580365,69.7040647704907
jw01701-o046_t016_miri_f1130w_i2d.fits,1032.0,1028.0,0.4488829998838355,True,148.97209071359373,69.70406443246658
