file,width,height,offset,chosen,CRVAL1,CRVAL2
jw05627-o001_t001_miri_f1500w_i2d.fits,1717.0,1142.0,34.9583202,True,148.95192074230363,69.66584264873725
jw05627-o001_t001_miri_f1800w_i2d.fits,1717.0,1143.0,34.9583202,True,148.95198411348534,69.6658478643787
