file,width,height,offset,chosen,CRVAL1,CRVAL2
jw05627-o002_t022_miri_f1500w-sub128_i2d.fits,221.0,215.0,4.6953684,True,148.95998586735342,69.67747645539048
jw05627-o002_t022_miri_f1800w-sub128_i2d.fits,221.0,215.0,4.6953684,True,148.96005096036941,69.67748029053095
