file,width,height,offset,chosen,CRVAL1,CRVAL2
jw01701-o047_t017_miri_f1130w_i2d.fits,1032.0,1028.0,0.4488829998838355,True,148.9789172751939,69.70469178381579
jw01701-o047_t017_miri_f770w_i2d.fits,1032.0,1029.0,0.4488829998838355,True,148.97887789925574,69.70468971855293
jw01701-o047_t017_miri_f560w_i2d.fits,1032.0,1028.0,0.4488829998838355,True,148.97886486392446,69.7046920382593
