file,width,height,offset,chosen,CRVAL1,CRVAL2
jw02219-o001_t002_miri_f1000w_i2d.fits,1082.0,1079.0,3.4542112357863743,True,204.2294696285292,-29.88048217391479
jw02219-o006_t002_miri_f1130w_i2d.fits,1082.0,1079.0,3.4542112357863743,True,204.22934266948243,-29.88031144744136
jw02219-o011_t002_miri_f2100w_i2d.fits,1082.0,1079.0,3.4542112357863743,True,204.22909235001575,-29.879989465789752
