file,width,height,offset,chosen,CRVAL1,CRVAL2
jw02016-o026_t026_miri_f1130w_i2d.fits,1032.0,1028.0,0.4488829998838355,True,187.68323436195948,12.37991775068826
jw02016-o026_t026_miri_f560w_i2d.fits,1032.0,1028.0,0.4488829998838355,True,187.68324417155884,12.379903224783112
jw02016-o026_t026_miri_f770w_i2d.fits,1032.0,1028.0,0.4488829998838355,True,187.68324796534029,12.379905296130302
