file,width,height,offset,chosen,CRVAL1,CRVAL2
jw02016-o014_t014_miri_f770w_i2d.fits,1032.0,1028.0,0.4488829998838355,True,192.68987855394926,41.11241144161684
jw02016-o014_t014_miri_f1130w_i2d.fits,1032.0,1028.0,0.4488829998838355,True,192.6898714226808,41.11242388163357
jw02016-o014_t014_miri_f560w_i2d.fits,1032.0,1028.0,0.4488829998838355,True,192.68988309924077,41.11240927853365
