file,width,height,offset,chosen,CRVAL1,CRVAL2
jw03429-o005_t003_miri_f770w_i2d.fits,1129.0,1098.0,5.6687349,True,210.7413032041542,54.244692113814295
jw03429-o005_t003_miri_f1000w_i2d.fits,1129.0,1098.0,5.6687349,True,210.74127700148813,54.24470118885275
jw03429-o005_t003_miri_f1130w_i2d.fits,1129.0,1098.0,5.6687349,True,210.7412902769334,54.244706886367034
jw03429-o005_t003_miri_f2100w_i2d.fits,1129.0,1098.0,5.6687349,True,210.74129208244227,54.2446967175596
