file,width,height,offset,chosen,CRVAL1,CRVAL2
jw03429-o002_t006_miri_f770w_i2d.fits,1129.0,1098.0,5.6687349,True,210.80608813412815,54.5829207336602
jw03429-o002_t006_miri_f1000w_i2d.fits,1129.0,1098.0,5.6687349,True,210.80606244179086,54.58293188394265
jw03429-o002_t006_miri_f1130w_i2d.fits,1129.0,1099.0,5.6687349,True,210.80607946108128,54.58293815533285
jw03429-o002_t006_miri_f2100w_i2d.fits,1129.0,1098.0,5.6687349,True,210.80607966560837,54.582925731085886
