file,width,height,offset,chosen,CRVAL1,CRVAL2
jw03429-o013_t005_nircam_clear-f444w_i2d.fits,5145.0,2386.0,77.2802078,True,210.54559471964947,54.353517377237736
jw03429-o013_t005_nircam_clear-f300m_i2d.fits,5145.0,2386.0,77.2802078,True,210.54559141513687,54.35351122566955
jw03429-o013_t005_nircam_clear-f090w_i2d.fits,10443.0,4935.0,77.2802078,True,210.54544140787817,54.353637583480875
jw03429-o013_t005_nircam_clear-f187n_i2d.fits,10444.0,4935.0,77.2802078,True,210.5454381656126,54.35363751192759
jw03429-o013_t005_nircam_clear-f360m_i2d.fits,5146.0,2385.0,77.2802078,True,210.54559606626796,54.353514690441436
jw03429-o013_t005_nircam_clear-f200w_i2d.fits,10446.0,4941.0,77.2802078,True,210.54544029311177,54.35365089078285
jw03429-o013_t005_nircam_clear-f335m_i2d.fits,5145.0,2386.0,77.2802078,True,210.54559384402802,54.35351509279894
