file,width,height,offset,chosen,CRVAL1,CRVAL2
jw03429-o110_t002_nircam_clear-f090w_i2d.fits,10443.0,4937.0,77.6802089,True,210.9519506663313,54.34066878158022
jw03429-o110_t002_nircam_clear-f187n_i2d.fits,10444.0,4937.0,77.6802089,True,210.95195263729624,54.34066742133888
jw03429-o110_t002_nircam_clear-f200w_i2d.fits,10447.0,4943.0,77.6802089,True,210.9519270048794,54.340670803973524
jw03429-o110_t002_nircam_clear-f300m_i2d.fits,5146.0,2386.0,77.6802089,True,210.95223130819682,54.34071644153748
jw03429-o110_t002_nircam_clear-f335m_i2d.fits,5145.0,2386.0,77.6802089,True,210.95222535461068,54.34071870937286
jw03429-o110_t002_nircam_clear-f360m_i2d.fits,5146.0,2386.0,77.6802089,True,210.9522272572209,54.34071955498771
jw03429-o110_t002_nircam_clear-f444w_i2d.fits,5145.0,2386.0,77.6802089,True,210.9522219155232,54.34072005155248
