file,width,height,offset,chosen,CRVAL1,CRVAL2
jw03429-o003_t001_miri_f770w_i2d.fits,1129.0,1098.0,5.6687349,True,210.79430321167345,54.345496476979996
jw03429-o003_t001_miri_f1000w_i2d.fits,1129.0,1098.0,5.6687349,True,210.79427876548544,54.345507390504224
jw03429-o003_t001_miri_f1130w_i2d.fits,1129.0,1098.0,5.6687349,True,210.79429389795735,54.34550099890568
jw03429-o003_t001_miri_f2100w_i2d.fits,1129.0,1098.0,5.6687349,True,210.7942977101109,54.34549894897925
