file,width,height,offset,chosen,CRVAL1,CRVAL2
jw03429-o007_t005_miri_f770w_i2d.fits,1129.0,1098.0,5.6687349,True,210.57202638814755,54.33739027521945
jw03429-o007_t005_miri_f1000w_i2d.fits,1129.0,1098.0,5.6687349,True,210.57199966935963,54.3374019502261
jw03429-o007_t005_miri_f1130w_i2d.fits,1129.0,1098.0,5.6687349,True,210.5720120143389,54.337406695773794
jw03429-o007_t005_miri_f2100w_i2d.fits,1129.0,1098.0,5.6687349,True,210.5720165480001,54.33739626698277
