file,width,height,offset,chosen,CRVAL1,CRVAL2
jw03429-o014_t006_nircam_clear-f360m_i2d.fits,5146.0,2386.0,77.6802089,True,210.77308184428645,54.59132373621716
jw03429-o014_t006_nircam_clear-f187n_i2d.fits,10443.0,4937.0,77.6802089,True,210.77276112080216,54.591434790064625
jw03429-o014_t006_nircam_clear-f335m_i2d.fits,5145.0,2386.0,77.6802089,True,210.77308127595543,54.591323821733695
jw03429-o014_t006_nircam_clear-f300m_i2d.fits,5146.0,2386.0,77.6802089,True,210.77307960426728,54.591319687408074
jw03429-o014_t006_nircam_clear-f444w_i2d.fits,5145.0,2386.0,77.6802089,True,210.77307846693418,54.59132653880021
jw03429-o014_t006_nircam_clear-f200w_i2d.fits,10447.0,4942.0,77.6802089,True,210.77275115660845,54.59144879976078
jw03429-o014_t006_nircam_clear-f090w_i2d.fits,10443.0,4936.0,77.6802089,True,210.77275939385078,54.591436014956926
jw03429-o014_t006_nircam_clear-f150w_i2d.fits,10443.0,4936.0,77.6802089,True,210.77276045345062,54.59143544882041
