file,width,height,offset,chosen,CRVAL1,CRVAL2
jw03429-o109_t001_nircam_clear-f187n_i2d.fits,10451.0,4942.0,77.6802089,True,210.77488087784263,54.330490705306154
jw03429-o109_t001_nircam_clear-f444w_i2d.fits,5149.0,2388.0,77.6802089,True,210.77514972922498,54.33054305243082
