file,width,height,offset,chosen,CRVAL1,CRVAL2
jw03429-o012_t004_nircam_clear-f300m_i2d.fits,5146.0,2386.0,77.2802078,True,211.0760618071012,54.40376102687044
jw03429-o012_t004_nircam_clear-f444w_i2d.fits,5145.0,2386.0,77.2802078,True,211.07606010130533,54.40376877219262
jw03429-o012_t004_nircam_clear-f187n_i2d.fits,10444.0,4937.0,77.2802078,True,211.07572855000907,54.40385855611437
jw03429-o012_t004_nircam_clear-f200w_i2d.fits,10447.0,4943.0,77.2802078,True,211.07571514046163,54.40387138618348
jw03429-o012_t004_nircam_clear-f360m_i2d.fits,5146.0,2386.0,77.2802078,True,211.07606370374816,54.40376604837943
jw03429-o012_t004_nircam_clear-f090w_i2d.fits,10443.0,4937.0,77.2802078,True,211.07572795890113,54.40385939291217
jw03429-o012_t004_nircam_clear-f335m_i2d.fits,5145.0,2386.0,77.2802078,True,211.07606266511766,54.40376611621607
