file,width,height,offset,chosen
jw02609-o001_t006_nircam_clear-f150w_i2d.fits,11429.0,9154.0,88.99999742173375,True
jw02609-o001_t006_nircam_clear-f277w_i2d.fits,5648.0,4538.0,88.99999742173375,True
