file,width,height,offset,chosen,CRVAL1,CRVAL2
jw02609-o011_t006_nircam_clear-f277w_i2d.fits,5648.0,4935.0,64.09999406272979,True,11.537514440848428,42.087611698427125
jw02609-o011_t006_nircam_clear-f150w_i2d.fits,11495.0,10083.0,64.09999406272979,True,11.537502583147367,42.08738326605766
