file,width,height,offset,chosen
jw02609-o011_t006_nircam_clear-f277w_i2d.fits,5648.0,4935.0,64.09999406272979,True
jw02609-o011_t006_nircam_clear-f150w_i2d.fits,11495.0,10083.0,64.09999406272979,True
