file,width,height,offset,chosen,CRVAL1,CRVAL2
jw06809-o002_t001_miri_f2100w_i2d.fits,1116.0,1139.0,3.9967538,True,11.303525238602628,41.536519322118096
jw06809-o002_t001_miri_f1800w_i2d.fits,1116.0,1139.0,3.9967538,True,11.303510552424946,41.53653434248445
jw06809-o002_t001_miri_f2550w_i2d.fits,1116.0,1139.0,3.9967538,True,11.303513114679255,41.53651718979818
jw06809-o002_t001_miri_f1500w_i2d.fits,1116.0,1139.0,3.9967538,True,11.303504289801007,41.53651191354314
