file,width,height,offset,chosen,CRVAL1,CRVAL2
jw02609-o001_t006_nircam_clear-f150w_i2d.fits,11429.0,9154.0,88.99999742173375,True,11.54070192524955,42.09053521597434
jw02609-o001_t006_nircam_clear-f277w_i2d.fits,5648.0,4538.0,88.99999742173375,True,11.54077892181574,42.09032795638203
