file,width,height,offset,chosen,CRVAL1,CRVAL2
jw06642-o010_t004_nircam_clear-f277w_i2d.fits,7170.0,3059.0,72.0002277,True,9.119985736798386,39.59069497485503
jw06642-o010_t004_nircam_clear-f115w_i2d.fits,14499.0,6333.0,72.0002277,True,9.119871345258503,39.59086033457194
