file,width,height,offset,chosen,CRVAL1,CRVAL2
jw06642-o001_t001_nircam_clear-f115w_i2d.fits,14495.0,6328.0,72.0002277,True,28.799916984247417,39.59099366579383
jw06642-o001_t001_nircam_clear-f277w_i2d.fits,7169.0,3061.0,72.0002277,True,28.799970413383008,39.59081847834945
