file,width,height,offset,chosen,CRVAL1,CRVAL2
jw03435-o013_t016_nircam_f150w2-f164n_i2d.fits,15785.0,4697.0,98.0819278,True,202.46500585868222,47.19868358576217
jw03435-o013_t016_nircam_clear-f182m_i2d.fits,15787.0,4697.0,98.0819278,True,202.46500090539809,47.19868575143731
jw03435-o013_t016_nircam_clear-f210m_i2d.fits,15787.0,4697.0,98.0819278,True,202.46500123581473,47.1986862281304
jw03435-o013_t016_nircam_clear-f212n_i2d.fits,15788.0,4697.0,98.0819278,True,202.46500135152192,47.198684556904375
jw03435-o013_t016_nircam_clear-f250m_i2d.fits,7800.0,2242.0,98.0819278,True,202.46528231803416,47.198729567886076
jw03435-o013_t016_nircam_clear-f360m_i2d.fits,7801.0,2242.0,98.0819278,True,202.46527098912424,47.19873253343479
jw03435-o013_t016_nircam_clear-f430m_i2d.fits,7800.0,2242.0,98.0819278,True,202.46527065167066,47.19872765987778
