file,width,height,offset,chosen,CRVAL1,CRVAL2
jw03435-o002_t001_miri_f1500w_i2d.fits,3607.0,1148.0,144.6771298,True,202.46073706804216,47.19712784724965
jw03435-o002_t001_miri_f1280w_i2d.fits,3607.0,1148.0,144.6771298,True,202.46074793414883,47.19713212982375
jw03435-o002_t001_miri_f1800w_i2d.fits,3607.0,1148.0,144.6771298,True,202.46076319480582,47.19714215529087
jw03435-o002_t001_miri_f2100w_i2d.fits,3607.0,1148.0,144.6771298,True,202.46076201822817,47.19712356244949
