file,width,height,offset,chosen,CRVAL1,CRVAL2
jw03435-o010_t013_miri_f1280w_i2d.fits,1112.0,1033.0,4.2025497,True,202.4455132853247,47.195584780531696
jw03435-o010_t013_miri_f1000w_i2d.fits,1112.0,1033.0,4.2025497,True,202.44552183688074,47.19558060927421
jw03435-o010_t013_miri_f770w_i2d.fits,1112.0,1033.0,4.2025497,True,202.44554241975152,47.195567335638614
