file,width,height,offset,chosen,CRVAL1,CRVAL2
jw03435-o001_t002_nircam_f150w2-f164n_i2d.fits,9886.0,4575.0,24.600071,True,202.4744054023313,47.20478489941486
jw03435-o001_t002_nircam_clear-f212n_i2d.fits,2058.0,2055.0,24.600071,True,202.5209521264923,47.22037657607601
