file,width,height,offset,chosen,CRVAL1,CRVAL2
jw03435-o009_t015_miri_f1280w_i2d.fits,1111.0,1033.0,4.2025497,True,202.39727814763145,47.17300987848802
jw03435-o009_t015_miri_f1000w_i2d.fits,1111.0,1033.0,4.2025497,True,202.3972776712458,47.173007379828164
jw03435-o009_t015_miri_f770w_i2d.fits,1112.0,1033.0,4.2025497,True,202.39729839935077,47.17299535782315
