file,width,height,offset,chosen,CRVAL1,CRVAL2
jw03435-o008_t006_miri_f1280w_i2d.fits,1112.0,1033.0,4.2025497,True,202.46926529542282,47.213947665710236
jw03435-o008_t006_miri_f1000w_i2d.fits,1112.0,1033.0,4.2025497,True,202.4692695641814,47.2139501412769
jw03435-o008_t006_miri_f770w_i2d.fits,1111.0,1032.0,4.2025497,True,202.46928221586944,47.21392363175317
