file,width,height,offset,chosen,CRVAL1,CRVAL2
jw01334-o001_t001_niriss_clear-f150w_i2d.fits,2050.0,2072.0,286.4164060702603,False,259.374694446177,43.2058008803857
jw01334-o001_t001_nircam_clear-f090w_i2d.fits,10053.0,4393.0,286.9697135715826,True,259.2791678793991,43.13558469160088
jw01334-o001_t001_nircam_clear-f150w_i2d.fits,9895.0,4397.0,0.6816019450835809,True,259.2791659603225,43.1355891203733
jw01334-o001_t001_niriss_clear-f090w_i2d.fits,2050.0,2073.0,0.5548000006427457,False,259.374697119332,43.20578598768166
jw01334-o001_t001_nircam_clear-f277w_i2d.fits,4876.0,2117.0,0.6816019450835809,True,259.2794715360449,43.13555081847566
jw01334-o001_t001_nircam_clear-f444w_i2d.fits,4875.0,2116.0,5.5024350110312003e-11,True,259.2794661411804,43.13555723163466
