file,width,height,offset,chosen
jw01334-o001_t001_niriss_clear-f150w_i2d.fits,2050.0,2072.0,286.4164060702603,False
jw01334-o001_t001_nircam_clear-f090w_i2d.fits,10053.0,4393.0,286.9697135715826,True
jw01334-o001_t001_nircam_clear-f150w_i2d.fits,9895.0,4397.0,0.6816019450835809,True
jw01334-o001_t001_niriss_clear-f090w_i2d.fits,2050.0,2073.0,0.5548000006427457,False
jw01334-o001_t001_nircam_clear-f277w_i2d.fits,4876.0,2117.0,0.6816019450835809,True
jw01334-o001_t001_nircam_clear-f444w_i2d.fits,4875.0,2116.0,5.5024350110312e-11,True
