file,width,height,offset,chosen,CRVAL1,CRVAL2
jw03055-o004_t004_nircam_clear-f090w_i2d.fits,9891.0,4390.0,236.7201627,True,186.23857018777187,12.868893952269982
jw03055-o004_t004_nircam_clear-f150w_i2d.fits,9891.0,4390.0,236.7201627,True,186.23857109513477,12.8688936048166
jw03055-o004_t004_nircam_clear-f277w_i2d.fits,4874.0,2114.0,110.0002655,True,186.23876608119662,12.8689674633123
jw03055-o004_t004_nircam_clear-f356w_i2d.fits,4875.0,2114.0,110.0002655,True,186.23876290620282,12.868961097724089
jw03055-o004_t004_niriss_clear-f090w_i2d.fits,2048.0,2071.0,110.0002655,False,186.24714387502854,12.96702064014295
jw03055-o004_t004_niriss_clear-f150w_i2d.fits,2048.0,2071.0,110.0002655,False,186.2471353884025,12.967032048022109
