file,width,height,offset,chosen,CRVAL1,CRVAL2
jw03055-o008_t008_nircam_clear-f090w_i2d.fits,9891.0,4390.0,110.0002655,True,188.89568405042647,12.531329874844872
jw03055-o008_t008_nircam_clear-f150w_i2d.fits,9892.0,4390.0,110.0002655,True,188.8956850589035,12.531329632033763
jw03055-o008_t008_nircam_clear-f277w_i2d.fits,4874.0,2115.0,110.0002655,True,188.89584241004295,12.53143621693359
jw03055-o008_t008_nircam_clear-f356w_i2d.fits,4875.0,2114.0,110.0002655,True,188.89584183174347,12.531429772060056
