file,width,height,offset,chosen
jw02452-o002_t002_nircam_clear-f300m_i2d.fits,8817.0,2374.0,124.2966583925724,True
jw02452-o002_t002_nircam_clear-f212n_i2d.fits,17822.0,4987.0,124.2966583925724,True
jw02452-o002_t002_nircam_clear-f335m_i2d.fits,8813.0,2376.0,124.2966583925724,True
jw02452-o002_t002_nircam_clear-f360m_i2d.fits,8817.0,2374.0,124.2966583925724,True
jw02452-o002_t002_nircam_clear-f200w_i2d.fits,17833.0,4984.0,124.2966583925724,True
