file,width,height,offset,chosen,CRVAL1,CRVAL2
jw03055-o010_t010_nircam_clear-f090w_i2d.fits,9891.0,4390.0,110.0003418,True,190.91149292204338,11.521321762890333
jw03055-o010_t010_nircam_clear-f150w_i2d.fits,9891.0,4390.0,110.0003418,True,190.9114941000296,11.521321544784504
jw03055-o010_t010_nircam_clear-f277w_i2d.fits,4874.0,2114.0,110.0003418,True,190.91165356433729,11.521426196771476
jw03055-o010_t010_nircam_clear-f356w_i2d.fits,4875.0,2114.0,110.0003418,True,190.91165291853667,11.521419380743819
