file,width,height,offset,chosen,CRVAL1,CRVAL2,CRVAL1fix,CRVAL2fix
jw02452-o002_t002_nircam_clear-f300m_i2d.fits,8817,2374,124.296658392572,True,210.762688110297,54.2880945405202,210.762697,54.2881
jw02452-o002_t002_nircam_clear-f212n_i2d.fits,17822,4987,124.296658392572,True,210.762945425618,54.2882240459423,210.76283,54.288299
jw02452-o002_t002_nircam_clear-f335m_i2d.fits,8813,2376,124.296658392572,True,210.762719744423,54.288074161893,210.76271,54.2881
jw02452-o002_t002_nircam_clear-f360m_i2d.fits,8817,2374,124.296658392572,True,210.762694816255,54.2880933177721,210.76271,54.2881
jw02452-o002_t002_nircam_clear-f200w_i2d.fits,17833,4984,124.296658392572,True,210.762917830802,54.2882663921628,,
