file,width,height,offset,chosen,CRVAL1,CRVAL2
jw03055-o007_t007_nircam_clear-f090w_i2d.fits,9891.0,4390.0,110.0003418,True,187.72705235256765,12.414918768909828
jw03055-o007_t007_nircam_clear-f150w_i2d.fits,9892.0,4390.0,110.0003418,True,187.72705344156998,12.414918559143
jw03055-o007_t007_nircam_clear-f277w_i2d.fits,4874.0,2114.0,397.4869984,True,187.72721917913418,12.415020239351168
jw03055-o007_t007_nircam_clear-f356w_i2d.fits,4875.0,2114.0,397.4869984,True,187.72721797019042,12.415013565405026
jw03055-o007_t007_niriss_clear-f090w_i2d.fits,2048.0,2071.0,110.0003418,False,187.71097235558344,12.512102912574067
jw03055-o007_t007_niriss_clear-f150w_i2d.fits,2048.0,2071.0,110.0003418,False,187.7109611005609,12.512112137091897
