file,width,height,offset,chosen
jw03055-o008_t008_nircam_clear-f090w_i2d.fits,9891.0,4390.0,110.0002655,True
jw03055-o008_t008_nircam_clear-f150w_i2d.fits,9892.0,4390.0,110.0002655,True
jw03055-o008_t008_nircam_clear-f277w_i2d.fits,4874.0,2115.0,110.0002655,True
jw03055-o008_t008_nircam_clear-f356w_i2d.fits,4875.0,2114.0,110.0002655,True
