file,width,height,offset,chosen,CRVAL1,CRVAL2
jw01995-o001_t001_niriss_clear-f115w_i2d.fits,3828.0,2770.0,345.4922199340757,False,210.92956663472157,54.454447410156206
jw01995-o001_t001_nircam_clear-f115w_i2d.fits,13597.0,5933.0,58.00017994895969,True,210.87627233887613,54.36102046986249
jw01995-o001_t001_nircam_clear-f444w_i2d.fits,6720.0,2862.0,58.00017994895969,True,210.87658301994148,54.36103873510204
