file,width,height,offset,chosen,CRVAL1,CRVAL2
jw03055-o006_t006_nircam_clear-f090w_i2d.fits,9891.0,4389.0,120.0002806,True,187.42217067737514,7.97370342457709
jw03055-o006_t006_nircam_clear-f150w_i2d.fits,9892.0,4390.0,120.0002806,True,187.42217171688029,7.973703404831051
jw03055-o006_t006_nircam_clear-f277w_i2d.fits,4874.0,2114.0,120.0002806,True,187.42233017607043,7.973806737876359
jw03055-o006_t006_nircam_clear-f356w_i2d.fits,4875.0,2114.0,120.0002806,True,187.42232889050376,7.973800109173733
jw03055-o006_t006_niriss_clear-f090w_i2d.fits,2048.0,2071.0,241.6088928,False,187.4027432885837,8.070232917685923
jw03055-o006_t006_niriss_clear-f150w_i2d.fits,2048.0,2071.0,241.6088928,False,187.4027312215618,8.070241691866567
