file,width,height,offset,chosen,CRVAL1,CRVAL2
jw01685-o001_t001_nircam_clear-f090w_i2d.fits,9875.0,4368.0,86.00024064399017,True,64.35680620822758,-62.76967159361903
jw01685-o001_t001_nircam_clear-f277w_i2d.fits,4866.0,2106.0,86.00024064399017,True,64.35693913629163,-62.769832697957355
jw01685-o001_t001_nircam_clear-f150w_i2d.fits,9876.0,4368.0,86.00024064399017,True,64.356805949573,-62.7696712561658
