file,width,height,offset,chosen,CRVAL1,CRVAL2
jw01685-o002_t001_nircam_clear-f090w_i2d.fits,9875.0,4368.0,86.00024064399017,True,64.35958202710472,-62.76802222048465
jw01685-o002_t001_nircam_clear-f150w_i2d.fits,9876.0,4368.0,86.00024064399017,True,64.35958016168586,-62.76802163476321
jw01685-o002_t001_nircam_clear-f277w_i2d.fits,4866.0,2106.0,86.00024064399017,True,64.35969005134595,-62.76819465164779
