file,width,height,offset,chosen,CRVAL1,CRVAL2
jw01685-o006_t003_nircam_clear-f090w_i2d.fits,9876.0,4378.0,173.00046966191155,True,184.67604036351307,47.32216801210786
jw01685-o006_t003_nircam_clear-f277w_i2d.fits,4866.0,2107.0,173.00046966191155,True,184.67633639030507,47.322226363693915
jw01685-o006_t003_nircam_clear-f150w_i2d.fits,9876.0,4378.0,173.00046966191155,True,184.67604108822172,47.32216742772465
