file,width,height,offset,chosen,CRVAL1,CRVAL2
jw01685-o005_t003_nircam_clear-f090w_i2d.fits,9876.0,4378.0,1.5631927788507298e-11,True,184.72468800727745,47.35718748414554
jw01685-o005_t003_nircam_clear-f150w_i2d.fits,9876.0,4378.0,173.00046966191155,True,184.7246907471461,47.35718723910866
jw01685-o005_t003_nircam_clear-f277w_i2d.fits,4866.0,2107.0,173.00046966191155,True,184.72499454601328,47.35723778658986
jw01685-o006_t003_nircam_clear-f090w_i2d.fits,9876.0,4378.0,1.5631927788507298e-11,False,184.67604036351307,47.32216801210786
jw01685-c1007_t003_nircam_clear-f277w_i2d.fits,7681.0,2429.0,1.5631927788507298e-11,False,184.70150038362803,47.339104570354
jw01685-o006_t003_nircam_clear-f277w_i2d.fits,4866.0,2107.0,173.00046966191155,False,184.67633639030507,47.322226363693915
jw01685-c1007_t003_nircam_clear-f150w_i2d.fits,15548.0,5049.0,173.00046966191155,False,184.70120097443524,47.33904801893622
jw01685-o006_t003_nircam_clear-f150w_i2d.fits,9876.0,4378.0,173.00046966191155,False,184.67604108822172,47.32216742772465
jw01685-c1007_t003_nircam_clear-f090w_i2d.fits,15547.0,5049.0,173.00046966191155,False,184.7011998388769,47.33904775036225
