file,width,height,offset,chosen,CRVAL1,CRVAL2
jw01685-o008_t004_nircam_clear-f277w_i2d.fits,4866.0,2107.0,86.00024353693217,True,211.65648799687128,-5.431648120469936
jw01685-o008_t004_nircam_clear-f090w_i2d.fits,9876.0,4374.0,86.00024353693217,True,211.65632563559495,-5.431747887230711
jw01685-o008_t004_nircam_clear-f150w_i2d.fits,9876.0,4374.0,86.00024353693217,True,211.65632572171148,-5.431748197304685
