file,width,height,offset,chosen,CRVAL1,CRVAL2
jw01685-o007_t004_nircam_clear-f090w_i2d.fits,9876.0,4374.0,86.00024353693217,True,211.65595303872183,-5.431560847128643
jw01685-o007_t004_nircam_clear-f150w_i2d.fits,9876.0,4375.0,86.00024353693217,True,211.65596164304657,-5.431557045998866
jw01685-o007_t004_nircam_clear-f277w_i2d.fits,4867.0,2107.0,86.00024353693217,True,211.65611733993242,-5.431448839125416
