file,width,height,offset,chosen,CRVAL1,CRVAL2
jw01685-o010_t005_nircam_clear-f090w_i2d.fits,9874.0,4373.0,86.000237665022,True,215.60524566601146,-0.36434922933921793
jw01685-o010_t005_nircam_clear-f150w_i2d.fits,9875.0,4373.0,86.000237665022,True,215.6052328570017,-0.3643619028679963
jw01685-o010_t005_nircam_clear-f277w_i2d.fits,4866.0,2107.0,86.000237665022,True,215.60510855740438,-0.3644793075836961
