file,width,height,offset,chosen
jw01685-o010_t005_nircam_clear-f090w_i2d.fits,9874.0,4373.0,86.000237665022,True
jw01685-o010_t005_nircam_clear-f150w_i2d.fits,9875.0,4373.0,86.000237665022,True
jw01685-o010_t005_nircam_clear-f277w_i2d.fits,4866.0,2107.0,86.000237665022,True
