file,width,height,offset,chosen,CRVAL1,CRVAL2,CRVAL1fix,CRVAL2fix
jw01685-o009_t005_nircam_clear-f277w_i2d.fits,4866,2106,86.000237665022,True,215.607127654602,-0.365069468319962,215.607136,-0.365065
jw01685-o009_t005_nircam_clear-f090w_i2d.fits,9874,4372,86.000237665022,True,215.607281040813,-0.364953420508379,,
jw01685-o009_t005_nircam_clear-f150w_i2d.fits,9875,4373,86.000237665022,True,215.607276287799,-0.36495142023882,215.607276,-0.364953
