file,width,height,offset,chosen,CRVAL1,CRVAL2
jw01685-o012_t006_nircam_clear-f277w_i2d.fits,4866.0,2106.0,86.00024953702992,True,218.1763644069057,-44.150250840906025
