file,width,height,offset,chosen,CRVAL1,CRVAL2
jw01685-o011_t006_nircam_clear-f150w_i2d.fits,9876.0,4372.0,86.000237665022,True,218.16658370054358,-44.1976486065027
jw01685-o011_t006_nircam_clear-f277w_i2d.fits,4866.0,2107.0,86.000237665022,True,218.16671465119558,-44.197491851749255
jw01685-o011_t006_nircam_clear-f090w_i2d.fits,9876.0,4372.0,86.000237665022,True,218.16658300873968,-44.19764936521782
