file,width,height,offset,chosen,CRVAL1,CRVAL2
jw03772-o002_t001_miri_f560w_i2d.fits,1116.0,1139.0,3.9967538076219498,True,308.85309970948157,60.13417035462942
jw03772-o002_t001_miri_f770w_i2d.fits,1116.0,1139.0,3.9967538076219498,True,308.8531069831249,60.134169183475244
jw03772-o002_t001_miri_f1000w_i2d.fits,1116.0,1139.0,3.9967538076219498,True,308.8530857578078,60.13418507745706
jw03772-o002_t001_miri_f2100w_i2d.fits,1116.0,1139.0,3.9967538076219498,True,308.85309977245277,60.13417659539847
