file,width,height,offset,chosen,CRVAL1,CRVAL2
jw04515-o101_t001_nircam_clear-f182m_i2d.fits,9886.0,4383.0,52.0001267,True,266.406783994503,-29.023232642779373
jw04515-o101_t001_nircam_clear-f360m_i2d.fits,4871.0,2111.0,52.0001267,True,266.4068107186688,-29.02302451412949
