file,width,height,offset,chosen,CRVAL1,CRVAL2
jw02772-o101_t001_nircam_clear-f140m_i2d.fits,9883.0,4379.0,241.9231951110808,True,266.40681052781304,-29.02320150578797
jw02772-o101_t001_niriss_clear-f200w_i2d.fits,2044.0,2067.0,52.00012672380419,True,266.33696525903474,-28.945410524040994
jw02772-o101_t001_nircam_clear-f250m_i2d.fits,4870.0,2110.0,52.00012672380419,True,266.4068452314378,-29.022993946950333
