file,width,height,offset,chosen
jw01306-o001_t001_nircam_clear-f182m_i2d.fits,9899,4311,241.996464246486,True
jw01306-o001_t001_nircam_clear-f360m_i2d.fits,4870,2109,52.0346267472251,True
