file,width,height,offset,chosen,CRVAL1,CRVAL2,CRVAL1fix,CRVAL2fix
jw01306-o001_t001_nircam_clear-f182m_i2d.fits,9899,4311,241.996464246486,True,266.406765769562,-29.023272462242,266.40433,-29.02375
jw01306-o001_t001_nircam_clear-f360m_i2d.fits,4870,2109,52.0346267472251,True,266.406825975712,-29.0230671976757,266.404381,-29.02356
