file,width,height,offset,chosen,CRVAL1,CRVAL2
jw02064-o015_t008_miri_f1500w-sub256_i2d.fits,294.0,295.0,4.52295774193771,True,330.5069792820231,-31.86910486445333
jw02064-o015_t008_miri_f1000w-sub256_i2d.fits,294.0,295.0,2.235148354775286,True,330.5078053012865,-31.86984071276823
jw02064-o015_t008_miri_f1800w-sub256_i2d.fits,294.0,295.0,4.824217650515818,True,330.5059236990548,-31.86839066292854
jw02064-o015_t008_miri_f560w-sub256_i2d.fits,294.0,295.0,0.5567610266274512,True,330.5077846595503,-31.86984187709428
jw02064-o015_t008_miri_f2100w-sub256_i2d.fits,295.0,296.0,4.52295774193771,True,330.5048382025618,-31.86763971197788
