file,width,height,offset,chosen
jw02729-o001_t001_nircam_clear-f444w_i2d.fits,7051.0,4161.0,69.20986793865629,True
jw02729-o001_t001_nircam_clear-f200w_i2d.fits,14274.0,8458.0,69.20986793865629,True
jw02729-o001_t001_nircam_clear-f335m_i2d.fits,7051.0,4166.0,58.45248265323129,True
jw02729-o001_t001_nircam_f444w-f470n_i2d.fits,7047.0,4164.0,69.20986793865629,True
jw02729-o001_t001_nircam_clear-f187n_i2d.fits,14505.0,8578.0,69.00985868482917,True
jw02729-o001_t001_nircam_clear-f090w_i2d.fits,14328.0,8502.0,69.00985868482917,True
