file,width,height,offset,chosen,CRVAL1,CRVAL2
jw02559-o001_t001_nircam_clear-f322w2_i2d.fits,9290.0,4050.0,137.9743899747638,True,5.6629215821845875,-72.07670303320631
jw02559-o001_t001_nircam_clear-f150w2_i2d.fits,18787.0,8370.0,137.9743899747638,True,5.663624269782432,-72.0766813761964
