file,width,height,offset,chosen,CRVAL1,CRVAL2
jw01031-o012_t010_miri_f770w_i2d.fits,1112.0,1080.0,1.715014060649423,True,269.6039357947767,66.65356000134909
jw01047-o001_t006_miri_f1280w_i2d.fits,1051.0,1051.0,4.744249900924387,True,269.5990976499671,66.65129400045839
