file,width,height,offset,chosen,CRVAL1,CRVAL2
jw02875-o002_t007_nircam_clear-f090w_i2d.fits,10074.0,4572.0,83.1002386,True,161.75784688747135,17.251376167361844
jw02875-o002_t007_nircam_clear-f150w_i2d.fits,10074.0,4572.0,83.1002386,True,161.7578486506033,17.251375213763446
jw02875-o002_t007_nircam_clear-f277w_i2d.fits,4964.0,2204.0,204.1330823,True,161.7580060879225,17.251486175229903
jw02875-o002_t007_niriss_clear-f090w_i2d.fits,2133.0,2156.0,83.1002386,False,161.736091043702,17.34759592704643
jw02875-o002_t007_niriss_clear-f150w_i2d.fits,2133.0,2156.0,204.1330823,False,161.73607838846564,17.347604178727966
