file,width,height,offset,chosen,CRVAL1,CRVAL2
jw02559-o051_t002_nircam_clear-f322w2_i2d.fits,5670.0,4381.0,71.63921470268765,True,5.583417676754587,-72.06096128191989
jw02559-o051_t002_nircam_clear-f150w2_i2d.fits,11536.0,8960.0,71.63921470268765,True,5.583234746797777,-72.06075856848379
