file,width,height,offset,chosen,CRVAL1,CRVAL2
jw02875-o001_t001_niriss_clear-f090w_i2d.fits,2046.0,2071.0,209.9881388,False,121.36333942896684,-11.359584103471402
jw02875-o001_t001_nircam_clear-f277w_i2d.fits,4874.0,2114.0,209.9881388,True,121.40247519386017,-11.45015450268215
jw02875-o001_t001_nircam_clear-f150w_i2d.fits,9892.0,4389.0,86.0002376,True,121.40235975340347,-11.450281624579311
jw02875-o001_t001_niriss_clear-f150w_i2d.fits,2048.0,2071.0,86.0002376,False,121.3633261570388,-11.35958427284688
jw02875-o001_t001_nircam_clear-f090w_i2d.fits,9887.0,4388.0,86.0002376,True,121.4023621770547,-11.450270682071018
