file,width,height,offset,chosen,CRVAL1,CRVAL2,CRVAL1fix,CRVAL2fix
jw02733-o001_t001_nircam_clear-f187n_i2d.fits,4826,4805,8.82002641813634,True,151.757005858902,-40.4366579691065,151.75701,-40.436658
jw02733-o001_t001_nircam_clear-f090w_i2d.fits,4896,4886,8.82002639483089,True,151.75700983612,-40.4366570001619,,
jw02733-o001_t001_nircam_clear-f356w_i2d.fits,2356,2348,8.82002458124476,True,151.757225330522,-40.4364503585168,151.75721,
jw02733-o001_t001_nircam_clear-f212n_i2d.fits,4858,4848,8.82002460373568,True,151.757014092247,-40.4366541745504,,
jw02733-o001_t001_nircam_f405n-f444w_i2d.fits,2356,2348,8.82002458124476,True,151.757219916561,-40.4364532199056,151.757188,-40.436459
jw02733-o001_t001_nircam_f444w-f470n_i2d.fits,2356,2348,8.82002641813634,True,151.757203011937,-40.4364860747584,151.757175,-40.436485
