file,width,height,offset,chosen
jw01234-c1002_t003_nircam_clear-f356w_i2d.fits,5649.0,2201.0,56.40550084056991,True
jw01234-o006_t003_nircam_clear-f356w_i2d.fits,5649.0,2201.0,56.40550084056991,False
jw01234-c1002_t003_nircam_clear-f444w_i2d.fits,5648.0,2201.0,56.2055009253339,True
jw01234-o006_t003_nircam_clear-f200w_i2d.fits,11490.0,4520.0,56.2055009253339,True
jw01234-c1002_t003_nircam_clear-f200w_i2d.fits,11490.0,4520.0,62.4055002519254,False
jw01234-o006_t003_nircam_clear-f444w_i2d.fits,5648.0,2201.0,62.4055002519254,False
jw01234-c1002_t003_nircam_clear-f115w_i2d.fits,11419.0,4488.0,56.40550084056991,True
jw01234-o006_t003_nircam_clear-f115w_i2d.fits,11419.0,4488.0,56.40550084056991,False
