file,width,height,offset,chosen,CRVAL1,CRVAL2
jw05627-o028_t008_nircam_clear-f187n-sub640_i2d.fits,1455.0,1631.0,3.0999999,True,190.53411740210666,32.54195099573438
jw05627-o028_t008_nircam_clear-f335m-sub640_i2d.fits,648.0,740.0,3.0999999,True,190.53412044240622,32.54199380461198
