file,width,height,offset,chosen
jw01234-o010_t006_nircam_clear-f200w_i2d.fits,11665.0,4631.0,435.5563913389688,True
jw01234-o010_t006_nircam_clear-f115w_i2d.fits,11614.0,4674.0,483.7409348359416,True
jw01234-o010_t006_miri_f1000w_i2d.fits,1482.0,1124.0,24.50416876809625,True
jw01234-o010_t006_miri_f1500w_i2d.fits,1482.0,1124.0,24.50417089994158,True
jw01234-o010_t006_nircam_clear-f356w_i2d.fits,5655.0,2224.0,24.30416866265651,True
jw01234-o010_t006_nircam_clear-f444w_i2d.fits,5654.0,2224.0,25.09597212989837,True
