file,width,height,offset,chosen
jw02731-o001_t017_nircam_clear-f187n_i2d.fits,14276.0,8523.0,69.00985868482917,True
jw02731-o001_t017_nircam_clear-f335m_i2d.fits,7062.0,4179.0,69.00985868482917,True
jw02731-o001_t017_nircam_clear-f200w_i2d.fits,14503.0,8673.0,69.20986793865629,True
jw02731-o001_t017_nircam_clear-f090w_i2d.fits,14215.0,8421.0,69.00985868482917,True
jw02731-o001_t017_nircam_clear-f444w_i2d.fits,7051.0,4167.0,69.20986793865629,True
jw02731-o001_t017_nircam_f444w-f470n_i2d.fits,7047.0,4167.0,69.00985868482917,True
