file,width,height,offset,chosen,CRVAL1,CRVAL2
jw02064-o003_t002_miri_f560w-sub256_i2d.fits,294.0,295.0,2.2351483547752857,True,146.4251196490344,-14.32644557626792
jw02064-o003_t002_miri_f1000w-sub256_i2d.fits,294.0,295.0,2.2351483547752857,True,146.42510192360447,-14.326443161388903
jw02064-o003_t002_miri_f1500w-sub256_i2d.fits,340.0,343.0,4.806576734803697,True,146.425015676029,-14.326581973297435
jw02064-o003_t002_miri_f1800w-sub256_i2d.fits,338.0,343.0,4.806576734803697,True,146.425021231601,-14.32657921773704
jw02064-o003_t002_miri_f2100w-sub256_i2d.fits,340.0,343.0,4.806576734803697,True,146.4250311566883,-14.32657595166234
