file,width,height,offset,chosen
jw04571-o002_t002_nircam_f150w2-f164n_i2d.fits,4915.0,4893.0,8.8200246,True
jw04571-o002_t002_nircam_clear-f212n_i2d.fits,4916.0,4894.0,8.8200246,True
jw04571-o002_t002_nircam_clear-f356w_i2d.fits,2356.0,2348.0,8.8200246,True
jw04571-o002_t002_nircam_f405n-f444w_i2d.fits,2355.0,2348.0,8.8200246,True
