file,width,height,offset,chosen,CRVAL1,CRVAL2
jw02107-o043_t014_nircam_clear-f360m_i2d.fits,2174.0,2167.0,386.1598884114021,True,185.71243474427612,15.826691050737047
jw02107-o043_t014_miri_f1130w_i2d.fits,1086.0,1076.0,386.1598884114021,True,185.65127538337012,15.744603186444374
jw02107-o043_t014_miri_f2100w_i2d.fits,1086.0,1076.0,386.1598884114021,True,185.65126797303776,15.744611463063725
jw02107-o043_t014_nircam_clear-f200w_i2d.fits,4539.0,4518.0,386.1598884114021,True,185.71255896757646,15.826910992135927
jw02107-o043_t014_miri_f1000w_i2d.fits,1086.0,1076.0,62.61372693989904,True,185.65127937469163,15.744611146516101
jw02107-o043_t014_miri_f770w_i2d.fits,1086.0,1076.0,62.61372693989904,True,185.65125969216552,15.744614104034017
jw02107-o043_t014_nircam_clear-f300m_i2d.fits,2174.0,2167.0,62.61372693989904,True,185.71242370499544,15.82669686389433
jw02107-o043_t014_nircam_clear-f335m_i2d.fits,2174.0,2167.0,62.61372693989904,True,185.71242989705942,15.826695966275121
