file,width,height,offset,chosen,CRVAL1,CRVAL2
jw02016-o011_t011_miri_f770w_i2d.fits,1032.0,1028.0,0.4820290001665626,True,40.28143444228211,-8.233613840573891
jw02016-o011_t011_miri_f1130w_i2d.fits,1032.0,1028.0,0.4820290001665626,True,40.28145279662144,-8.233616110897453
jw02016-o011_t011_miri_f560w_i2d.fits,1032.0,1028.0,0.5240270001498288,True,40.28143621944211,-8.233611380369053
