file,width,height,offset,chosen,CRVAL1,CRVAL2,CRVAL1fix,CRVAL2fix
jw01190-o001_t001_nircam_clear-f430m_i2d.fits,4869,2110,1.56319277885073E-11,True,85.4240813648511,-1.9095331383217,85.424072,-1.90955
jw01190-o001_t001_nircam_clear-f360m_i2d.fits,4871,2109,1.56319277885073E-11,True,85.4240693987753,-1.9095442722495,,
jw01190-o001_t001_nircam_clear-f182m_i2d.fits,9880,4384,1.56319277885073E-11,True,85.4240228661169,-1.90974152560578,85.424083,-1.909767
jw01190-o001_t001_nircam_clear-f140m_i2d.fits,9884,4381,1.56319277885073E-11,True,85.4240428160272,-1.90975322501345,,
