file,width,height,offset,chosen
jw02729-o002_t001_miri_f1130w_i2d.fits,1808.0,1163.0,15.75668514636254,True
jw02729-o002_t001_miri_f770w_i2d.fits,1808.0,1163.0,10.8297320237947,True
jw02729-o002_t001_miri_f1000w_i2d.fits,1808.0,1168.0,46.399029437401,True
jw02729-o002_t001_miri_f1800w_i2d.fits,1808.0,1168.0,46.01108614746529,True
