file,width,height,offset,chosen,CRVAL1,CRVAL2
jw04793-o014_t014_nircam_f405n-f444w_i2d.fits,2356.0,2349.0,8.8200246,True,204.3821081451339,8.883445059314383
jw04793-o014_t014_nircam_clear-f335m_i2d.fits,2356.0,2350.0,8.8200246,True,204.38209558689758,8.883441802643988
jw04793-o014_t014_nircam_clear-f444w_i2d.fits,2356.0,2349.0,8.8200246,False,204.3821040235784,8.883443331740681
jw04793-o014_t014_nircam_clear-f360m_i2d.fits,2356.0,2349.0,8.8200246,True,204.38209941959184,8.883444862703534
jw04793-o014_t014_nircam_clear-f277w_i2d.fits,2355.0,2350.0,8.8200246,True,204.38207758346277,8.883433696989965
