file,width,height,offset,chosen,CRVAL1,CRVAL2
jw01238-o016_t018_miri_f770w_i2d.fits,1032.0,1028.0,0.4488829998838355,True,62.34147919475214,30.788532837764837
jw01238-o016_t018_miri_f2550w_i2d.fits,1032.0,1028.0,0.4488829998838355,True,62.34149702147388,30.788539683022833
jw01238-o016_t018_miri_f1280w_i2d.fits,1032.0,1028.0,0.4488829998838355,True,62.34150269794666,30.788538296076304
