file,width,height,offset,chosen,CRVAL1,CRVAL2
jw01238-o017_t014_miri_f770w_i2d.fits,1032.0,1028.0,0.4488829998838355,True,62.33867241413582,30.772486294634355
jw01238-o017_t014_miri_f1280w_i2d.fits,1032.0,1028.0,0.4488829998838355,True,62.338696485824876,30.772491593631827
jw01238-o017_t014_miri_f2550w_i2d.fits,1032.0,1028.0,0.4488829998838355,True,62.3386904763827,30.77249321940431
