file,width,height,offset,chosen,CRVAL1,CRVAL2
jw04793-o008_t008_nircam_f405n-f444w_i2d.fits,2356.0,2349.0,8.8200246,True,143.04054442718274,21.499424784937624
jw04793-o008_t008_nircam_clear-f187n_i2d.fits,4910.0,4895.0,8.8200246,True,143.04065854335278,21.499640205824736
jw04793-o008_t008_nircam_f150w2-f164n_i2d.fits,4910.0,4896.0,8.8200246,True,143.04066159642298,21.49963872702306
jw04793-o008_t008_nircam_clear-f335m_i2d.fits,2356.0,2349.0,8.8200246,True,143.04053394969839,21.49942545100697
jw04793-o008_t008_nircam_clear-f212n_i2d.fits,4916.0,4896.0,8.8200246,True,143.0406390824777,21.49964911313114
jw04793-o008_t008_nircam_clear-f444w_i2d.fits,2356.0,2349.0,8.8200246,False,143.04054220088574,21.49942224679427
jw04793-o008_t008_nircam_clear-f200w_i2d.fits,4909.0,4895.0,8.8200246,True,143.04063827232935,21.4996348602973
jw04793-o008_t008_nircam_clear-f277w_i2d.fits,2358.0,2350.0,8.8200246,True,143.0405142124752,21.49944242437212
