file,width,height,offset,chosen,CRVAL1,CRVAL2
jw04783-o002_t002_nircam_clear-f090w_i2d.fits,9880.0,4381.0,86.5702407,True,9.777429544739611,48.41021652128741
jw04783-o002_t002_nircam_clear-f115w_i2d.fits,9881.0,4381.0,86.5702407,True,9.777430429566202,48.41021587322696
jw04783-o002_t002_nircam_clear-f150w_i2d.fits,9881.0,4381.0,86.5702407,True,9.777431475512659,48.41021568227123
jw04783-o002_t002_nircam_clear-f277w_i2d.fits,4869.0,2109.0,86.5702407,True,9.77762716891028,48.41031971916269
jw04783-o002_t002_nircam_clear-f356w_i2d.fits,4869.0,2109.0,86.5702407,True,9.777627024202094,48.4103129152663
jw04783-o002_t002_nircam_clear-f444w_i2d.fits,4868.0,2109.0,86.5702407,True,9.777620896767099,48.41031978097731
