file,width,height,offset,chosen,CRVAL1,CRVAL2
jw03696-o001_t001_miri_f560w_i2d.fits,1050.0,1029.0,1.1759164,True,342.96369017058987,-20.58520117397931
jw03696-o001_t001_miri_f1000w_i2d.fits,1050.0,1029.0,1.1759164,True,342.9637073921313,-20.58519599606837
jw03696-o001_t001_miri_f1800w_i2d.fits,1050.0,1029.0,1.1759164,True,342.9637140853682,-20.585211054414568
