file,width,height,offset,chosen,CRVAL1,CRVAL2
jw05627-o024_t007_nircam_clear-f182m-sub640_i2d.fits,1455.0,1631.0,4.6953684,True,186.4448170369983,12.6613548845717
jw05627-o024_t007_nircam_clear-f335m-sub640_i2d.fits,648.0,740.0,4.6953684,True,186.44482483647636,12.661295279031744
jw05627-o022_t007_miri_f560w-sub128_i2d.fits,221.0,214.0,3.0999999,True,186.4452297312684,12.662208785752924
jw05627-o022_t007_miri_f770w-sub128_i2d.fits,221.0,214.0,8.8200246,True,186.44522641714127,12.662207942189111
jw05627-o022_t007_miri_f1130w-sub128_i2d.fits,221.0,214.0,8.8200246,True,186.44524157075475,12.66219608357354
jw05627-o022_t007_miri_f1500w-sub128_i2d.fits,221.0,214.0,3.0999999,True,186.44525218746736,12.66220844800913
jw05627-o022_t007_miri_f1800w-sub128_i2d.fits,221.0,214.0,4.6953684,True,186.44524252950723,12.662187494437097
jw05627-o023_t007_nircam_clear-f182m_i2d.fits,4537.0,4514.0,4.6953684,False,186.44468523110433,12.658950394227857
jw05627-o023_t007_nircam_clear-f335m_i2d.fits,2173.0,2164.0,4.6953684,False,186.44453754998162,12.658745547877453
