file,width,height,offset,chosen,CRVAL1,CRVAL2
jw05627-o015_t005_nircam_clear-f187n_i2d.fits,4537.0,4516.0,4.6953684,True,67.70544100028256,64.85094559520095
jw05627-o015_t005_nircam_clear-f335m_i2d.fits,2172.0,2164.0,4.6953684,True,67.70573619410676,64.85116411694928
jw05627-o014_t005_miri_f560w-sub128_i2d.fits,221.0,215.0,8.8200246,True,67.70471462410173,64.84767420730482
jw05627-o014_t005_miri_f770w-sub128_i2d.fits,221.0,214.0,4.6953684,True,67.70472062244264,64.84767603512014
jw05627-o014_t005_miri_f1130w-sub128_i2d.fits,221.0,214.0,4.6953684,True,67.70468514449824,64.84768704216262
jw05627-o014_t005_miri_f1500w-sub128_i2d.fits,221.0,214.0,4.6953684,True,67.70466137526824,64.84767424766036
jw05627-o014_t005_miri_f1800w-sub128_i2d.fits,221.0,214.0,8.8200246,True,67.70468308415205,64.84769518494991
