file,width,height,offset,chosen,CRVAL1,CRVAL2
jw03738-o002_t001_miri_f560w_i2d.fits,1050.0,1029.0,1.1759164,True,13.775788432728971,-37.720016547367784
jw03738-o002_t001_miri_f770w_i2d.fits,1050.0,1029.0,1.1759164,True,13.775788098228675,-37.72001356863937
jw03738-o002_t001_miri_f1000w_i2d.fits,1050.0,1029.0,1.1759164,True,13.775774505492365,-37.720029124256655
