file,width,height,offset,chosen,CRVAL1,CRVAL2
jw05627-o034_t010_miri_f560w-sub128_i2d.fits,221.0,214.0,4.6953684,True,223.49032954102051,3.544568268625368
jw05627-o034_t010_miri_f770w-sub128_i2d.fits,221.0,214.0,4.6953684,True,223.49032745802057,3.544566105778081
jw05627-o034_t010_miri_f1130w-sub128_i2d.fits,221.0,214.0,4.6953684,True,223.4903444845215,3.544558630023106
jw05627-o034_t010_miri_f1500w-sub128_i2d.fits,221.0,214.0,4.6953684,True,223.49035168102043,3.544572873040615
jw05627-o034_t010_miri_f1800w-sub128_i2d.fits,221.0,214.0,4.6953684,True,223.4903473565205,3.5445502100987474
