file,width,height,offset,chosen,CRVAL1,CRVAL2
jw05627-o020_t006_nircam_clear-f187n-sub640_i2d.fits,1455.0,1631.0,8.8200246,True,150.4911007760955,55.67908669881482
jw05627-o020_t006_nircam_clear-f335m-sub640_i2d.fits,648.0,740.0,8.8200246,True,150.49115120362822,55.67903524683855
jw05627-o018_t006_miri_f560w-sub128_i2d.fits,221.0,215.0,3.0999999,True,150.49125495552764,55.68006241265421
jw05627-o018_t006_miri_f770w-sub128_i2d.fits,221.0,214.0,4.6953684,True,150.49125327409166,55.68005799339111
jw05627-o018_t006_miri_f1130w-sub128_i2d.fits,221.0,214.0,4.6953684,True,150.49128429866298,55.680051563337855
jw05627-o018_t006_miri_f1500w-sub128_i2d.fits,221.0,214.0,4.6953684,True,150.4912956791954,55.68006657475716
jw05627-o018_t006_miri_f1800w-sub128_i2d.fits,221.0,214.0,3.0999999,True,150.49129032257466,55.68004328249365
jw05627-o019_t006_nircam_clear-f187n_i2d.fits,4534.0,4511.0,4.6953684,False,150.49234057964117,55.67684563658465
jw05627-o019_t006_nircam_clear-f335m_i2d.fits,2173.0,2163.0,4.6953684,False,150.49221653883657,55.67662037041969
