file,width,height,offset,chosen,CRVAL1,CRVAL2
jw06615-o002_t001_miri_f770w_i2d.fits,2900.0,1539.0,103.4784156,True,84.687290207114,-69.09684120195386
