file,width,height,offset,chosen,CRVAL1,CRVAL2,CRVAL1fix,CRVAL2fix
jw02662-o001_t001_nircam_clear-f335m_i2d.fits,5735,2998,91.0457770945442,True,22.3089343954337,-73.5592630004512,,
jw02662-o001_t001_nircam_clear-f140m_i2d.fits,11642,6141,91.0457770945442,True,22.3084044080436,-73.5591399046206,,
jw02662-o001_t001_nircam_clear-f277w_i2d.fits,5736,2999,91.0457770945442,True,22.3089368391179,-73.5592643241032,22.308942,-73.559265
jw02662-o001_t001_nircam_clear-f480m_i2d.fits,5735,2999,91.0457770945442,True,22.3089301420559,-73.559266762266,22.30894,-73.559266762266
jw02662-o001_t001_nircam_clear-f115w_i2d.fits,11642,6141,91.0457770945442,True,22.3084043913561,-73.5591388252976,,
jw02662-o001_t001_nircam_clear-f210m_i2d.fits,11642,6141,91.0457770945442,True,22.3084070312783,-73.5591405398256,22.308411,-73.5591405398256
jw02662-o001_t001_nircam_clear-f150w_i2d.fits,11642,6141,91.0457770945442,True,22.3084057999354,-73.5591395323561,22.30841,-73.5591395323561
jw02662-o001_t001_nircam_clear-f356w_i2d.fits,5736,2998,91.0457770945442,True,22.3089119222635,-73.559264804921,22.308925,-73.559264804921
