file,width,height,offset,chosen,CRVAL1,CRVAL2
jw05627-o013_t025_miri_f560w_i2d.fits,1717.0,1142.0,34.9583202,True,67.68844137089832,64.84293138830151
jw05627-o013_t025_miri_f770w_i2d.fits,1717.0,1142.0,34.9583202,True,67.68844873615669,64.84293073457005
jw05627-o013_t025_miri_f1130w_i2d.fits,1717.0,1142.0,34.9583202,True,67.68842686090375,64.84293145426732
jw05627-o013_t025_miri_f1500w_i2d.fits,1717.0,1142.0,34.9583202,True,67.68838827431819,64.84293299094716
jw05627-o013_t025_miri_f1800w_i2d.fits,1717.0,1142.0,34.9583202,True,67.68841017122087,64.8429531269618
