file,width,height,offset,chosen,CRVAL1,CRVAL2
jw02016-o008_t008_miri_f560w_i2d.fits,1032.0,1028.0,0.4488829998838355,True,184.71232065949704,47.32044375483549
jw02016-o008_t008_miri_f1130w_i2d.fits,1032.0,1028.0,0.4488829998838355,True,184.71233328337556,47.32045778492306
jw02016-o008_t008_miri_f770w_i2d.fits,1032.0,1028.0,0.4488829998838355,True,184.71232329403347,47.320440716982674
