file,width,height,offset,chosen,CRVAL1,CRVAL2
jw01701-o013_t005_miri_f770w_i2d.fits,1032.0,1028.0,0.4488829998838355,True,11.890750474797295,-25.313736968760917
jw01701-o013_t005_miri_f1130w_i2d.fits,1032.0,1028.0,0.4488829998838355,True,11.89073212670294,-25.31374563509997
jw01701-o013_t005_miri_f560w_i2d.fits,1032.0,1028.0,0.4488829998838355,True,11.890751735953797,-25.313749922571215
