file,width,height,offset,chosen,CRVAL1,CRVAL2
jw02016-o002_t002_miri_f1130w_i2d.fits,1032.0,1028.0,0.4488829998838355,True,186.4258846878194,33.537694802476096
jw02016-o002_t002_miri_f560w_i2d.fits,1032.0,1028.0,0.4488829998838355,True,186.425895471907,33.53768044615288
jw02016-o002_t002_miri_f770w_i2d.fits,1032.0,1028.0,0.4488829998838355,True,186.42589839052877,33.5376817243888
