file,width,height,offset,chosen,CRVAL1,CRVAL2
jw02064-o005_t003_miri_f560w-sub256_i2d.fits,294.0,295.0,2.2351483547752857,True,149.87294404772794,-22.826324198993465
jw02064-o005_t003_miri_f1000w-sub256_i2d.fits,294.0,295.0,2.2351483547752857,True,149.8729269830975,-22.826318165011244
jw02064-o005_t003_miri_f1500w-sub256_i2d.fits,338.0,343.0,4.806576734803697,True,149.87277802343047,-22.826523820174852
jw02064-o005_t003_miri_f1800w-sub256_i2d.fits,339.0,343.0,4.806576734803697,True,149.8727967816469,-22.826494038499888
jw02064-o005_t003_miri_f2100w-sub256_i2d.fits,340.0,343.0,4.806576734803697,True,149.87280367974287,-22.82650297864068
