file,width,height,offset,chosen
jw01701-o057_t021_nircam_clear-f335m_i2d.fits,4863.0,2107.0,24.15410661351904,True
jw01701-o057_t021_nircam_clear-f212n_i2d.fits,9871.0,4378.0,24.15410661351904,True
