file,width,height,offset,chosen,CRVAL1,CRVAL2
jw04793-o002_t002_nircam_f405n-f444w_i2d.fits,2356.0,2349.0,8.8200246,True,55.50388120058577,-47.22140737225648
jw04793-o002_t002_nircam_clear-f187n_i2d.fits,4934.0,4963.0,8.8200246,True,55.50429454405072,-47.22118743359028
jw04793-o002_t002_nircam_clear-f335m_i2d.fits,2356.0,2349.0,8.8200246,True,55.50387642367411,-47.221405148525925
jw04793-o002_t002_nircam_f150w2-f164n_i2d.fits,4950.0,4942.0,8.8200246,True,55.504425014967374,-47.22116809780821
jw04793-o002_t002_nircam_clear-f277w_i2d.fits,2356.0,2349.0,8.8200246,True,55.50387369885336,-47.22140219989762
jw04793-o002_t002_nircam_clear-f150w_i2d.fits,4910.0,4896.0,8.8200246,True,55.50424556976458,-47.22139783338141
jw04793-o002_t002_nircam_clear-f212n_i2d.fits,4948.0,4925.0,8.8200246,True,55.50444609361813,-47.2212440939986
jw04793-o002_t002_nircam_clear-f444w_i2d.fits,2357.0,2349.0,8.8200246,False,55.50388567532042,-47.221397821427594
