file,width,height,offset,chosen
jw01031-o012_t010_miri_f770w_i2d.fits,1112.0,1080.0,1.715014060649423,True
jw01047-o001_t006_miri_f1280w_i2d.fits,1051.0,1051.0,4.744249900924387,True
