file,width,height,offset,chosen,CRVAL1,CRVAL2
jw03055-o014_t014_nircam_clear-f090w_i2d.fits,9876.0,4374.0,110.0002655,True,190.68516131026297,2.6652547055059603
jw03055-o014_t014_nircam_clear-f150w_i2d.fits,9876.0,4374.0,110.0002655,True,190.68516189175796,2.6652546801653663
jw03055-o014_t014_nircam_clear-f277w_i2d.fits,4866.0,2107.0,110.0002655,True,190.68533254202205,2.6653491366412947
jw03055-o014_t014_nircam_clear-f356w_i2d.fits,4867.0,2106.0,110.0002655,True,190.6853309328141,2.665342123222448
