file,width,height,offset,chosen,CRVAL1,CRVAL2
jw05627-o005_t023_miri_f1130w_i2d.fits,1717.0,1142.0,34.9583202,True,35.63536892369202,42.342313682523915
jw05627-o005_t023_miri_f1500w_i2d.fits,1717.0,1142.0,34.9583202,True,35.63536142043571,42.34229848543893
jw05627-o005_t023_miri_f1800w_i2d.fits,1717.0,1142.0,34.9583202,True,35.63536453716009,42.34232101714185
