file,width,height,offset,chosen,CRVAL1,CRVAL2
jw04783-o001_t001_nircam_clear-f090w_i2d.fits,9880.0,4381.0,88.1002471,True,8.225919113964913,48.403405323207096
jw04783-o001_t001_nircam_clear-f115w_i2d.fits,9880.0,4381.0,88.1002471,True,8.225919585498191,48.403404892428696
jw04783-o001_t001_nircam_clear-f150w_i2d.fits,9881.0,4381.0,88.1002471,True,8.225920687534309,48.40340465199802
jw04783-o001_t001_nircam_clear-f277w_i2d.fits,4869.0,2109.0,88.1002471,True,8.226119703153547,48.40350946917747
jw04783-o001_t001_nircam_clear-f356w_i2d.fits,4869.0,2109.0,88.1002471,True,8.226119369357065,48.40350280890557
jw04783-o001_t001_nircam_clear-f444w_i2d.fits,4868.0,2109.0,88.1002471,True,8.226113892973796,48.403509305068006
