file,width,height,offset,chosen,CRVAL1,CRVAL2
jw02064-o063_t007_miri_f1800w-sub256_i2d.fits,340.0,343.0,2.2351483547752857,True,220.59984474717072,-17.25283487919163
jw02064-o063_t007_miri_f1500w-sub256_i2d.fits,340.0,343.0,2.2351483547752857,True,220.599848617858,-17.252825141472517
jw02064-o063_t007_miri_f2100w-sub256_i2d.fits,340.0,343.0,4.806576734803697,True,220.59983782731146,-17.25281791095293
jw02064-o063_t007_miri_f560w-sub256_i2d.fits,294.0,295.0,4.806576734803697,True,220.59973852057956,-17.253011708511522
jw02064-o063_t007_miri_f1000w-sub256_i2d.fits,294.0,295.0,4.806576734803697,True,220.59975569912916,-17.253016174348307
