file,width,height,offset,chosen,CRVAL1,CRVAL2
jw01701-o053_t021_nircam_clear-f250m_i2d.fits,5646,2508,24.3500730103092,True,11.8881878982389,-25.2880008503801
jw01701-o053_t021_nircam_clear-f335m_i2d.fits,4869,2503,24.3500730103092,False,11.8824839100497,-25.2835934201998
jw01701-o053_t021_nircam_clear-f212n_i2d.fits,9888,5174,24.3500730103092,False,11.8825769279493,-25.2837875813421
jw01701-o053_t021_nircam_f150w2-f164n_i2d.fits,11454,5193,24.3500730103092,True,11.8882793111062,-25.2882150700962
jw01701-o053_t021_nircam_clear-f140m_i2d.fits,11454,5193,24.3500730103092,True,11.888276126677,-25.2882139984463
jw01701-o053_t021_nircam_clear-f360m_i2d.fits,5647,2506,24.3500730103092,True,11.8881871047378,-25.288015457786
