file,width,height,offset,chosen,CRVAL1,CRVAL2
jw02064-o011_t006_miri_f560w-sub256_i2d.fits,294.0,295.0,0.5567610266274512,True,201.4335446954166,-29.83385316109896
jw02064-o011_t006_miri_f1500w-sub256_i2d.fits,294.0,295.0,4.824217650515818,True,201.4340171301435,-29.83476424153288
jw02064-o011_t006_miri_f2100w-sub256_i2d.fits,294.0,295.0,4.824217650515818,True,201.4355059571061,-29.83671939594109
jw02064-o011_t006_miri_f1000w-sub256_i2d.fits,294.0,295.0,2.095807032537631,True,201.4335256001847,-29.83384958958668
jw02064-o011_t006_miri_f1800w-sub256_i2d.fits,294.0,295.0,4.806576734803697,True,201.4347616494383,-29.83572167192947
