file,width,height,offset,chosen,CRVAL1,CRVAL2
jw05627-o047_t008_nircam_clear-f187n_i2d.fits,4537.0,4515.0,8.8200246,True,190.53609552399251,32.54321762947255
jw05627-o047_t008_nircam_clear-f335m_i2d.fits,2173.0,2164.0,8.8200246,True,190.5363864521316,32.543273798103804
