file,width,height,offset,chosen,CRVAL1,CRVAL2,CRVAL1fix,CRVAL2fix
jw02733-o002_t001_miri_f1130w_i2d.fits,1735,1163,27.1852165479347,True,151.752679404994,-40.4410607333601,151.752734533422,-40.4410761521526
jw02733-o002_t001_miri_f770w_i2d.fits,1735,1163,25.7623047196982,True,151.752694871572,-40.4410745812075,151.75275,-40.44109
jw02733-o002_t001_miri_f1800w_i2d.fits,1735,1163,13.6734688340259,True,151.752680588943,-40.4410523737589,151.752735717371,-40.4410677925514
jw02733-o002_t001_miri_f1280w_i2d.fits,1735,1163,27.3349820165052,True,151.752670828579,-40.4410647166075,151.752725957007,-40.4410801354001
