file,width,height,offset,chosen,CRVAL1,CRVAL2
jw05627-o007_t003_nircam_clear-f187n_i2d.fits,4536.0,4516.0,8.8200246,True,35.636784722657524,42.35133846694736
jw05627-o007_t003_nircam_clear-f335m_i2d.fits,2173.0,2164.0,8.8200246,True,35.63689370714531,42.35157100474984
