file,width,height,offset,chosen,CRVAL1,CRVAL2
jw01742-o002_t003_miri_f1130w_i2d.fits,1145.0,1157.0,8.01749726118328,True,258.41382948439093,-37.121656976121464
jw01742-o002_t003_miri_f770w_i2d.fits,1145.0,1157.0,8.01749726118328,True,258.4138481337934,-37.12166971928715
jw01742-o002_t003_miri_f1000w_i2d.fits,1145.0,1157.0,8.01749726118328,True,258.4138263959245,-37.121668118206216
