file,width,height,offset,chosen,CRVAL1,CRVAL2
jw05627-o009_t024_miri_f560w_i2d.fits,1717.0,1142.0,34.9583202,True,58.66149124671151,-20.508718711913243
jw05627-o009_t024_miri_f770w_i2d.fits,1717.0,1142.0,34.9583202,True,58.6615130732445,-20.508720256507843
jw05627-o009_t024_miri_f1130w_i2d.fits,1717.0,1143.0,34.9583202,True,58.661519662859746,-20.50872242548547
jw05627-o009_t024_miri_f1500w_i2d.fits,1717.0,1142.0,34.9583202,True,58.6615113566039,-20.508737136103644
jw05627-o009_t024_miri_f1800w_i2d.fits,1717.0,1142.0,34.9583202,True,58.66150937449347,-20.508714327094925
