file,width,height,offset,chosen,CRVAL1,CRVAL2
jw02875-o014_t006_nircam_clear-f090w_i2d.fits,9891.0,4389.0,86.0002257,True,227.3057515400724,-11.34335631869651
jw02875-o014_t006_nircam_clear-f150w_i2d.fits,9891.0,4389.0,86.0002257,True,227.30575289635834,-11.343357448340962
jw02875-o014_t006_nircam_clear-f277w_i2d.fits,4874.0,2114.0,86.0002257,True,227.30589252528938,-11.34324388346691
