file,width,height,offset,chosen
jw02064-o007_t004_miri_f1500w-sub256_i2d.fits,339.0,342.0,2.235148354775286,True
jw02064-o007_t004_miri_f1800w-sub256_i2d.fits,339.0,343.0,2.235148354775286,True
jw02064-o007_t004_miri_f560w-sub256_i2d.fits,294.0,295.0,4.806576734803697,True
jw02064-o007_t004_miri_f2100w-sub256_i2d.fits,339.0,343.0,4.806576734803697,True
jw02064-o007_t004_miri_f1000w-sub256_i2d.fits,294.0,295.0,4.806576734803697,True
