file,width,height,offset,chosen,CRVAL1,CRVAL2
jw03535-o005_t002_miri_f560w_i2d.fits,1032.0,1028.0,0.4488829,True,155.85442626569116,19.852835064805035
jw03535-o005_t002_miri_f770w_i2d.fits,1032.0,1028.0,0.4488829,True,155.85444817784733,19.852838948172675
jw03535-o005_t002_miri_f1130w_i2d.fits,1032.0,1028.0,0.4488829,True,155.8544333857995,19.85285085696896
