file,width,height,offset,chosen,CRVAL1,CRVAL2
jw04793-o010_t010_nircam_clear-f212n_i2d.fits,4909.0,4896.0,8.8200246,True,160.98892412649553,11.702815713896058
jw04793-o010_t010_nircam_clear-f444w_i2d.fits,2356.0,2349.0,8.8200246,True,160.98878852774013,11.702613152592363
jw04793-o010_t010_nircam_clear-f277w_i2d.fits,2356.0,2350.0,8.8200246,True,160.98876426515153,11.702610432429681
jw04793-o010_t010_nircam_clear-f335m_i2d.fits,2356.0,2349.0,8.8200246,True,160.98879916517532,11.702599638211115
