file,width,height,offset,chosen,CRVAL1,CRVAL2
jw03535-o002_t001_miri_f560w_i2d.fits,1032.0,1028.0,0.4488829,True,180.75532412987147,44.528854395472976
jw03535-o002_t001_miri_f770w_i2d.fits,1032.0,1028.0,0.4488829,True,180.7553523283892,44.5288541144389
jw03535-o002_t001_miri_f1130w_i2d.fits,1032.0,1028.0,0.4488829,True,180.75534217026657,44.5288722060751
