file,width,height,offset,chosen,CRVAL1,CRVAL2
jw01701-o001_t024_miri_f770w_i2d.fits,2918.0,1150.0,101.582180063462,True,11.891275400087784,-25.293278485539556
jw01701-o001_t024_miri_f1130w_i2d.fits,2918.0,1150.0,101.582180063462,True,11.891255087246911,-25.293286946053378
jw01701-o001_t024_miri_f560w_i2d.fits,2918.0,1150.0,101.582180063462,True,11.89127421360443,-25.29328163812999
