file,width,height,offset,chosen
jw02016-o011_t011_miri_f770w_i2d.fits,1032.0,1028.0,0.4820290001665626,True
jw02016-o011_t011_miri_f1130w_i2d.fits,1032.0,1028.0,0.4820290001665626,True
jw02016-o011_t011_miri_f560w_i2d.fits,1032.0,1028.0,0.5240270001498288,True
