file,width,height,offset,chosen
jw01478-o015_t003_nircam_f444w-f470n_i2d.fits,4860.0,2109.0,0.386201102837511,True
jw01478-o015_t003_nircam_clear-f212n_i2d.fits,9883.0,4385.0,0.386201102837511,True
