file,width,height,offset,chosen,CRVAL1,CRVAL2
jw02662-o004_t001_miri_f1130w_i2d.fits,1721,2062,52.6582486675764,True,22.3758677887734,-73.5557676234617
jw02662-o004_t001_miri_f1000w_i2d.fits,1721,2062,52.6582486675764,True,22.3758713410991,-73.5557584576979
jw02662-o004_t001_miri_f770w_i2d.fits,1721,2062,52.6582486675764,True,22.3758030323932,-73.5557625759952
jw02662-o004_t001_miri_f2550w_i2d.fits,1721,2062,52.6582486675764,False,22.3758651365557,-73.5557582587814
jw02662-o004_t001_miri_f1500w_i2d.fits,1721,2062,52.6582486675764,True,22.3758845369176,-73.55575201112
