file,width,height,offset,chosen,CRVAL1,CRVAL2
jw01701-o012_t004_miri_f1130w_i2d.fits,1032.0,1028.0,0.4488829998838355,True,11.891518074837617,-25.313108095050474
jw01701-o012_t004_miri_f770w_i2d.fits,1032.0,1028.0,0.4488829998838355,True,11.89153585134351,-25.31309950496998
jw01701-o012_t004_miri_f560w_i2d.fits,1032.0,1028.0,0.4488829998838355,True,11.891537582432829,-25.313113024550933
