file,width,height,offset,chosen,CRVAL1,CRVAL2
jw02987-o003_t001_miri_f770w_i2d.fits,3996.0,10322.0,513.3271227630727,True,11.892042523231165,-25.2928240260292
jw02987-o003_t001_miri_f2100w_i2d.fits,3996.0,10322.0,513.3271227630727,True,11.892036874896402,-25.292829800625903
