file,width,height,offset,chosen,CRVAL1,CRVAL2
jw01328-o017_t010_miri_f560w-brightsky_i2d.fits,551.0,632.0,9.27210973741748,True,345.8156265191423,8.874299356465762
jw01328-o017_t010_miri_f770w-brightsky_i2d.fits,551.0,632.0,1.047353829959622,True,345.8156252044849,8.87429638205776
jw01328-o017_t010_miri_f1500w-brightsky_i2d.fits,551.0,632.0,3.996753784177316,True,345.8156423920759,8.874314734098101
