file,width,height,offset,chosen
jw05627-o021_t027_miri_f560w_i2d.fits,1717.0,1142.0,34.9583202,True
jw05627-o021_t027_miri_f770w_i2d.fits,1717.0,1142.0,34.9583202,True
jw05627-o021_t027_miri_f1130w_i2d.fits,1717.0,1142.0,34.9583202,True
jw05627-o021_t027_miri_f1500w_i2d.fits,1717.0,1142.0,34.9583202,True
jw05627-o021_t027_miri_f1800w_i2d.fits,1717.0,1142.0,34.9583202,True
