file,width,height,offset,chosen,CRVAL1,CRVAL2
jw01638-o004_t004_nircam_clear-f090w_i2d.fits,9891.0,4390.0,287.2361101538132,True,11.660311571472207,-25.49053609491859
jw01638-o004_t004_nircam_clear-f444w_i2d.fits,4874.0,2114.0,287.2361101538132,True,11.660227271670754,-25.490325571924036
jw01638-o004_t004_nircam_clear-f356w_i2d.fits,4874.0,2114.0,287.2361101538132,True,11.660236210622912,-25.490324978805038
jw01638-o004_t004_niriss_clear-f115w_i2d.fits,2049.0,2072.0,1.5631927788507298e-11,False,11.552759139473979,-25.473222497678318
jw01638-o004_t004_nircam_clear-f150w_i2d.fits,9892.0,4390.0,1.5631927788507298e-11,True,11.660310255135338,-25.490534757345657
jw01638-o004_t004_nircam_clear-f115w_i2d.fits,9892.0,4390.0,1.5631927788507298e-11,True,11.660309587299396,-25.49053485761676
jw01638-o004_t004_niriss_clear-f150w_i2d.fits,2048.0,2071.0,1.5631927788507298e-11,False,11.552775738090483,-25.473221636307436
jw01638-o004_t004_nircam_clear-f277w_i2d.fits,4874.0,2114.0,1.5631927788507298e-11,True,11.66022918967124,-25.490321515303556
jw01638-o004_t004_niriss_clear-f090w_i2d.fits,2048.0,2071.0,1.5631927788507298e-11,False,11.552781145433395,-25.473206108153924
