file,width,height,offset,chosen,CRVAL1,CRVAL2
jw05627-o003_t002_miri_f1500w_i2d.fits,1717.0,1142.0,34.9583202,True,11.891534649943356,-25.293913330978857
jw05627-o003_t002_miri_f1800w_i2d.fits,1717.0,1142.0,34.9583202,True,11.891521301820868,-25.293896028326834
