file,width,height,offset,chosen,CRVAL1,CRVAL2
jw01991-o006_t003_miri_f1130w-sub256_i2d.fits,282.0,285.0,0.4488829998838355,True,186.6967610172923,-0.8835847180778045
jw01991-o006_t003_miri_f1000w-sub256_i2d.fits,282.0,285.0,0.4488829998838355,True,186.69675627012316,-0.8835922129213658
jw01991-o006_t003_miri_f770w-sub256_i2d.fits,282.0,285.0,0.4488829998838355,True,186.6967750428714,-0.8835973601155535
