file,width,height,offset,chosen
jw01234-o007_t002_miri_f2100w_i2d.fits,4045.0,1046.0,166.3918701317448,True
jw01234-o007_t002_miri_f1000w_i2d.fits,4045.0,1046.0,165.6755066682921,True
jw01234-o007_t002_miri_f1500w_i2d.fits,4045.0,1046.0,165.4010586253168,True
jw01234-o007_t002_miri_f770w_i2d.fits,4045.0,1046.0,166.7813630771444,True
