file,width,height,offset,chosen,CRVAL1,CRVAL2
jw03055-o001_t001_nircam_clear-f356w_i2d.fits,4867.0,2106.0,52.00016715393264,True,54.12999628025453,-34.96441191123165
jw03055-o001_t001_nircam_clear-f277w_i2d.fits,4865.0,2106.0,52.00016715393264,True,54.12998756010679,-34.96441131533175
jw03055-o001_t001_nircam_clear-f150w_i2d.fits,9876.0,4376.0,52.00016715393264,True,54.13022676171729,-34.96444875687475
jw03055-o001_t001_nircam_clear-f090w_i2d.fits,9875.0,4376.0,52.00016715393264,True,54.130225962045245,-34.964448795156656
