file,width,height,offset,chosen,CRVAL1,CRVAL2
jw02875-o013_t001_nircam_clear-f090w_i2d.fits,9890.0,4389.0,86.0002376,True,121.41920871527303,-11.405436908365685
jw02875-o013_t001_nircam_clear-f150w_i2d.fits,9890.0,4389.0,86.0002376,True,121.41920791005433,-11.40543727124834
jw02875-o013_t001_nircam_clear-f277w_i2d.fits,4873.0,2114.0,86.0002376,True,121.4190496210613,-11.405543003314886
