file,width,height,offset,chosen,CRVAL1,CRVAL2
jw02433-c1000_t002_miri_f560w_i2d.fits,1053.0,1048.0,1.61967219461177,True,35.71717196139487,42.34694544884951
jw02433-o002_t002_miri_f770w_i2d.fits,1054.0,1048.0,1.61967219461177,True,35.71718274011802,42.34696177823932
jw02433-o002_t002_miri_f560w_i2d.fits,1053.0,1048.0,1.61967219461177,False,35.71717196139487,42.34694544884951
jw02433-c1000_t002_miri_f770w_i2d.fits,1054.0,1048.0,1.61967219461177,False,35.71718274011802,42.34696177823932
