file,width,height,offset,chosen,CRVAL1,CRVAL2
jw04972-o001_t001_miri_f560w-sub256_i2d.fits,376.0,367.0,0.4488829,True,41.583327385363916,-30.306346105095336
jw04972-o001_t001_miri_f770w-sub256_i2d.fits,373.0,365.0,0.4488829,True,41.58338492802813,-30.306329779789387
jw04972-o001_t001_miri_f1130w-sub256_i2d.fits,372.0,364.0,0.4488829,True,41.58339988947529,-30.30633257632181
