file,width,height,offset,chosen,CRVAL1,CRVAL2
jw01238-o012_t019_miri_f770w_i2d.fits,1032.0,1028.0,0.4488829998838355,True,62.32030616367067,30.803454733168373
jw01238-o012_t019_miri_f2550w_i2d.fits,1032.0,1028.0,0.4488829998838355,True,62.32032388463292,30.803461344224214
jw01238-o012_t019_miri_f1280w_i2d.fits,1032.0,1028.0,0.4488829998838355,True,62.32032950586958,30.80345999892397
