file,width,height,offset,chosen,CRVAL1,CRVAL2
jw02107-o044_t020_miri_f2100w_i2d.fits,1086.0,1076.0,381.9265746039589,True,185.39547451624082,4.406021194721456
jw02107-o044_t020_nircam_clear-f360m_i2d.fits,2174.0,2167.0,381.9265746039589,True,185.46268873680623,4.4816034024837625
jw02107-o044_t020_nircam_clear-f335m_i2d.fits,2174.0,2167.0,381.9265746039589,True,185.46268777804877,4.481606863166969
jw02107-o044_t020_miri_f1000w_i2d.fits,1086.0,1076.0,381.9265746039589,True,185.39548536605832,4.40601980341058
jw02107-o044_t020_nircam_clear-f200w_i2d.fits,4539.0,4518.0,3.099999942448996,True,185.46283334097566,4.481806804933379
jw02107-o044_t020_nircam_clear-f300m_i2d.fits,2174.0,2167.0,3.099999942448996,True,185.46268426049448,4.4816051908565075
jw02107-o044_t020_miri_f1130w_i2d.fits,1086.0,1076.0,3.099999942448996,True,185.39548061484481,4.4060122704125995
jw02107-o044_t020_miri_f770w_i2d.fits,1086.0,1076.0,3.099999942448996,True,185.3954668693317,4.406024725437699
