file,width,height,offset,chosen
jw01638-o004_t004_nircam_clear-f090w_i2d.fits,9891.0,4390.0,287.2361101538132,True
jw01638-o004_t004_nircam_clear-f444w_i2d.fits,4874.0,2114.0,287.2361101538132,True
jw01638-o004_t004_nircam_clear-f356w_i2d.fits,4874.0,2114.0,287.2361101538132,True
jw01638-o004_t004_niriss_clear-f115w_i2d.fits,2049.0,2072.0,1.56319277885073e-11,False
jw01638-o004_t004_nircam_clear-f150w_i2d.fits,9892.0,4390.0,1.56319277885073e-11,True
jw01638-o004_t004_nircam_clear-f115w_i2d.fits,9892.0,4390.0,1.56319277885073e-11,True
jw01638-o004_t004_niriss_clear-f150w_i2d.fits,2048.0,2071.0,1.56319277885073e-11,False
jw01638-o004_t004_nircam_clear-f277w_i2d.fits,4874.0,2114.0,1.56319277885073e-11,True
jw01638-o004_t004_niriss_clear-f090w_i2d.fits,2048.0,2071.0,1.56319277885073e-11,False
