file,width,height,offset,chosen,CRVAL1,CRVAL2
jw02732-o002_t001_miri_f1000w_i2d.fits,1205.0,1975.0,60.10929532322256,True,338.9962442647253,33.97503736309566
jw02732-o002_t001_miri_f1500w_i2d.fits,1204.0,1975.0,70.20368159796341,True,338.9962449418587,33.975044910661
jw02732-o002_t001_miri_f770w_i2d.fits,1204.0,1975.0,31.51430230893019,True,338.9962256487864,33.97502615162274
jw02732-o001_t001_nircam_clear-f090w_i2d.fits,14341.0,12278.0,118.8000949318828,True,338.9981790180128,33.95829683817674
jw02732-o001_t001_nircam_clear-f150w_i2d.fits,14339.0,12276.0,124.300104423277,True,338.9981813154432,33.95829571379436
jw02732-o001_t001_nircam_clear-f200w_i2d.fits,14343.0,12282.0,122.8367030816891,True,338.9981888119963,33.95830618836004
jw02732-o001_t001_nircam_clear-f356w_i2d.fits,7087.0,6055.0,118.8000949318828,True,338.9982054537667,33.95809869678534
jw02732-o001_t001_nircam_clear-f277w_i2d.fits,7088.0,6058.0,113.5001086946918,True,338.9982449252348,33.95809579805265
jw02732-o001_t001_nircam_clear-f444w_i2d.fits,7069.0,6040.0,124.300104423277,True,338.9982148356726,33.9580977499521
