file,width,height,offset,chosen,CRVAL1,CRVAL2
jw04783-o003_t003_nircam_clear-f090w_i2d.fits,9881.0,4380.0,86.5702407,True,10.064267401147937,41.723443814668144
jw04783-o003_t003_nircam_clear-f115w_i2d.fits,9881.0,4380.0,86.5702407,True,10.064267993195152,41.72344371475928
jw04783-o003_t003_nircam_clear-f150w_i2d.fits,9881.0,4380.0,86.5702407,True,10.064269126912652,41.72344361062978
jw04783-o003_t003_nircam_clear-f277w_i2d.fits,4869.0,2109.0,86.5702407,True,10.064427486792903,41.723590369746155
jw04783-o003_t003_nircam_clear-f356w_i2d.fits,4869.0,2109.0,86.5702407,True,10.064428277174757,41.7235834225589
jw04783-o003_t003_nircam_clear-f444w_i2d.fits,4868.0,2109.0,86.5702407,True,10.064422283771105,41.72358924285152
