file,width,height,offset,chosen,CRVAL1,CRVAL2
jw05627-o016_t005_nircam_clear-f187n-sub640_i2d.fits,1455.0,1629.0,3.0999999,True,67.70603227991401,64.84853917072428
jw05627-o016_t005_nircam_clear-f335m-sub640_i2d.fits,648.0,740.0,3.0999999,True,67.70599781574208,64.84857594700168
