file,width,height,offset,chosen,CRVAL1,CRVAL2
jw05627-o032_t009_nircam_clear-f182m-sub640_i2d.fits,1455.0,1631.0,4.6953684,True,191.28585134279334,-0.46260843896757914
jw05627-o032_t009_nircam_clear-f335m-sub640_i2d.fits,648.0,740.0,4.6953684,True,191.28585849812285,-0.4626709598254085
jw05627-o030_t009_miri_f560w-sub128_i2d.fits,221.0,214.0,4.6953684,True,191.28630425730913,-0.4617562955823159
jw05627-o030_t009_miri_f770w-sub128_i2d.fits,221.0,214.0,3.0999999,True,191.28630140480897,-0.4617570846671921
jw05627-o030_t009_miri_f1130w-sub128_i2d.fits,221.0,214.0,3.0999999,True,191.28631549130893,-0.461769577142553
jw05627-o030_t009_miri_f1500w-sub128_i2d.fits,221.0,214.0,8.8200246,True,191.28632676430922,-0.461758079114913
jw05627-o030_t009_miri_f1800w-sub128_i2d.fits,221.0,214.0,8.8200246,True,191.28631597930928,-0.4617779251479458
jw05627-o031_t009_nircam_clear-f182m_i2d.fits,4536.0,4515.0,4.6953684,False,191.28560927046237,-0.465006573521851
jw05627-o031_t009_nircam_clear-f335m_i2d.fits,2172.0,2164.0,4.6953684,False,191.28546710874306,-0.46520617500465705
