file,width,height,offset,chosen,CRVAL1,CRVAL2
jw02064-o007_t004_miri_f1500w-sub256_i2d.fits,339.0,342.0,2.235148354775286,True,155.87752246933366,19.865520308916064
jw02064-o007_t004_miri_f1800w-sub256_i2d.fits,339.0,343.0,2.235148354775286,True,155.87750875368235,19.865486266037397
jw02064-o007_t004_miri_f560w-sub256_i2d.fits,294.0,295.0,4.806576734803697,True,155.87740885039676,19.865273495026617
jw02064-o007_t004_miri_f2100w-sub256_i2d.fits,339.0,343.0,4.806576734803697,True,155.8775013053504,19.86550372860007
jw02064-o007_t004_miri_f1000w-sub256_i2d.fits,294.0,295.0,4.806576734803697,True,155.87742617111775,19.865267621352533
