file,width,height,offset,chosen,CRVAL1,CRVAL2
jw02064-o009_t005_miri_f1800w-sub256_i2d.fits,340.0,343.0,2.2351483547752857,True,186.44482178727446,12.66167525440159
jw02064-o009_t005_miri_f1000w-sub256_i2d.fits,294.0,295.0,2.2351483547752857,True,186.4449712644205,12.66188989408651
jw02064-o009_t005_miri_f1500w-sub256_i2d.fits,339.0,343.0,4.806576734803697,True,186.4447926380864,12.661647978138623
jw02064-o009_t005_miri_f560w-sub256_i2d.fits,294.0,295.0,4.806576734803697,True,186.44498777658154,12.661883392529704
jw02064-o009_t005_miri_f2100w-sub256_i2d.fits,338.0,343.0,4.806576734803697,True,186.44481539135563,12.661641137622356
