file,width,height,offset,chosen,CRVAL1,CRVAL2
jw03589-o001_t002_nircam_clear-f070w-sub640_i2d.fits,6615.0,2880.0,79.5802343,True,187.04557163899915,44.09477451280567
jw03589-o001_t002_nircam_clear-f150w-sub640_i2d.fits,6614.0,2881.0,79.5802343,True,187.04556992933635,44.09477294795338
jw03589-o001_t002_nircam_clear-f250m-sub640_i2d.fits,3179.0,1361.0,79.5802343,True,187.04557904268358,44.09482149283406
jw03589-o001_t002_nircam_clear-f480m-sub640_i2d.fits,3179.0,1361.0,79.5802343,True,187.0455797887668,44.09481701663943
