file,width,height,offset,chosen,CRVAL1,CRVAL2
jw01192-o001_t011_miri_f1000w_i2d.fits,1041.0,1182.0,8.879541788822507,True,315.31653289769883,68.17096024949505
jw01192-o001_t011_miri_f770w_i2d.fits,1041.0,1182.0,8.879541788822507,True,315.31657544350224,68.1709494808533
jw01192-o001_t011_miri_f560w_i2d.fits,1041.0,1182.0,8.879541788822507,True,315.31656831678265,68.17094930054849
