file,width,height,offset,chosen
jw02729-o004_t004_miri_f1000w_i2d.fits,1032.0,1028.0,0.4487749998285153,True
jw02729-o004_t004_miri_f560w_i2d.fits,1032.0,1028.0,0.4820290001665626,True
jw02729-o004_t004_miri_f770w_i2d.fits,1032.0,1028.0,0.4820290001665626,True
