file,width,height,offset,chosen,CRVAL1,CRVAL2
jw05014-o004_t001_nircam_clear-f140m_i2d.fits,11465.0,4583.0,24.600071,True,204.98296699000508,-31.64016498824199
jw05014-o004_t001_nircam_clear-f182m_i2d.fits,11465.0,4583.0,24.600071,True,204.98296610923356,-31.640164866127872
jw05014-o004_t001_nircam_clear-f187n_i2d.fits,11466.0,4583.0,24.600071,True,204.98296740564643,-31.640164997349263
jw05014-o004_t001_nircam_clear-f300m_i2d.fits,5654.0,2205.0,24.600071,True,204.9831374593802,-31.64004407392145
jw05014-o004_t001_nircam_clear-f430m_i2d.fits,5654.0,2204.0,24.600071,True,204.98314685424566,-31.640045052877106
jw05014-o004_t001_nircam_f405n-f444w_i2d.fits,5652.0,2204.0,24.600071,True,204.98313938660155,-31.64004248795831
