file,width,height,offset,chosen
jw02732-o006_t001_miri_f1500w_i2d.fits,1734.0,1165.0,27.58955765243937,True
jw02732-o006_t001_miri_f770w_i2d.fits,1734.0,1165.0,79.26628903150616,True
jw02732-o006_t001_miri_f1000w_i2d.fits,1734.0,1165.0,25.55297850180132,True
