file,width,height,offset,chosen,CRVAL1,CRVAL2
jw02875-o010_t008_nircam_clear-f115w_i2d.fits,10073.0,4572.0,290.17016913565163,True,184.74294475917375,47.28673318864308
jw02875-o010_t008_niriss_clear-f150w_i2d.fits,2133.0,2156.0,290.17016913565163,False,184.87676518887264,47.24826783608968
jw02875-o010_t008_niriss_clear-f090w_i2d.fits,2133.0,2156.0,290.17016913565163,False,184.87674517163273,47.248262690006136
jw02875-o010_t008_nircam_clear-f277w_i2d.fits,4963.0,2205.0,3.0999999609806626,True,184.74299454004677,47.28651919078313
jw02875-o010_t008_nircam_clear-f090w_i2d.fits,10072.0,4571.0,3.0999999609806626,True,184.74294379151712,47.28672710464246
jw02875-o010_t008_nircam_clear-f356w_i2d.fits,4964.0,2204.0,3.0999999609806626,True,184.74298889371175,47.28652551342393
jw02875-o010_t008_nircam_clear-f150w_i2d.fits,10073.0,4573.0,3.0999999609806626,True,184.7429475844737,47.286733582722924
jw02875-o010_t008_nircam_clear-f070w_i2d.fits,10072.0,4572.0,3.0999999609806626,True,184.74294873599547,47.28673499727569
jw02875-o010_t008_niriss_clear-f115w_i2d.fits,2133.0,2156.0,3.0999999609806626,False,184.8767670664443,47.2482679995409
