file,width,height,offset,chosen,CRVAL1,CRVAL2
jw02875-o003_t003_nircam_clear-f150w_i2d.fits,10073.0,4587.0,212.1747009894152,True,154.14761897016456,73.40027389938312
jw02875-o003_t003_niriss_clear-f150w_i2d.fits,2133.0,2156.0,212.1747009894152,False,154.42448052592619,73.45905828911884
jw02875-o003_t003_nircam_clear-f090w_i2d.fits,10073.0,4587.0,75.10021385750491,True,154.14762540685317,73.4002760587173
jw02875-o003_t003_nircam_clear-f277w_i2d.fits,4964.0,2206.0,75.10021385750491,True,154.14818656162518,73.40018225837255
jw02875-o003_t003_niriss_clear-f090w_i2d.fits,2133.0,2156.0,75.10021385750491,False,154.4244710281117,73.45904360033421
