file,width,height,offset,chosen,CRVAL1,CRVAL2
jw04793-o005_t005_nircam_clear-f277w_i2d.fits,2356.0,2351.0,8.8200246,True,71.42368148558367,-59.248168513170974
jw04793-o005_t005_nircam_clear-f212n_i2d.fits,4910.0,4895.0,8.8200246,True,71.42399414368226,-59.24803049961105
jw04793-o005_t005_nircam_clear-f335m_i2d.fits,2357.0,2349.0,8.8200246,True,71.42364068279468,-59.248148927371396
jw04793-o005_t005_nircam_f405n-f444w_i2d.fits,2356.0,2349.0,8.8200246,True,71.42365486401974,-59.248164225665036
jw04793-o005_t005_nircam_clear-f444w_i2d.fits,2357.0,2349.0,8.8200246,False,71.42365449441564,-59.24815284742771
jw04793-o005_t005_nircam_clear-f150w_i2d.fits,4910.0,4897.0,8.8200246,True,71.42401663620248,-59.248006874484496
jw04793-o005_t005_nircam_clear-f187n_i2d.fits,4909.0,4896.0,8.8200246,True,71.42399825577402,-59.248007464944145
jw04793-o005_t005_nircam_f150w2-f164n_i2d.fits,4912.0,4896.0,8.8200246,True,71.42399102508865,-59.248008226698246
