file,width,height,offset,chosen,CRVAL1,CRVAL2
jw02733-o002_t001_miri_f1130w_i2d.fits,1735.0,1163.0,27.18521654793465,True,151.7526794049943,-40.44106073336005
jw02733-o002_t001_miri_f770w_i2d.fits,1735.0,1163.0,25.76230471969818,True,151.7526948715718,-40.44107458120747
jw02733-o002_t001_miri_f1800w_i2d.fits,1735.0,1163.0,13.67346883402587,True,151.7526805889429,-40.4410523737589
jw02733-o002_t001_miri_f1280w_i2d.fits,1735.0,1163.0,27.33498201650517,True,151.7526708285791,-40.44106471660752
