file,width,height,offset,chosen,CRVAL1,CRVAL2
jw05627-o008_t003_nircam_clear-f187n-sub640_i2d.fits,1455.0,1631.0,3.0999999,True,35.63683480043654,42.349061247179854
jw05627-o008_t003_nircam_clear-f335m-sub640_i2d.fits,648.0,740.0,3.0999999,True,35.63678744028072,42.349074711339696
