file,width,height,offset,chosen,CRVAL1,CRVAL2
jw01031-o004_t015_miri_f770w_i2d.fits,1033.0,1029.0,0.4487749998285153,True,269.5948439714967,66.62969523723207
