file,width,height,offset,chosen,CRVAL1,CRVAL2
jw03696-o007_t004_miri_f560w_i2d.fits,1050.0,1029.0,1.1759164,True,146.21062442107797,31.085401176205366
jw03696-o007_t004_miri_f1130w_i2d.fits,1050.0,1029.0,1.1759164,True,146.2106108474572,31.08541449956657
jw03696-o007_t004_miri_f1800w_i2d.fits,1050.0,1029.0,1.1759164,True,146.21060916036728,31.085423669225364
