file,width,height,offset,chosen,CRVAL1,CRVAL2
jw05627-o006_t003_miri_f1130w-sub128_i2d.fits,221.0,215.0,4.6953684,True,35.63720453791112,42.34806157729489
jw05627-o006_t003_miri_f1500w-sub128_i2d.fits,221.0,214.0,4.6953684,True,35.63720097927633,42.348046144995614
jw05627-o006_t003_miri_f1800w-sub128_i2d.fits,221.0,214.0,4.6953684,True,35.63719626420488,42.34806896938819
