file,width,height,offset,chosen,CRVAL1,CRVAL2
jw02732-o006_t001_miri_f1500w_i2d.fits,1734.0,1165.0,27.58955765243937,True,339.0105032906451,33.95228928652866
jw02732-o006_t001_miri_f770w_i2d.fits,1734.0,1165.0,79.26628903150616,True,339.0104889587691,33.95226770132643
jw02732-o006_t001_miri_f1000w_i2d.fits,1734.0,1165.0,25.55297850180132,True,339.0105043790957,33.95228178558231
