file,width,height,offset,chosen,CRVAL1,CRVAL2
jw01701-o014_t025_miri_f560w_i2d.fits,1032.0,1028.0,0.4488829998838355,True,11.890776237543925,-25.31484741775921
jw01701-o014_t025_miri_f1130w_i2d.fits,1032.0,1028.0,0.4488829998838355,True,11.890756943996081,-25.314846226989488
jw01701-o014_t025_miri_f770w_i2d.fits,1032.0,1028.0,0.4488829998838355,True,11.890774349762486,-25.31483577284898
