file,width,height,offset,chosen,CRVAL1,CRVAL2
jw02731-o001_t017_nircam_clear-f187n_i2d.fits,14276.0,8523.0,69.00985868482917,True,159.2126841555259,-58.62043139701861
jw02731-o001_t017_nircam_clear-f335m_i2d.fits,7062.0,4179.0,69.00985868482917,True,159.2128892695606,-58.62025833165936
jw02731-o001_t017_nircam_clear-f200w_i2d.fits,14503.0,8673.0,69.20986793865629,True,159.2126976093833,-58.62044509277457
jw02731-o001_t017_nircam_clear-f090w_i2d.fits,14215.0,8421.0,69.00985868482917,True,159.2127246212098,-58.6204409329473
jw02731-o001_t017_nircam_clear-f444w_i2d.fits,7051.0,4167.0,69.20986793865629,True,159.2129034710913,-58.62026141821449
jw02731-o001_t017_nircam_f444w-f470n_i2d.fits,7047.0,4167.0,69.00985868482917,True,159.2128834965566,-58.62025406803703
