file,width,height,offset,chosen,CRVAL1,CRVAL2
jw01238-o011_t017_miri_f770w_i2d.fits,1032.0,1028.0,0.4488829998838355,True,62.30534154657651,30.799371535891854
jw01238-o011_t017_miri_f1280w_i2d.fits,1032.0,1028.0,0.4488829998838355,True,62.305365531449084,30.799376763094862
jw01238-o011_t017_miri_f2550w_i2d.fits,1032.0,1028.0,0.4488829998838355,True,62.30536024394968,30.799378102559825
