file,width,height,offset,chosen,CRVAL1,CRVAL2
jw02875-o012_t009_nircam_clear-f090w_i2d.fits,9891.0,4390.0,225.2196361,True,163.34333442199295,16.75616923822044
jw02875-o012_t009_nircam_clear-f150w_i2d.fits,9891.0,4390.0,62.0001787,True,163.34333596292367,16.756171111439947
jw02875-o012_t009_nircam_clear-f277w_i2d.fits,4874.0,2114.0,62.0001787,True,163.34349900328306,16.756277776005756
jw02875-o012_t009_nircam_clear-f356w_i2d.fits,4875.0,2114.0,225.2196361,True,163.34349860779395,16.756271037058497
jw02875-o012_t009_niriss_clear-f090w_i2d.fits,2048.0,2071.0,62.0001787,False,163.3251621999897,16.853059921552443
jw02875-o012_t009_niriss_clear-f150w_i2d.fits,2048.0,2071.0,62.0001787,False,163.32515043762038,16.853068772103487
