file,width,height,offset,chosen,CRVAL1,CRVAL2
jw04793-o004_t004_nircam_clear-f187n_i2d.fits,4914.0,4893.0,8.8200246,True,70.36618867549541,-2.8593079804270816
jw04793-o004_t004_nircam_f405n-f444w_i2d.fits,2356.0,2349.0,8.8200246,True,70.36609783185753,-2.8595444422590792
jw04793-o004_t004_nircam_clear-f335m_i2d.fits,2357.0,2349.0,8.8200246,True,70.36609416802384,-2.8595401114658485
jw04793-o004_t004_nircam_f150w2-f164n_i2d.fits,4908.0,4894.0,8.8200246,True,70.36617929286378,-2.8593280324501467
jw04793-o004_t004_nircam_clear-f150w_i2d.fits,4910.0,4895.0,8.8200246,True,70.36619145215626,-2.85932527017988
jw04793-o004_t004_nircam_clear-f212n_i2d.fits,4911.0,4895.0,8.8200246,True,70.36617889236067,-2.8593262175125234
jw04793-o004_t004_nircam_clear-f360m_i2d.fits,2356.0,2348.0,8.8200246,True,70.36610168769298,-2.859552366580956
jw04793-o004_t004_nircam_clear-f444w_i2d.fits,2356.0,2349.0,8.8200246,False,70.36609678411159,-2.8595465546933037
jw04793-o004_t004_nircam_clear-f277w_i2d.fits,2355.0,2348.0,8.8200246,True,70.36608717078651,-2.8595519279208177
