file,width,height,offset,chosen,CRVAL1,CRVAL2
jw01227-o014_t025_nircam_clear-f182m_i2d.fits,9911.0,4325.0,372.6631587736543,True,14.79238818410375,-72.27114246551606
jw01227-o014_t025_nircam_clear-f090w_i2d.fits,10011.0,4429.0,372.6631587736543,True,14.7923541361405,-72.27112440000327
jw01227-o014_t025_nircam_f405n-f444w_i2d.fits,4875.0,2118.0,371.9643285146437,True,14.79189973189411,-72.27126709135281
jw01227-o014_t025_nircam_clear-f115w_i2d.fits,9912.0,4326.0,371.9643285146437,True,14.79234858747124,-72.2711225856134
jw01227-o014_t025_nircam_clear-f356w_i2d.fits,4869.0,2113.0,371.9643285146437,True,14.79188851238312,-72.27126207904269
jw01227-o014_t025_nircam_clear-f430m_i2d.fits,4876.0,2118.0,372.3137612352855,True,14.79189111151367,-72.2712702741818
jw01227-o014_t025_nircam_clear-f187n_i2d.fits,9850.0,4316.0,371.9643285146437,True,14.79239726425563,-72.2711462794496
jw01227-o014_t025_nircam_clear-f277w_i2d.fits,4876.0,2118.0,371.9643285146437,True,14.79189316811146,-72.2712695644229
