file,width,height,offset,chosen,CRVAL1,CRVAL2
jw01234-o010_t006_nircam_clear-f200w_i2d.fits,11665.0,4631.0,435.5563913389688,True,296.2510810378816,-14.79871276486559
jw01234-o010_t006_nircam_clear-f115w_i2d.fits,11614.0,4674.0,483.7409348359416,True,296.2510930719524,-14.79870535757772
jw01234-o010_t006_miri_f1000w_i2d.fits,1482.0,1124.0,24.50416876809625,True,296.2904196918078,-14.68026080419704
jw01234-o010_t006_miri_f1500w_i2d.fits,1482.0,1124.0,24.50417089994158,True,296.2904153573695,-14.68026686820189
jw01234-o010_t006_nircam_clear-f356w_i2d.fits,5655.0,2224.0,24.30416866265651,True,296.2511963778638,-14.79857225262246
jw01234-o010_t006_nircam_clear-f444w_i2d.fits,5654.0,2224.0,25.09597212989837,True,296.2511899218299,-14.79856594759178
