file,width,height,offset,chosen,CRVAL1,CRVAL2
jw03055-o003_t003_nircam_clear-f277w_i2d.fits,4869.0,2113.0,236.6727381650932,True,54.75829355804425,-35.59921156441051
jw03055-o003_t003_nircam_clear-f090w_i2d.fits,9891.0,4392.0,236.6727381650932,True,54.75858563930129,-35.59927258963067
jw03055-o003_t003_niriss_clear-f090w_i2d.fits,2046.0,2070.0,120.00028760483268,False,54.6673130419158,-35.664236523775074
jw03055-o003_t003_nircam_clear-f356w_i2d.fits,4874.0,2114.0,120.00028760483268,True,54.758351584002554,-35.59922508199071
jw03055-o003_t003_nircam_clear-f150w_i2d.fits,9891.0,4392.0,120.00028760483268,True,54.75858571638413,-35.5992731748132
jw03055-o003_t003_niriss_clear-f150w_i2d.fits,2049.0,2071.0,120.00028760483268,False,54.667288640661035,-35.664252225456394
