file,width,height,offset,chosen,CRVAL1,CRVAL2
jw01701-o011_t003_miri_f560w_i2d.fits,1032.0,1028.0,0.4488829998838355,True,11.89228820290927,-25.312455510505295
jw01701-o011_t003_miri_f1130w_i2d.fits,1032.0,1028.0,0.4488829998838355,True,11.892268479597133,-25.31245083134342
jw01701-o011_t003_miri_f770w_i2d.fits,1032.0,1028.0,0.4488829998838355,True,11.892286518196117,-25.31244215445013
