file,width,height,offset,chosen,CRVAL1,CRVAL2
jw03535-o008_t003_miri_f1130w_i2d.fits,1030.0,1019.0,0.4488829998838355,True,349.6005975431342,-42.395337038210926
jw03535-o008_t003_miri_f560w_i2d.fits,1029.0,1019.0,0.4488829998838355,True,349.6006263359853,-42.395339779666806
jw03535-o008_t003_miri_f770w_i2d.fits,1031.0,1030.0,0.4488829998838355,True,349.600450528661,-42.39540617986886
