file,width,height,offset,chosen,CRVAL1,CRVAL2
jw02433-o001_t001_miri_f560w_i2d.fits,3466.0,2898.0,131.34676072953073,True,35.638325326858435,42.34161628590664
jw02433-o001_t001_miri_f770w_i2d.fits,3466.0,2898.0,131.34676072953073,True,35.63832689281022,42.341625348317805
