file,width,height,offset,chosen,CRVAL1,CRVAL2
jw03055-o011_t011_nircam_clear-f090w_i2d.fits,9876.0,4373.0,110.0002655,True,192.12981044328086,-5.825602099976821
jw03055-o011_t011_nircam_clear-f150w_i2d.fits,9876.0,4373.0,110.0002655,True,192.12981090666202,-5.8256014217885035
jw03055-o011_t011_nircam_clear-f277w_i2d.fits,4866.0,2107.0,110.0002655,True,192.1299634689321,-5.825495418442551
jw03055-o011_t011_nircam_clear-f356w_i2d.fits,4867.0,2106.0,110.0002655,True,192.1299624952575,-5.825502454444713
