file,width,height,offset,chosen,CRVAL1,CRVAL2
jw01979-o001_t001_nircam_clear-f150w2_i2d.fits,0,0,0.0,False,0.0,0.0
jw01979-o001_t001_niriss_clear-f150w_i2d.fits,2807,2459,311.773261552434,False,265.3782212427155,-53.83271945847292
jw01979-o001_t001_nircam_clear-f322w2_i2d.fits,5667,2516,24.4000731510578,True,265.2747374196911,-53.755178177765785
