file,width,height,offset,chosen,CRVAL1,CRVAL2
jw04924-o002_t001_nircam_clear-f187n_i2d.fits,10444.0,4936.0,98.8202643,True,139.47547699024,-22.329790051123815
jw04924-o002_t001_nircam_f405n-f444w_i2d.fits,5144.0,2385.0,98.8202643,True,139.4755739007229,-22.329654148288217
