file,width,height,offset,chosen,CRVAL1,CRVAL2
jw05627-o012_t004_nircam_clear-f182m-sub640_i2d.fits,1455.0,1631.0,3.0999999,True,58.6615050340522,-20.50205506770085
jw05627-o012_t004_nircam_clear-f335m-sub640_i2d.fits,648.0,740.0,3.0999999,True,58.66144494033028,-20.502055780809414
