file,width,height,offset,chosen,CRVAL1,CRVAL2
jw03510-o001_t001_nircam_clear-f090w_i2d.fits,4547.0,4526.0,3.0999999,True,183.915103644064,36.326633729258305
jw03510-o001_t001_nircam_clear-f182m_i2d.fits,4547.0,4525.0,3.0999999,True,183.91510435546104,36.32663351077154
jw03510-o001_t001_nircam_clear-f187n_i2d.fits,4547.0,4526.0,3.0999999,True,183.91510498565057,36.326632868237006
jw03510-o001_t001_nircam_clear-f200w_i2d.fits,4546.0,4525.0,3.0999999,True,183.9151242614316,36.32662510838701
jw03510-o001_t001_nircam_clear-f300m_i2d.fits,2177.0,2170.0,3.0999999,True,183.91540719855874,36.326710533155364
jw03510-o001_t001_nircam_clear-f335m_i2d.fits,2177.0,2170.0,3.0999999,True,183.91540058601947,36.326715001162164
jw03510-o001_t001_nircam_clear-f360m_i2d.fits,2178.0,2170.0,3.0999999,True,183.91540246673338,36.32671956749802
jw03510-o001_t001_nircam_clear-f444w_i2d.fits,2178.0,2170.0,3.0999999,True,183.91539909732927,36.32671635066323
