file,width,height,offset,chosen,CRVAL1,CRVAL2
jw02729-o002_t001_miri_f1130w_i2d.fits,1808.0,1163.0,15.75668514636254,True,84.66509838049217,-69.09206862846794
jw02729-o002_t001_miri_f770w_i2d.fits,1808.0,1163.0,10.8297320237947,True,84.66508522925518,-69.09208643897944
jw02729-o002_t001_miri_f1000w_i2d.fits,1808.0,1168.0,46.399029437401,True,84.66507370815113,-69.09206776611677
jw02729-o002_t001_miri_f1800w_i2d.fits,1808.0,1168.0,46.01108614746529,True,84.66511887057247,-69.09206459192134
