file,width,height,offset,chosen,CRVAL1,CRVAL2
jw01701-o059_t021_nircam_clear-f212n_i2d.fits,9895.0,5215.0,24.1543433,True,11.893180415659923,-25.293264705359483
jw01701-o059_t021_nircam_clear-f335m_i2d.fits,4872.0,2523.0,24.1543433,True,11.893104895263551,-25.29306012937509
