file,width,height,offset,chosen,CRVAL1,CRVAL2
jw01638-o002_t002_nircam_clear-f444w_i2d.fits,4873.0,2114.0,287.2361101538132,True,13.632771575002957,-37.52097539528517
jw01638-o002_t002_nircam_clear-f277w_i2d.fits,4874.0,2114.0,287.2361101538132,True,13.63277146971706,-37.52097082911001
jw01638-o002_t002_niriss_clear-f150w_i2d.fits,2048.0,2072.0,287.2361101538132,False,13.515634075517253,-37.5534408414007
jw01638-o002_t002_nircam_clear-f356w_i2d.fits,4874.0,2114.0,1.5631927788507298e-11,True,13.6327811302867,-37.52097081359546
jw01638-o002_t002_nircam_clear-f150w_i2d.fits,9891.0,4392.0,1.5631927788507298e-11,True,13.63293758916673,-37.521122813675184
jw01638-o002_t002_nircam_clear-f115w_i2d.fits,9891.0,4392.0,1.5631927788507298e-11,True,13.632936812985132,-37.52112352134115
jw01638-o002_t002_niriss_clear-f090w_i2d.fits,2048.0,2071.0,1.5631927788507298e-11,False,13.515651148799497,-37.55343359244519
jw01638-o002_t002_nircam_clear-f090w_i2d.fits,9890.0,4392.0,1.5631927788507298e-11,True,13.63293917583548,-37.521124637959105
jw01638-o002_t002_niriss_clear-f115w_i2d.fits,2048.0,2072.0,1.5631927788507298e-11,False,13.515626435483943,-37.5534528189089
