file,width,height,offset,chosen,CRVAL1,CRVAL2
jw01238-o020_t016_miri_f770w_i2d.fits,1032.0,1028.0,0.4488829998838355,True,62.3074851945827,30.784782598672802
jw01238-o020_t016_miri_f1280w_i2d.fits,1032.0,1028.0,0.4488829998838355,True,62.30750919498423,30.784787796871083
jw01238-o020_t016_miri_f2550w_i2d.fits,1032.0,1028.0,0.4488829998838355,True,62.30750377519586,30.78478913443421
