file,width,height,offset,chosen,CRVAL1,CRVAL2
jw01238-o013_t011_miri_f1280w_i2d.fits,1032.0,1028.0,0.4488829998838355,True,62.32893110749919,30.794819417225103
jw01238-o013_t011_miri_f2550w_i2d.fits,1032.0,1028.0,0.4488829998838355,True,62.32892541490838,30.79482092080148
jw01238-o013_t011_miri_f770w_i2d.fits,1032.0,1028.0,0.4488829998838355,True,62.32890727141516,30.79481408076947
