file,width,height,offset,chosen,CRVAL1,CRVAL2
jw01238-o015_t013_miri_f770w_i2d.fits,1032.0,1028.0,0.4488829998838355,True,62.3594984237794,30.810179915601847
jw01238-o015_t013_miri_f2550w_i2d.fits,1032.0,1028.0,0.4488829998838355,True,62.35951762234396,30.8101864680329
jw01238-o015_t013_miri_f1280w_i2d.fits,1032.0,1028.0,0.4488829998838355,True,62.35952321963815,30.8101850417636
