file,width,height,offset,chosen,CRVAL1,CRVAL2
jw01701-o053_t021_nircam_clear-f140m_i2d.fits,11454.0,5193.0,24.350073010309224,True,11.88827612667704,-25.28821399844626
jw01701-o053_t021_nircam_clear-f360m_i2d.fits,5647.0,2506.0,24.350073010309224,True,11.888187104737758,-25.288015457786003
