file,width,height,offset,chosen,CRVAL1,CRVAL2
jw04793-o003_t003_nircam_f405n-f444w_i2d.fits,2356.0,2349.0,8.8200246,False,60.97348817274451,-43.34905039820677
jw04793-o003_t003_nircam_clear-f335m_i2d.fits,2357.0,2351.0,8.8200246,True,60.97350196257219,-43.349048368763235
jw04793-o003_t003_nircam_clear-f277w_i2d.fits,2356.0,2349.0,8.8200246,True,60.97347855420225,-43.34904766816233
jw04793-o003_t003_nircam_clear-f444w_i2d.fits,2356.0,2348.0,8.8200246,True,60.973487740998465,-43.34904921767529
