file,width,height,offset,chosen
jw02987-o003_t001_miri_f770w_i2d.fits,3996.0,10322.0,513.3271227630727,True
jw02987-o003_t001_miri_f2100w_i2d.fits,3996.0,10322.0,513.3271227630727,True
