file,width,height,offset,chosen,CRVAL1,CRVAL2
jw03055-o012_t012_nircam_clear-f090w_i2d.fits,9890.0,4390.0,110.0002694,True,63.94547997298875,-55.56067525310014
jw03055-o012_t012_nircam_clear-f150w_i2d.fits,9891.0,4390.0,110.0002694,True,63.9454800271499,-55.5606759647823
jw03055-o012_t012_nircam_clear-f277w_i2d.fits,4874.0,2114.0,110.0002694,True,63.94538719791163,-55.5608870322417
jw03055-o012_t012_nircam_clear-f356w_i2d.fits,4874.0,2114.0,110.0002694,True,63.94538309943553,-55.56088054334681
