file,width,height,offset,chosen,CRVAL1,CRVAL2
jw01701-o054_t021_nircam_f150w2-f164n-sub640_i2d.fits,1644,1633,3.09999994752265,True,11.8882083300056,-25.2879107485065
jw01701-o054_t021_nircam_clear-f250m-sub640_i2d.fits,742,742,3.09999994752265,False,11.8882223173534,-25.2879335436991
jw01701-o054_t021_nircam_clear-f360m-sub640_i2d.fits,742,745,3.09999994752265,False,11.8882491603356,-25.2879363297971
jw01701-o054_t021_nircam_clear-f335m-sub640_i2d.fits,741,744,3.09999994752265,False,11.8882336779308,-25.2879250152071
jw01701-o054_t021_nircam_clear-f140m-sub640_i2d.fits,1643,1635,3.09999994752265,True,11.8882079166591,-25.2879064218955
jw01701-o054_t021_nircam_clear-f212n-sub640_i2d.fits,1641,1639,3.09999994752265,True,11.8882156102673,-25.2879233872268
