file,width,height,offset,chosen,CRVAL1,CRVAL2
jw01238-o019_t015_miri_f770w_i2d.fits,1032.0,1028.0,0.4488829998838355,True,62.32373216260436,30.773379881045393
jw01238-o019_t015_miri_f1280w_i2d.fits,1032.0,1028.0,0.4488829998838355,True,62.32375529192224,30.77338553503151
jw01238-o019_t015_miri_f2550w_i2d.fits,1032.0,1028.0,0.4488829998838355,True,62.32374970576369,30.773386976745748
