file,width,height,offset,chosen,CRVAL1,CRVAL2
jw01701-o054_t021_nircam_f150w2-f164n-sub640_i2d.fits,1644.0,1633.0,3.099999947522646,True,11.888208330005577,-25.28791074850646
jw01701-o054_t021_nircam_clear-f250m-sub640_i2d.fits,742.0,742.0,3.099999947522646,True,11.888222317353401,-25.287933543699115
jw01701-o054_t021_nircam_clear-f360m-sub640_i2d.fits,742.0,745.0,3.099999947522646,True,11.88824916033561,-25.287936329797066
jw01701-o054_t021_nircam_clear-f335m-sub640_i2d.fits,741.0,744.0,3.099999947522646,True,11.888233677930812,-25.28792501520709
jw01701-o054_t021_nircam_clear-f140m-sub640_i2d.fits,1643.0,1635.0,3.099999947522646,True,11.888207916659127,-25.28790642189555
jw01701-o054_t021_nircam_clear-f212n-sub640_i2d.fits,1641.0,1639.0,3.099999947522646,True,11.888215610267258,-25.287923387226844
