file,width,height,offset,chosen,CRVAL1,CRVAL2
jw01238-o014_t012_miri_f2550w_i2d.fits,1032.0,1028.0,0.4488829998838355,True,62.33351439625829,30.798323224172346
jw01238-o014_t012_miri_f1280w_i2d.fits,1032.0,1028.0,0.4488829998838355,True,62.33352007441716,30.798321658590595
jw01238-o014_t012_miri_f770w_i2d.fits,1032.0,1028.0,0.4488829998838355,True,62.33349644951935,30.798316253181305
