file,width,height,offset,chosen,CRVAL1,CRVAL2
jw05627-o010_t004_miri_f560w-sub128_i2d.fits,221.0,215.0,4.6953684,True,58.662347005769384,-20.502686022144132
jw05627-o010_t004_miri_f770w-sub128_i2d.fits,221.0,215.0,4.6953684,True,58.66234800000852,-20.502682980151796
jw05627-o010_t004_miri_f1130w-sub128_i2d.fits,221.0,215.0,4.6953684,True,58.662328420028295,-20.502685430540055
jw05627-o010_t004_miri_f1500w-sub128_i2d.fits,221.0,215.0,4.6953684,True,58.66233008353059,-20.502701398871398
jw05627-o010_t004_miri_f1800w-sub128_i2d.fits,221.0,214.0,4.6953684,True,58.66232155745338,-20.502680035424167
