file,width,height,offset,chosen,CRVAL1,CRVAL2
jw01328-o015_t014_miri_f770w_i2d.fits,1031.0,1029.0,0.5240270001498288,True,345.8194847656695,8.898365392772178
jw01328-o015_t014_miri_f560w_i2d.fits,1033.0,1028.0,0.5240270001498288,True,345.819497158723,8.898371024141523
jw01328-o015_t014_miri_f1500w_i2d.fits,1032.0,1028.0,0.5240270001498288,True,345.8194859211786,8.898393176826294
