file,width,height,offset,chosen,CRVAL1,CRVAL2,CRVAL1fix,CRVAL2fix
jw01234-o010_t006_nircam_clear-f115w_i2d.fits,11614,4674,483.740934835942,True,296.251093071952,-14.7987053575777,,
jw01234-o010_t006_nircam_clear-f200w_i2d.fits,11665,4631,435.556391338969,True,296.251081037882,-14.7987127648656,296.251083,-14.798709
jw01234-o010_t006_nircam_clear-f356w_i2d.fits,5655,2224,24.3041686626565,True,296.251196377864,-14.7985722526225,296.251188,-14.798575
jw01234-o010_t006_nircam_clear-f444w_i2d.fits,5654,2224,25.0959721298984,True,296.25118992183,-14.7985659475918,296.251183,-14.798572
jw01234-o007_t002_miri_f770w_i2d.fits,4045,1046,166.781363077144,True,296.241838993707,-14.8111779877447,296.24188,-14.811177
jw01234-o007_t002_miri_f1000w_i2d.fits,4045,1046,165.675506668292,True,296.241819332541,-14.8111810911504,296.241857,-14.81118
jw01234-o007_t002_miri_f1500w_i2d.fits,4045,1046,165.401058625317,True,296.241815300612,-14.8111876698266,296.24186,-14.81118
jw01234-o007_t002_miri_f2100w_i2d.fits,4045,1046,166.391870131745,True,296.241830302069,-14.8111779535062,296.24187,-14.81119
