file,width,height,offset,chosen,CRVAL1,CRVAL2
jw01234-o007_t002_miri_f2100w_i2d.fits,4045.0,1046.0,166.3918701317448,True,296.2418303020694,-14.81117795350623
jw01234-o007_t002_miri_f1000w_i2d.fits,4045.0,1046.0,165.6755066682921,True,296.2418193325406,-14.81118109115038
jw01234-o007_t002_miri_f1500w_i2d.fits,4045.0,1046.0,165.4010586253168,True,296.2418153006117,-14.81118766982657
jw01234-o007_t002_miri_f770w_i2d.fits,4045.0,1046.0,166.7813630771444,True,296.2418389937074,-14.81117798774474
