file,width,height,offset,chosen
jw01328-o017_t010_miri_f560w-brightsky_i2d.fits,551.0,632.0,9.272109737417479,True
jw01328-o017_t010_miri_f770w-brightsky_i2d.fits,551.0,632.0,1.047353829959622,True
jw01328-o017_t010_miri_f1500w-brightsky_i2d.fits,551.0,632.0,3.996753784177316,True
