file,width,height,offset,chosen,CRVAL1,CRVAL2
jw02732-o004_t004_miri_f770w_i2d.fits,1032.0,1028.0,0.4907419998668843,True,339.0195920997716,34.00042775595986
jw02732-o004_t004_miri_f1130w_i2d.fits,1032.0,1028.0,0.5240270001498288,True,339.0196001940715,34.00043148062533
jw02732-o004_t004_miri_f1000w_i2d.fits,1032.0,1028.0,0.4487749998285153,True,339.0196027566258,34.00043795271326
