file,width,height,offset,chosen,CRVAL1,CRVAL2
jw02733-o001_t001_nircam_clear-f187n_i2d.fits,4826.0,4805.0,8.820026418136338,True,151.7570058589025,-40.43665796910652
jw02733-o001_t001_nircam_clear-f090w_i2d.fits,4896.0,4886.0,8.820026394830894,True,151.7570098361204,-40.43665700016192
jw02733-o001_t001_nircam_clear-f356w_i2d.fits,2356.0,2348.0,8.820024581244759,True,151.7572253305223,-40.43645035851677
jw02733-o001_t001_nircam_clear-f212n_i2d.fits,4858.0,4848.0,8.82002460373568,True,151.7570140922471,-40.43665417455037
jw02733-o001_t001_nircam_f405n-f444w_i2d.fits,2356.0,2348.0,8.820024581244759,True,151.7572199165612,-40.43645321990557
jw02733-o001_t001_nircam_f444w-f470n_i2d.fits,2356.0,2348.0,8.820026418136338,True,151.7572030119366,-40.43648607475837
