file,width,height,offset,chosen
jw02732-o004_t004_miri_f770w_i2d.fits,1032.0,1028.0,0.4907419998668843,True
jw02732-o004_t004_miri_f1130w_i2d.fits,1032.0,1028.0,0.5240270001498288,True
jw02732-o004_t004_miri_f1000w_i2d.fits,1032.0,1028.0,0.4487749998285153,True
