file,width,height,offset,chosen,CRVAL1,CRVAL2
jw04793-o011_t011_nircam_f405n-f444w_i2d.fits,2356.0,2349.0,8.8200246,False,170.06072971394835,12.990329718301993
jw04793-o011_t011_nircam_clear-f187n_i2d.fits,4910.0,4897.0,8.8200246,True,170.0608699001712,12.990536869607453
jw04793-o011_t011_nircam_clear-f212n_i2d.fits,4910.0,4900.0,8.8200246,True,170.06085230375052,12.990519649385806
jw04793-o011_t011_nircam_clear-f335m_i2d.fits,2356.0,2348.0,8.8200246,True,170.06072780426473,12.990328686891125
jw04793-o011_t011_nircam_clear-f277w_i2d.fits,2356.0,2349.0,8.8200246,True,170.06072146103045,12.990328827581227
jw04793-o011_t011_nircam_f150w2-f164n_i2d.fits,4910.0,4894.0,8.8200246,True,170.06087466839602,12.990535907350466
jw04793-o011_t011_nircam_clear-f444w_i2d.fits,2356.0,2348.0,8.8200246,True,170.06073084248195,12.990329139170639
jw04793-o011_t011_nircam_clear-f150w_i2d.fits,4910.0,4895.0,8.8200246,True,170.06087151774884,12.990530467491556
