file,width,height,offset,chosen,CRVAL1,CRVAL2
jw01685-o013_t008_nircam_clear-f090w_i2d.fits,9875.0,4373.0,86.000237665022,True,56.15387394032744,-44.59272603795206
jw01685-o013_t008_nircam_clear-f150w_i2d.fits,9875.0,4373.0,86.000237665022,True,56.15387324643552,-44.592725960542474
jw01685-o013_t008_nircam_clear-f277w_i2d.fits,4866.0,2106.0,86.000237665022,True,56.15383938189862,-44.59293524254596
