file,width,height,offset,chosen,CRVAL1,CRVAL2
jw05627-o025_t028_miri_f560w_i2d.fits,1716.0,1142.0,34.9583202,True,190.53546466462916,32.54757296854595
jw05627-o025_t028_miri_f770w_i2d.fits,1716.0,1142.0,34.9583202,True,190.53546242772478,32.54757071200948
jw05627-o025_t028_miri_f1130w_i2d.fits,1716.0,1142.0,34.9583202,True,190.53548229242887,32.54756288479254
jw05627-o025_t028_miri_f1500w_i2d.fits,1716.0,1142.0,34.9583202,True,190.53549058125415,32.54757745006514
jw05627-o025_t028_miri_f1800w_i2d.fits,1716.0,1142.0,34.9583202,True,190.53548571504786,32.54755493052918
