file,width,height,offset,chosen,CRVAL1,CRVAL2
jw05014-o007_t002_miri_f770w_i2d.fits,1062.0,1037.0,0.4488829,True,204.95923255017485,-31.65415906736655
jw05014-o007_t002_miri_f1130w_i2d.fits,1063.0,1038.0,0.4488829,True,204.95923543839288,-31.654151204545517
jw05014-o007_t002_miri_f2100w_i2d.fits,1065.0,1038.0,0.4488829,True,204.9592688874401,-31.654125318798666
