file,width,height,offset,chosen,CRVAL1,CRVAL2
jw05627-o004_t021_miri_f1500w-sub128_i2d.fits,221.0,214.0,4.6953684,True,11.888299048784368,-25.288998244908665
jw05627-o004_t021_miri_f1800w-sub128_i2d.fits,221.0,214.0,4.6953684,True,11.888281513058788,-25.28898183936672
