file,width,height,offset,chosen
jw02733-o002_t001_miri_f1130w_i2d.fits,1735.0,1163.0,27.18521654793465,True
jw02733-o002_t001_miri_f770w_i2d.fits,1735.0,1163.0,25.76230471969818,True
jw02733-o002_t001_miri_f1800w_i2d.fits,1735.0,1163.0,13.67346883402587,True
jw02733-o002_t001_miri_f1280w_i2d.fits,1735.0,1163.0,27.33498201650517,True
