file,width,height,offset,chosen,CRVAL1,CRVAL2
jw01685-o014_t008_nircam_clear-f150w_i2d.fits,9875.0,4373.0,86.0002505371488,True,56.16837565291665,-44.63936016515506
jw01685-o014_t008_nircam_clear-f090w_i2d.fits,9876.0,4373.0,86.0002505371488,True,56.16836556541202,-44.6393757761992
jw01685-o014_t008_nircam_clear-f277w_i2d.fits,4867.0,2108.0,86.0002505371488,True,56.16831875019738,-44.63958295921226
