file,width,height,offset,chosen,CRVAL1,CRVAL2
jw01638-o001_t001_nircam_clear-f356w_i2d.fits,4874.0,2114.0,287.2361101538132,True,114.5872045254708,65.56958016242517
jw01638-o001_t001_niriss_clear-f150w_i2d.fits,2049.0,2071.0,287.2361101538132,False,114.68020302773617,65.47877083238143
jw01638-o001_t001_nircam_clear-f115w_i2d.fits,9891.0,4384.0,287.2361101538132,True,114.58745618372184,65.56975992118267
jw01638-o001_t001_niriss_clear-f090w_i2d.fits,2048.0,2071.0,1.5631927788507298e-11,False,114.68017395007072,65.47876536785519
jw01638-o001_t001_niriss_clear-f115w_i2d.fits,2048.0,2071.0,1.5631927788507298e-11,False,114.68019244686013,65.478760840669
jw01638-o001_t001_nircam_clear-f150w_i2d.fits,9891.0,4384.0,1.5631927788507298e-11,True,114.58745511104327,65.56976037141177
jw01638-o001_t001_nircam_clear-f277w_i2d.fits,4873.0,2114.0,1.5631927788507298e-11,True,114.58720487358059,65.569573129465
jw01638-o001_t001_nircam_clear-f090w_i2d.fits,9890.0,4384.0,1.5631927788507298e-11,True,114.58745432174003,65.56976159956754
jw01638-o001_t001_nircam_clear-f444w_i2d.fits,4873.0,2114.0,1.5631927788507298e-11,True,114.58721418210858,65.56957434992403
