file,width,height,offset,chosen,CRVAL1,CRVAL2
jw01234-c1002_t003_nircam_clear-f356w_i2d.fits,5649.0,2201.0,56.40550084056991,True,296.2172742959173,-14.7965536089201
jw01234-o006_t003_nircam_clear-f356w_i2d.fits,5649.0,2201.0,56.40550084056991,False,296.2172742959173,-14.7965536089201
jw01234-c1002_t003_nircam_clear-f444w_i2d.fits,5648.0,2201.0,56.2055009253339,True,296.2172701881269,-14.79654969892228
jw01234-o006_t003_nircam_clear-f200w_i2d.fits,11490.0,4520.0,56.2055009253339,True,296.2171602539155,-14.79669581961909
jw01234-c1002_t003_nircam_clear-f200w_i2d.fits,11490.0,4520.0,62.4055002519254,False,296.2171602539155,-14.79669581961909
jw01234-o006_t003_nircam_clear-f444w_i2d.fits,5648.0,2201.0,62.4055002519254,False,296.2172701881269,-14.79654969892228
jw01234-c1002_t003_nircam_clear-f115w_i2d.fits,11419.0,4488.0,56.40550084056991,True,296.2171717711683,-14.79668837058392
jw01234-o006_t003_nircam_clear-f115w_i2d.fits,11419.0,4488.0,56.40550084056991,False,296.2171717711683,-14.79668837058392
