file,width,height,offset,chosen
jw02732-o005_t003_miri_f1130w_i2d.fits,1032.0,1028.0,0.4487749998285153,True
jw02732-o005_t003_miri_f1000w_i2d.fits,1032.0,1028.0,0.4487749998285153,True
jw02732-o005_t003_miri_f770w_i2d.fits,1032.0,1028.0,0.4487749998285153,True
