file,width,height,offset,chosen,CRVAL1,CRVAL2
jw03055-o002_t002_niriss_clear-f150w_i2d.fits,2048.0,2071.0,237.44555073184117,False,54.62013035956219,-35.543845815490826
jw03055-o002_t002_niriss_clear-f090w_i2d.fits,2048.0,2071.0,237.44555073184117,False,54.62012607424062,-35.54383484746049
jw03055-o002_t002_nircam_clear-f277w_i2d.fits,4866.0,2108.0,50.00012452818657,True,54.64057971862977,-35.446748062618255
jw03055-o002_t002_nircam_clear-f150w_i2d.fits,9891.0,4392.0,50.00012452818657,True,54.6409045783715,-35.44664918126222
jw03055-o002_t002_nircam_clear-f356w_i2d.fits,4874.0,2114.0,50.00012452818657,True,54.64066202061553,-35.44671570070949
jw03055-o002_t002_nircam_clear-f090w_i2d.fits,9890.0,4392.0,50.00012452818657,True,54.640903972591374,-35.44664989394248
