file,width,height,offset,chosen,CRVAL1,CRVAL2
jw01202-o001_t001_niriss_clear-f150w_i2d.fits,6844.0,6898.0,157.98050409287575,True,52.26724257716741,31.347482050616374
jw01202-o001_t001_niriss_clear-f200w_i2d.fits,6845.0,6899.0,157.98050409287575,True,52.267279336254774,31.347452029677875
