file,width,height,offset,chosen,CRVAL1,CRVAL2
jw02064-o061_t006_miri_f1000w-sub256_i2d.fits,294.0,295.0,2.2351483547752857,True,201.43356678765306,-29.833440287652817
jw02064-o061_t006_miri_f560w-sub256_i2d.fits,294.0,295.0,2.2351483547752857,True,201.43355090872492,-29.833430015280012
jw02064-o061_t006_miri_f1800w-sub256_i2d.fits,340.0,342.0,4.806576734803697,True,201.43354574212506,-29.83317389562412
jw02064-o061_t006_miri_f2100w-sub256_i2d.fits,340.0,343.0,4.806576734803697,True,201.4335707972306,-29.833148346587564
jw02064-o061_t006_miri_f1500w-sub256_i2d.fits,340.0,342.0,4.806576734803697,True,201.43359052833702,-29.833147924743102
