file,width,height,offset,chosen,CRVAL1,CRVAL2
jw05627-o036_t010_nircam_clear-f182m-sub640_i2d.fits,1455.0,1631.0,3.0999999,True,223.49011274173805,3.543721768686674
jw05627-o036_t010_nircam_clear-f335m-sub640_i2d.fits,648.0,740.0,3.0999999,True,223.490121878161,3.543656157678117
