file,width,height,offset,chosen,CRVAL1,CRVAL2
jw01701-o057_t021_nircam_clear-f335m_i2d.fits,4863.0,2107.0,24.15410661351904,True,11.895959355246536,-25.29113793055789
jw01701-o057_t021_nircam_clear-f212n_i2d.fits,9871.0,4378.0,24.15410661351904,True,11.896014509615362,-25.291355521658325
