file,width,height,offset,chosen,CRVAL1,CRVAL2
jw05627-o026_t008_miri_f560w-sub128_i2d.fits,221.0,215.0,4.6953684,True,190.53351030348927,32.541607160366844
jw05627-o026_t008_miri_f770w-sub128_i2d.fits,221.0,214.0,4.6953684,True,190.5335075992626,32.541604488423154
jw05627-o026_t008_miri_f1130w-sub128_i2d.fits,221.0,214.0,4.6953684,True,190.53352600054086,32.541594667943976
jw05627-o026_t008_miri_f1500w-sub128_i2d.fits,221.0,214.0,4.6953684,True,190.53353682480096,32.54160783469879
jw05627-o026_t008_miri_f1800w-sub128_i2d.fits,221.0,214.0,4.6953684,True,190.5335278183142,32.54158615994265
