file,width,height,offset,chosen,CRVAL1,CRVAL2
jw05627-o029_t029_miri_f560w_i2d.fits,1717.0,1142.0,34.9583202,True,191.28276654265352,-0.4668136438584756
jw05627-o029_t029_miri_f770w_i2d.fits,1717.0,1142.0,34.9583202,True,191.28276893665443,-0.46680795158757143
jw05627-o029_t029_miri_f1130w_i2d.fits,1717.0,1142.0,34.9583202,True,191.28275546965287,-0.46679429863419275
jw05627-o029_t029_miri_f1500w_i2d.fits,1717.0,1142.0,34.9583202,True,191.28274416765444,-0.4668056591479189
jw05627-o029_t029_miri_f1800w_i2d.fits,1717.0,1142.0,34.9583202,True,191.28275510815178,-0.4667853041555168
