file,width,height,offset,chosen,CRVAL1,CRVAL2
jw05627-o017_t026_miri_f560w_i2d.fits,1717.0,1142.0,34.9583202,True,150.48026441107737,55.68020094383179
jw05627-o017_t026_miri_f770w_i2d.fits,1717.0,1144.0,34.9583202,True,150.48029773904128,55.68015975624901
jw05627-o017_t026_miri_f1130w_i2d.fits,1717.0,1142.0,34.9583202,True,150.48031986199493,55.68019816303683
jw05627-o017_t026_miri_f1500w_i2d.fits,1717.0,1142.0,34.9583202,True,150.48029087339447,55.68020406000703
jw05627-o017_t026_miri_f1800w_i2d.fits,1717.0,1142.0,34.9583202,True,150.48033315086263,55.68020539124293
