file,width,height,offset,chosen,CRVAL1,CRVAL2
jw05627-o011_t004_nircam_clear-f182m_i2d.fits,4537.0,4515.0,8.8200246,True,58.658942847455265,-20.501736454093994
jw05627-o011_t004_nircam_clear-f335m_i2d.fits,2172.0,2165.0,8.8200246,True,58.658744598161114,-20.501555748503694
