file,width,height,offset,chosen
jw01328-o015_t014_miri_f770w_i2d.fits,1031.0,1029.0,0.5240270001498288,True
jw01328-o015_t014_miri_f560w_i2d.fits,1033.0,1028.0,0.5240270001498288,True
jw01328-o015_t014_miri_f1500w_i2d.fits,1032.0,1028.0,0.5240270001498288,True
