file,width,height,offset,chosen
jw02731-o002_t017_miri_f1800w_i2d.fits,3470.0,1173.0,32.82120176878321,True
jw02731-o002_t017_miri_f1130w_i2d.fits,3470.0,1173.0,93.02386953955154,True
jw02731-o002_t017_miri_f1280w_i2d.fits,3470.0,1173.0,84.68251661611075,True
jw02731-o002_t017_miri_f770w_i2d.fits,3470.0,1173.0,95.59396656780166,True
