file,width,height,offset,chosen,CRVAL1,CRVAL2
jw02731-o002_t017_miri_f1800w_i2d.fits,3470.0,1173.0,32.82120176878321,True,159.221073504818,-58.61772542066391
jw02731-o002_t017_miri_f1130w_i2d.fits,3470.0,1173.0,93.02386953955154,True,159.2210736708496,-58.61773374418504
jw02731-o002_t017_miri_f1280w_i2d.fits,3470.0,1173.0,84.68251661611075,True,159.221062674022,-58.61773865561465
jw02731-o002_t017_miri_f770w_i2d.fits,3470.0,1173.0,95.59396656780166,True,159.2211006206168,-58.61774587080276
