file,width,height,offset,chosen
jw02130-o004_t012_miri_f2100w_i2d.fits,1193.0,1206.0,5.174440114753222,True
jw02130-o004_t012_miri_f1000w_i2d.fits,1193.0,1206.0,17.21851218505757,True
