file,width,height,offset,chosen
jw02130-o012_t010_miri_f1000w-sub256_i2d.fits,294.0,295.0,0.5567610266274512,True
jw02130-o012_t010_miri_f2100w-sub256_i2d.fits,339.0,343.0,4.824217650515818,True
