file,width,height,offset,chosen,CRVAL1,CRVAL2
jw02130-o012_t010_miri_f1000w-sub256_i2d.fits,294.0,295.0,0.5567610266274512,True,23.49690172905932,30.59797720538958
jw02130-o012_t010_miri_f2100w-sub256_i2d.fits,339.0,343.0,4.824217650515818,True,23.49662029853894,30.59805338461042
