file,width,height,offset,chosen
jw02130-o013_t011_miri_f1000w-sub256_i2d.fits,294.0,295.0,2.235148354775286,True
jw02130-o013_t011_miri_f2100w-sub256_i2d.fits,339.0,343.0,4.824217650515818,True
