file,width,height,offset,chosen,CRVAL1,CRVAL2
jw02130-o003_t002_miri_f1000w_i2d.fits,2890.0,5650.0,167.0088865040242,True,23.42768129110035,30.56658865506589
jw02130-o003_t002_miri_f2100w_i2d.fits,2935.0,5697.0,167.8365603286585,True,23.42738883087336,30.56667382371057
