file,width,height,offset,chosen,CRVAL1,CRVAL2
jw02130-o005_t003_miri_f2100w_i2d.fits,1582.0,2972.0,114.5738495178778,True,13.73896256787205,-37.64868266736012
jw02130-o005_t003_miri_f1000w_i2d.fits,1537.0,2925.0,123.2510959738729,True,13.73889666762709,-37.64898194669748
