file,width,height,offset,chosen,CRVAL1,CRVAL2
jw02130-o011_t009_nircam_clear-f200w_i2d.fits,14226.0,4668.0,67.65472574940134,True,13.726729881440722,-37.651084391033464
jw02130-o011_t009_nircam_clear-f444w_i2d.fits,7023.0,2230.0,67.65472574940134,True,13.726577502080891,-37.6508986202707
