file,width,height,offset,chosen,CRVAL1,CRVAL2
jw02130-o013_t011_miri_f1000w-sub256_i2d.fits,294.0,295.0,2.235148354775286,True,23.37398131180041,30.53054938673726
jw02130-o013_t011_miri_f2100w-sub256_i2d.fits,339.0,343.0,4.824217650515818,True,23.37369881139088,30.53062502522963
