file,width,height,offset,chosen,CRVAL1,CRVAL2
jw02130-o020_t008_nircam_clear-f210m_i2d.fits,13588.0,8758.0,128.30459051280977,True,23.44321894394057,30.558115366267955
jw02130-o020_t008_nircam_clear-f430m_i2d.fits,6713.0,4266.0,128.30459051280977,True,23.443240630639455,30.558335574838257
