file,width,height,offset,chosen,CRVAL1,CRVAL2,CRVAL1fix,CRVAL2fix
jw02130-o003_t002_miri_f1000w_i2d.fits,2890,5650,167.008886504024,True,23.4276812911003,30.5665886550659,23.42765,30.56655
jw02130-o003_t002_miri_f2100w_i2d.fits,2935,5697,167.836560328659,True,23.4273888308734,30.5666738237106,23.42736,30.566647
