file,width,height,offset,chosen,CRVAL1,CRVAL2
jw03707-o001_t001_miri_f770w_i2d.fits,1779.0,1175.0,25.724633,True,26.93715704351406,-52.76372677357183
jw03707-o001_t001_miri_f2100w_i2d.fits,1779.0,1175.0,25.724633,True,26.93715514272452,-52.76373483389851
