file,width,height,offset,chosen
jw02130-o020_t008_nircam_clear-f210m_i2d.fits,13588.0,8758.0,128.30459051280977,True
jw02130-o020_t008_nircam_clear-f430m_i2d.fits,6713.0,4266.0,128.30459051280977,True
