file,width,height,offset,chosen
jw02130-o003_t002_miri_f1000w_i2d.fits,2890.0,5650.0,167.0088865040242,True
jw02130-o003_t002_miri_f2100w_i2d.fits,2935.0,5697.0,167.8365603286585,True
