file,width,height,offset,chosen,CRVAL1,CRVAL2
jw03707-o229_t004_miri_f2100w_i2d.fits,1178.0,1171.0,7.5872997,True,50.691494970904216,-37.104227954710964
jw03707-o229_t004_miri_f770w_i2d.fits,1178.0,1171.0,7.5872997,True,50.69150306516898,-37.10422019142465
