file,width,height,offset,chosen,CRVAL1,CRVAL2
jw01995-o006_t006_niriss_clear-f115w_i2d.fits,2149.0,2174.0,203.96005400486007,False,53.505176229859245,-36.21638445064426
jw01995-o006_t006_nircam_clear-f356w_i2d.fits,4981.0,2223.0,85.10024127340527,True,53.44350175329952,-36.13150621909711
jw01995-o006_t006_nircam_clear-f115w_i2d.fits,10107.0,4614.0,85.10024127340527,True,53.44360730684598,-36.131362325738166
