file,width,height,offset,chosen,CRVAL1,CRVAL2,CRVAL1fix,CRVAL2fix
jw03707-o014_t008_nircam_clear-f150w_i2d.fits,4539,4519,59.0365721937801,True,64.399203262181,-62.7842704269468,,
jw03707-o014_t008_nircam_clear-f335m_i2d.fits,2174,2167,3.099999942449,True,64.3989439733399,-62.7844985720556,64.39895,-62.784498
jw03707-o014_t008_nircam_clear-f187n_i2d.fits,4539,4519,3.099999942449,True,64.3991995465339,-62.7842709047193,64.399189,-62.784275
jw03707-o014_t008_nircam_clear-f300m_i2d.fits,2174,2167,59.0365721937801,True,64.3989385535748,-62.7845012048739,64.39893,-62.7845
jw03707-o013_t008_miri_f2100w_i2d.fits,2380,1523,3.099999942449,True,64.407332551352,-62.7784184211512,64.40725,-62.77843
jw03707-c1061_t008_miri_f770w_i2d.fits,5141,2135,3.099999942449,True,64.356245698404,-62.8153966219013,64.35612,-62.815415
