file,width,height,offset,chosen,CRVAL1,CRVAL2
jw03707-o006_t004_miri_f770w_i2d.fits,1086.0,1076.0,381.8753126,True,50.56509420877163,-37.14279951959561
jw03707-o006_t004_nircam_clear-f300m_i2d.fits,2174.0,2167.0,381.8753126,True,50.682254959832335,-37.10393641790126
jw03707-o006_t004_nircam_clear-f200w_i2d.fits,4537.0,4519.0,3.0999999,True,50.682523544132515,-37.103809957361776
jw03707-o006_t004_nircam_clear-f335m_i2d.fits,2172.0,2166.0,3.0999999,True,50.68225162578102,-37.103925199592354
jw03707-o006_t004_miri_f2100w_i2d.fits,1086.0,1076.0,3.0999999,True,50.565100689035276,-37.14280568181832
