file,width,height,offset,chosen,CRVAL1,CRVAL2
jw03707-o230_t004_miri_f770w_i2d.fits,1086,1076,381.8753126,False,50.5642340967354,-37.0666798707351
jw03707-o230_t004_nircam_clear-f150w_i2d.fits,4540,4519,381.8753126,True,50.6830107129726,-37.1027199677085
jw03707-o230_t004_nircam_clear-f300m_i2d.fits,2175,2167,3.0999999,True,50.6826837494753,-37.1026548593386
jw03707-o230_t004_nircam_clear-f335m_i2d.fits,2174,2168,3.0999999,True,50.6827065691785,-37.1026679246722
jw03707-o230_t004_nircam_clear-f200w_i2d.fits,4539,4519,3.0999999,True,50.6829947401535,-37.1027054774072
jw03707-o230_t004_miri_f2100w_i2d.fits,1086,1076,3.0999999,False,50.5642334714727,-37.0666878439829
