file,width,height,offset,chosen,CRVAL1,CRVAL2,CRVAL1fix,CRVAL2fix
jw03707-o006_t004_miri_f770w_i2d.fits,1086,1076,381.8753126,False,50.5650942087716,-37.1427995195956,,
jw03707-o006_t004_nircam_clear-f300m_i2d.fits,2174,2167,381.8753126,True,50.6822549598323,-37.1039364179013,,
jw03707-o006_t004_nircam_clear-f200w_i2d.fits,4537,4519,3.0999999,True,50.6825235441325,-37.1038099573618,,
jw03707-o006_t004_nircam_clear-f335m_i2d.fits,2172,2166,3.0999999,True,50.682251625781,-37.1039251995924,50.682255,-37.103915
jw03707-o006_t004_miri_f2100w_i2d.fits,1086,1076,3.0999999,False,50.5651006890353,-37.1428056818183,,
jw03707-o229_t004_miri_f2100w_i2d.fits,1178,1171,7.5872997,True,50.6914949709042,-37.104227954711,50.6915,-37.10417
jw03707-o229_t004_miri_f770w_i2d.fits,1178,1171,7.5872997,True,50.691503065169,-37.1042201914247,50.69149,-37.10416
jw03707-o006_t004_nircam_clear-f150w_i2d.fits,,,,True,,,,
