file,width,height,offset,chosen,CRVAL1,CRVAL2
jw03707-c1069_t017_miri_f2100w_i2d.fits,5444.0,2421.0,92.0628325,True,143.05961075395498,21.52425652741269
jw03707-c1069_t017_miri_f770w_i2d.fits,5444.0,2422.0,92.0628325,True,143.05961899591222,21.524253812649825
