file,width,height,offset,chosen,CRVAL1,CRVAL2
jw03707-o027_t016_miri_f770w_i2d.fits,1779.0,1175.0,25.724633,True,137.58139574832748,7.033285844377144
jw03707-o027_t016_miri_f2100w_i2d.fits,1779.0,1175.0,25.724633,True,137.58138800251584,7.033288084727004
