file,width,height,offset,chosen,CRVAL1,CRVAL2
jw03707-o031_t018_miri_f770w_i2d.fits,2991.0,3017.0,381.8753126,True,146.40989200216464,-31.196279351781865
jw03707-o031_t018_miri_f2100w_i2d.fits,2991.0,3017.0,381.8753126,True,146.40988396907935,-31.196277122936813
jw03707-o032_t018_nircam_clear-f187n_i2d.fits,4540.0,4518.0,3.0999999,True,146.41314066188232,-31.18979080032208
jw03707-o032_t018_miri_f2100w_i2d.fits,1086.0,1076.0,3.0999999,False,146.46369337204462,-31.098280702380713
jw03707-o032_t018_nircam_clear-f335m_i2d.fits,2174.0,2167.0,108.8430891,True,146.41322622452034,-31.189560874364847
jw03707-o032_t018_nircam_clear-f300m_i2d.fits,2174.0,2167.0,108.8430891,True,146.41323079805744,-31.18955518664637
jw03707-o032_t018_nircam_clear-f150w_i2d.fits,4539.0,4518.0,3.0999999,True,146.4131402532514,-31.189792846495422
jw03707-o032_t018_miri_f770w_i2d.fits,1086.0,1076.0,3.0999999,False,146.4637029972741,-31.09828159778771
