file,width,height,offset,chosen,CRVAL1,CRVAL2
jw03707-c1066_t014_miri_f770w_i2d.fits,4841.0,1960.0,381.9265746039589,False,101.457116334066,-18.169326726693537
jw03707-c1066_t014_miri_f2100w_i2d.fits,4841.0,1960.0,381.9265746039589,True,101.45710941840719,-18.169331480633627
jw03707-o023_t014_miri_f770w_i2d.fits,1779.0,1175.0,25.724633063133503,True,101.47277585023868,-18.215787405820727
jw03707-o024_t014_nircam_clear-f150w_i2d.fits,4539.0,4518.0,3.099999942448996,True,101.47002305816112,-18.20922070149238
jw03707-o024_t014_miri_f2100w_i2d.fits,1086.0,1076.0,3.099999942448996,False,101.43425450546917,-18.113663601055457
jw03707-o024_t014_miri_f770w_i2d.fits,1086.0,1076.0,25.724633063133503,False,101.43426123267528,-18.113658806473985
jw03707-o024_t014_nircam_clear-f300m_i2d.fits,2174.0,2167.0,25.724633063133503,True,101.46991124195492,-18.20897620479978
jw03707-o024_t014_nircam_clear-f335m_i2d.fits,2174.0,2167.0,3.099999942448996,True,101.46990888449876,-18.208981139914414
jw03707-o024_t014_nircam_clear-f187n_i2d.fits,4539.0,4518.0,3.099999942448996,True,101.47002282064445,-18.2092210174286
