file,width,height,offset,chosen
jw01493-o002_t002_nircam_clear-f444w_i2d.fits,5709.0,6169.0,127.6438980248071,True
jw01493-o002_t002_nircam_clear-f115w_i2d.fits,11765.0,12699.0,127.6438980248071,True
