file,width,height,offset,chosen,CRVAL1,CRVAL2
jw01995-o016_t016_nircam_clear-f115w_i2d.fits,10089.0,4579.0,203.9379737950643,True,114.01586845408684,-69.54120046645357
jw01995-o016_t016_niriss_clear-f115w_i2d.fits,2142.0,2164.0,87.10024671025812,False,114.29797933590545,-69.53886527526555
jw01995-o016_t016_nircam_clear-f356w_i2d.fits,4973.0,2211.0,87.10024671025812,True,114.01619544345277,-69.54137820299533
