file,width,height,offset,chosen,CRVAL1,CRVAL2,CRVAL1fix,CRVAL2fix
jw03707-c1067_t015_miri_f770w_i2d.fits,4844,2418,381.8753126,True,124.705425831257,-25.4627641737432,124.70549,-25.46276
jw03707-o025_t015_miri_f2100w_i2d.fits,1784,2092,381.8753126,True,124.688739295862,-25.5047513876472,124.68878,-25.5047513876472
jw03707-o026_t015_nircam_clear-f150w_i2d.fits,4539,4518,57.573427,True,124.691243200102,-25.4980135571814,,
jw03707-o026_t015_nircam_clear-f200w_i2d.fits,4539,4518,3.0999999,True,124.691259456031,-25.4980039801,,
jw03707-o026_t015_nircam_clear-f335m_i2d.fits,2174,2167,3.0999999,True,124.691308060567,-25.4977770122744,124.691312,-25.497775
jw03707-o026_t015_miri_f2100w_i2d.fits,1086,1076,57.573427,False,124.728484160571,-25.4025755369419,,
jw03707-o026_t015_miri_f770w_i2d.fits,1086,1076,3.0999999,False,124.728493275095,-25.4025758121092,,
jw03707-o026_t015_nircam_clear-f300m_i2d.fits,2174,2167,3.0999999,True,124.691314234411,-25.4977738505149,124.691317,-25.4977738505149
