file,width,height,offset,chosen
jw01328-o008_t017_miri_f560w_i2d.fits,1032.0,1028.0,0.4747300002388783,True
jw01328-o008_t017_miri_f1500w_i2d.fits,1032.0,1028.0,0.4488829998838355,True
jw01328-o008_t017_miri_f770w_i2d.fits,1032.0,1029.0,0.4915159998365652,True
