file,width,height,offset,chosen,CRVAL1,CRVAL2
jw03707-o125_t023_miri_f2100w_i2d.fits,1784.0,2092.0,57.573427,True,161.68722332128135,11.815513654661114
jw03707-o125_t023_miri_f770w_i2d.fits,1784.0,2092.0,57.573427,True,161.68723093602418,11.815510209802554
