file,width,height,offset,chosen
jw01328-o028_t005_nircam_clear-f200w-sub160p_i2d.fits,167.0,168.0,7.08258719294425e-11,True
jw01328-o028_t005_nircam_clear-f335m-sub160p_i2d.fits,163.0,165.0,0.2213004845211449,True
jw01328-o028_t005_nircam_clear-f444w-sub160p_i2d.fits,163.0,165.0,0.2213004845211449,True
jw01328-o028_t005_nircam_clear-f150w-sub160p_i2d.fits,167.0,168.0,0.2213004845211449,True
