file,width,height,offset,chosen,CRVAL1,CRVAL2
jw03348-o001_t001_nircam_clear-f200w_i2d.fits,4540.0,4523.0,3.0999999,True,172.13764037618938,58.56094379385917
jw03348-o001_t001_nircam_clear-f150w_i2d.fits,4540.0,4520.0,3.0999999,True,172.13762933597323,58.56095038866406
jw03348-o001_t001_nircam_clear-f182m_i2d.fits,4542.0,4521.0,3.0999999,True,172.13764560461806,58.56095234071638
jw03348-o001_t001_nircam_clear-f277w_i2d.fits,2179.0,2169.0,3.0999999,True,172.1380103921891,58.560907529962186
jw03348-o001_t001_nircam_clear-f410m_i2d.fits,2175.0,2168.0,3.0999999,True,172.13808171375146,58.56092244771916
jw03348-o001_t001_nircam_clear-f480m_i2d.fits,2176.0,2168.0,3.0999999,True,172.1380826829016,58.560918837454324
