file,width,height,offset,chosen,CRVAL1,CRVAL2
jw03707-o042_t024_miri_f770w_i2d.fits,1086.0,1076.0,381.8753126,True,165.90316371696503,-22.996506741330517
jw03707-o042_t024_nircam_clear-f300m_i2d.fits,2174.0,2167.0,381.8753126,True,165.85073441331528,-23.085208299766915
jw03707-o042_t024_miri_f2100w_i2d.fits,1086.0,1076.0,3.0999999,True,165.9031548728569,-22.996505246141638
jw03707-o042_t024_nircam_clear-f335m_i2d.fits,2174.0,2167.0,3.0999999,True,165.85072677678218,-23.085209731892515
