file,width,height,offset,chosen,CRVAL1,CRVAL2
jw03707-o052_t028_miri_f770w_i2d.fits,1086.0,1076.0,381.8753126,True,169.6531657055588,-32.738671530880595
jw03707-o052_t028_nircam_clear-f150w_i2d.fits,4540.0,4518.0,3.0999999,True,169.5697519832499,-32.811678071843076
