file,width,height,offset,chosen,CRVAL1,CRVAL2
jw03707-o048_t027_nircam_clear-f300m_i2d.fits,2174,2167,40.8992311,True,168.77748799545603,14.788192160668366
jw03707-o048_t027_nircam_clear-f187n_i2d.fits,4540,4519,381.8753126,True,168.77732664235543,14.787997948906899
jw03707-o048_t027_nircam_clear-f335m_i2d.fits,2174,2167,381.8753126,True,168.77748162191892,14.788194434366835
jw03707-o048_t027_miri_f770w_i2d.fits,1086,1076,3.0999999,False,168.84774997322305,14.86297565059987
jw03707-o048_t027_nircam_clear-f150w_i2d.fits,4539,4519,3.0999999,True,168.77732425939237,14.787998399383838
jw03707-o048_t027_miri_f2100w_i2d.fits,1086,1076,3.0999999,False,168.84774236939484,14.862978975784397
jw03707-o047_t027_miri_f770w_i2d.fits,1029,1019,3.0999999,True,168.7691601491222,14.771530701002938
