file,width,height,offset,chosen,CRVAL1,CRVAL2
jw01670-o011_t004_miri_f1500w-sub256_i2d.fits,313.0,319.0,2.3410365831143736,True,149.9070616465864,-22.823944835307834
jw01670-o011_t004_miri_f560w-sub256_i2d.fits,313.0,319.0,2.3410365831143736,True,149.9070643667839,-22.823935895370848
jw01670-o011_t004_miri_f1000w-sub256_i2d.fits,313.0,319.0,2.3410365831143736,True,149.90705411181628,-22.823948613542726
