file,width,height,offset,chosen,CRVAL1,CRVAL2
jw03707-o046_t026_nircam_clear-f300m_i2d.fits,2174.0,2167.0,381.8753126,True,166.45394183312126,-0.03462899622073478
jw03707-o046_t026_miri_f770w_i2d.fits,1086.0,1076.0,3.0999999,True,166.51432089003058,0.0463154335016709
