file,width,height,offset,chosen,CRVAL1,CRVAL2
jw03707-o043_t025_miri_f770w_i2d.fits,1779.0,1175.0,25.724633,True,165.8521800563925,18.131124101628878
