file,width,height,offset,chosen,CRVAL1,CRVAL2
jw01225-o001_t001_nircam_clear-f430m_i2d.fits,4876,2118,364.976237909338,False,168.8678138271016,-61.18185922258252
jw01225-o001_t001_nircam_clear-f182m_i2d.fits,9851,4315,332.518663341492,False,168.8674042286755,-61.18189609953611
jw01225-o001_t001_nircam_clear-f150w_i2d.fits,9896,4390,371.8470587403,True,168.8973261737308,-61.17927796126159
jw01225-o001_t001_nircam_clear-f277w_i2d.fits,4876,2118,332.169262315943,True,168.8977274875071,-61.17921223867956
jw01225-o001_t001_nircam_f405n-f444w_i2d.fits,4876,2117,364.976237909338,True,168.8967676827814,-61.18129493519562
jw01225-o001_t001_nircam_clear-f187n_i2d.fits,9862,4360,372.196486896782,False,168.8963613621923,-61.18133483225581
