file,width,height,offset,chosen,CRVAL1,CRVAL2
jw03707-o223_t022_miri_f2100w_i2d.fits,1784.0,2092.0,381.8753126,True,160.87629069992082,24.917680249862205
jw03707-o223_t022_miri_f770w_i2d.fits,1784.0,2092.0,381.8753126,True,160.87629863104823,24.91767697014756
jw03707-o224_t022_nircam_clear-f187n_i2d.fits,4539.0,4519.0,57.573427,True,160.88140398074054,24.9231329747689
jw03707-o224_t022_nircam_clear-f335m_i2d.fits,2174.0,2167.0,57.573427,True,160.88156499058536,24.923332133949945
jw03707-o224_t022_miri_f770w_i2d.fits,1086.0,1076.0,3.0999999,False,160.9557602999187,24.998731528545605
jw03707-o224_t022_miri_f2100w_i2d.fits,1086.0,1076.0,3.0999999,False,160.95575214737715,24.998734858460256
jw03707-o224_t022_nircam_clear-f150w_i2d.fits,4539.0,4519.0,3.0999999,True,160.88140254815664,24.923133435778553
jw03707-o224_t022_nircam_clear-f300m_i2d.fits,2174.0,2167.0,3.0999999,True,160.88157313043934,24.923332751711364
