file,width,height,offset,chosen,CRVAL1,CRVAL2
jw03707-c1079_t029_miri_f2100w_i2d.fits,4541.0,1958.0,381.8753126,False,170.05029645493988,18.391336791729216
jw03707-o053_t029_miri_f770w_i2d.fits,1178.0,1171.0,381.8753126,True,170.01240758685188,18.352409427511546
jw03707-o054_t029_miri_f770w_i2d.fits,1086.0,1076.0,7.5872997,False,170.08977714562934,18.432230754217663
jw03707-c1079_t029_miri_f770w_i2d.fits,4541.0,1958.0,7.5872997,False,170.05030421512564,18.391333097786053
jw03707-o053_t029_miri_f2100w_i2d.fits,1178.0,1171.0,3.0999999,True,170.01239993202864,18.35241312635839
jw03707-o054_t029_nircam_clear-f300m_i2d.fits,2175.0,2166.0,3.0999999,True,170.01760820025072,18.357960022901107
jw03707-o054_t029_nircam_clear-f335m_i2d.fits,2175.0,2167.0,7.5872997,True,170.01758932861162,18.35795623720512
jw03707-o054_t029_nircam_clear-f200w_i2d.fits,4539.0,4519.0,7.5872997,True,170.01745028777353,18.35776611972612
jw03707-o054_t029_miri_f2100w_i2d.fits,1086.0,1076.0,3.0999999,False,170.08976927420122,18.43223419733653
