file,width,height,offset,chosen,CRVAL1,CRVAL2
jw01328-o008_t017_miri_f560w_i2d.fits,1032.0,1028.0,0.4747300002388783,True,156.9968582337138,-43.89776760781362
jw01328-o008_t017_miri_f1500w_i2d.fits,1032.0,1028.0,0.4488829998838355,True,156.9968875039283,-43.89777515630945
jw01328-o008_t017_miri_f770w_i2d.fits,1032.0,1029.0,0.4915159998365652,True,156.99684166784,-43.89776757463582
