file,width,height,offset,chosen,CRVAL1,CRVAL2
jw03707-o038_t021_nircam_clear-f335m_i2d.fits,2174.0,2167.0,381.8753126,True,156.2720540556432,17.164746274399942
jw03707-o038_t021_miri_f770w_i2d.fits,1086.0,1076.0,381.8753126,True,156.34536337643155,17.237574318138076
jw03707-o038_t021_nircam_clear-f187n_i2d.fits,4540.0,4519.0,3.0999999,True,156.27189317299457,17.164553190817642
jw03707-o038_t021_nircam_clear-f300m_i2d.fits,2175.0,2166.0,3.0999999,True,156.27206216369723,17.164748460229664
jw03707-o038_t021_miri_f2100w_i2d.fits,1086.0,1076.0,3.0999999,True,156.34535564244806,17.237577852511656
jw03707-o038_t021_nircam_clear-f150w_i2d.fits,4540.0,4518.0,3.0999999,True,156.27189409597443,17.16455243220914
