file,width,height,offset,chosen,CRVAL1,CRVAL2
jw03707-o035_t020_miri_f2100w_i2d.fits,1779.0,1175.0,25.724633,True,152.27892579682305,-29.069323195386822
jw03707-o035_t020_miri_f770w_i2d.fits,1779.0,1174.0,25.724633,True,152.27893347819793,-29.069324463121205
jw03707-c1072_t020_miri_f770w_i2d.fits,4841.0,1959.0,25.724633,False,152.30625596326692,-29.026980112399123
jw03707-c1072_t020_miri_f2100w_i2d.fits,4841.0,1959.0,25.724633,False,152.30624688439522,-29.02697852661511
