file,width,height,offset,chosen,CRVAL1,CRVAL2
jw03707-o123_t022_miri_f2100w_i2d.fits,1784.0,2092.0,57.573427,True,160.87602121099638,24.917830652055994
jw03707-o123_t022_miri_f770w_i2d.fits,1784.0,2092.0,57.573427,True,160.87602918238315,24.91782740507592
