file,width,height,offset,chosen,CRVAL1,CRVAL2
jw01995-o017_t017_nircam_clear-f356w_i2d.fits,4973.0,2212.0,203.971094127312,True,178.89875569133966,55.311155818184794
jw01995-o017_t017_nircam_clear-f115w_i2d.fits,10088.0,4594.0,84.10023854897639,True,178.8983880579573,55.311136954753174
jw01995-o017_t017_niriss_clear-f115w_i2d.fits,2142.0,2164.0,84.10023854897639,False,178.9876189835365,55.395833466133176
