file,width,height,offset,chosen,CRVAL1,CRVAL2
jw03707-o138_t021_miri_f2100w_i2d.fits,1086.0,1076.0,381.8753126,False,156.34031556150146,17.24197403361362
jw03707-o138_t021_miri_f770w_i2d.fits,1086.0,1076.0,381.8753126,False,156.34032370537804,17.241970970487877
jw03707-o138_t021_nircam_clear-f150w_i2d.fits,4539.0,4518.0,7.5872997,True,156.27184741275303,17.164669709724805
jw03707-o138_t021_nircam_clear-f335m_i2d.fits,2174.0,2166.0,7.5872997,True,156.27199789418253,17.164875133181074
jw03707-o138_t021_nircam_clear-f300m_i2d.fits,2174.0,2167.0,3.0999999,True,156.27200098247778,17.164874807922338
jw03707-o138_t021_nircam_clear-f187n_i2d.fits,4539.0,4518.0,3.0999999,True,156.27184866701887,17.164667553442435
jw03707-o137_t021_miri_f770w_i2d.fits,1178.0,1171.0,3.0999999,True,156.26681653263626,17.15929968638646
jw03707-o137_t021_miri_f2100w_i2d.fits,1178.0,1171.0,3.0999999,True,156.26680906425935,17.15930255309106
