file,width,height,offset,chosen,CRVAL1,CRVAL2
jw01328-o009_t018_miri_f1500w_i2d.fits,1032.0,1028.0,0.4747300002388783,True,156.9968048760054,-43.89923890471276
jw01328-o009_t018_miri_f770w_i2d.fits,1032.0,1029.0,0.4747300002388783,True,156.9967803490701,-43.89923541455948
jw01328-o009_t018_miri_f560w_i2d.fits,1032.0,1028.0,0.4747300002388783,True,156.996778725045,-43.89923380277336
