file,width,height,offset,chosen,CRVAL1,CRVAL2
jw03707-o034_t019_nircam_clear-f335m_i2d.fits,2174.0,2167.0,25.724633,True,147.53766942974778,-73.9207083353563
jw03707-o033_t019_miri_f770w_i2d.fits,1779.0,1175.0,25.724633,True,147.53123426403764,-73.927809228787
jw03707-o033_t019_miri_f2100w_i2d.fits,1779.0,1174.0,3.0999999,True,147.53120515950096,-73.9278093467626
jw03707-c1071_t019_miri_f770w_i2d.fits,4841.0,1957.0,25.724633,False,147.5862999805703,-73.88146030563823
jw03707-c1071_t019_miri_f2100w_i2d.fits,4841.0,1957.0,25.724633,False,147.58626939190316,-73.88146034481653
