file,width,height,offset,chosen,CRVAL1,CRVAL2
jw01783-o010_t012_miri_f770w_i2d.fits,1717.0,1142.0,3.9967538076219498,True,187.02984630381772,44.085858908853
jw01783-o010_t012_miri_f560w_i2d.fits,1717.0,1142.0,3.9967538076219498,True,187.02984247365356,44.08585704744511
