file,width,height,offset,chosen,CRVAL1,CRVAL2
jw03707-o094_t042_miri_f770w_i2d.fits,1086.0,1076.0,381.8753126,True,192.13409229773936,11.05915736783797
jw03707-o094_t042_nircam_clear-f335m_i2d.fits,2174.0,2167.0,381.8753126,True,192.0643659189363,10.984845353497981
jw03707-o094_t042_nircam_clear-f187n_i2d.fits,4539.0,4518.0,3.0999999,True,192.06421182675075,10.984650914218516
jw03707-o094_t042_nircam_clear-f150w_i2d.fits,4540.0,4519.0,3.0999999,True,192.0642091496712,10.98465331760623
jw03707-o094_t042_miri_f2100w_i2d.fits,1086.0,1076.0,3.0999999,True,192.13408436402094,11.059160729253056
jw03707-o094_t042_nircam_clear-f300m_i2d.fits,2174.0,2167.0,3.0999999,True,192.06437211684232,10.984846275289168
