file,width,height,offset,chosen,CRVAL1,CRVAL2
jw01995-o021_t020_nircam_clear-f115w_i2d.fits,10088.0,4587.0,375.1652278805847,True,188.57686172127094,2.1827224490248907
jw01995-o021_t020_nircam_clear-f444w_i2d.fits,4971.0,2211.0,87.90024879059398,True,188.57672265105117,2.1826016077842207
jw01995-o021_t020_niriss_clear-f115w_i2d.fits,2142.0,2160.0,87.90024879059398,False,188.6110026838822,2.090360586870638
