file,width,height,offset,chosen,CRVAL1,CRVAL2
jw01995-o003_t003_nircam_clear-f115w_i2d.fits,10089.0,4587.0,290.1701691356516,True,184.61261765185992,47.20935002573836
jw01995-o003_t003_niriss_clear-f115w_i2d.fits,2142.0,2160.0,3.099999960980663,False,184.72678015893825,47.148255248590516
jw01995-o003_t003_nircam_clear-f444w_i2d.fits,4972.0,2211.0,3.099999960980663,True,184.61260983757174,47.209125872461165
