file,width,height,offset,chosen,CRVAL1,CRVAL2
jw01783-o917_t020_miri_f770w_i2d.fits,1204.0,1136.0,11.429424763670657,True,187.62823823390082,41.700739099796984
jw01783-o917_t020_miri_f560w_i2d.fits,1204.0,1135.0,11.429424763670657,True,187.6282524656495,41.700737581607406
