file,width,height,offset,chosen,CRVAL1,CRVAL2
jw01995-o022_t021_nircam_clear-f356w_i2d.fits,4973.0,2211.0,205.1751083708828,True,190.70375886869274,13.239014394749564
jw01995-o022_t021_niriss_clear-f115w_i2d.fits,2142.0,2163.0,82.1002330883488,True,190.70595028446112,13.337408717298306
