file,width,height,offset,chosen,CRVAL1,CRVAL2
jw01995-o019_t019_nircam_clear-f115w_i2d.fits,10089.0,4587.0,205.1751083708828,True,180.46398908249623,-18.896943907784873
jw01995-o019_t019_nircam_clear-f356w_i2d.fits,4973.0,2211.0,82.1002330883488,True,180.46411354201985,-18.89682800755905
jw01995-o019_t019_niriss_clear-f115w_i2d.fits,2142.0,2164.0,82.1002330883488,False,180.41959529889368,-18.807926769880343
