file,width,height,offset,chosen,CRVAL1,CRVAL2
jw01783-o005_t007_nircam_clear-f187n_i2d.fits,11471.0,4589.0,24.600071019279408,True,187.63910826988766,41.66255977987147
jw01783-o005_t007_nircam_clear-f444w_i2d.fits,5657.0,2206.0,24.600071019279408,False,187.6391244347388,41.662347028612174
jw01783-o005_t007_nircam_clear-f150w_i2d.fits,11470.0,4589.0,24.600071019279408,True,187.63911311089564,41.662559684629244
jw01783-o005_t007_nircam_clear-f200w_i2d.fits,11473.0,4595.0,24.600071019279408,True,187.63911949085204,41.6625714704093
jw01783-o005_t007_nircam_clear-f335m_i2d.fits,5656.0,2207.0,24.600071019279408,True,187.63912354925947,41.66234214840102
jw01783-o005_t007_nircam_f405n-f444w_i2d.fits,5655.0,2206.0,24.600071019279408,True,187.6391224630781,41.662346523710724
jw01783-o005_t007_nircam_clear-f300m_i2d.fits,5657.0,2207.0,24.600071019279408,True,187.6391184657844,41.66234161884331
jw01783-o005_t007_nircam_clear-f115w_i2d.fits,11471.0,4589.0,24.600071019279408,True,187.63910542320625,41.662566061152546
