file,width,height,offset,chosen,CRVAL1,CRVAL2
jw01783-o009_t014_miri_f770w_i2d.fits,1804.0,2972.0,99.6687781466481,True,187.64307451312402,41.66356857148064
jw01783-o009_t014_miri_f560w_i2d.fits,1804.0,2972.0,99.6687781466481,True,187.64307809446154,41.66356970966142
