file,width,height,offset,chosen,CRVAL1,CRVAL2
jw03707-o062_t031_nircam_clear-f150w_i2d.fits,4539.0,4518.0,3.0999999,True,186.79972185037153,9.421506090374203
