file,width,height,offset,chosen,CRVAL1,CRVAL2
jw03707-c1095_t045_miri_f2100w_i2d.fits,4540.0,1958.0,381.8753126,True,194.21965473262952,21.7150993219408
jw03707-c1095_t045_miri_f770w_i2d.fits,4541.0,1958.0,381.8753126,False,194.21966306289372,21.71509523821898
jw03707-o100_t045_nircam_clear-f187n_i2d.fits,4539.0,4519.0,7.5872997,True,194.1834800809093,21.68383310954266
jw03707-o100_t045_nircam_clear-f300m_i2d.fits,2174.0,2167.0,3.0999999,True,194.18366651195237,21.684014779569335
jw03707-o100_t045_miri_f770w_i2d.fits,1086.0,1076.0,3.0999999,False,194.26319586396298,21.75296186026496
jw03707-o100_t045_nircam_clear-f335m_i2d.fits,2174.0,2167.0,7.5872997,True,194.18365836430792,21.684015397694793
jw03707-o100_t045_miri_f2100w_i2d.fits,1086.0,1076.0,7.5872997,False,194.26318840518516,21.752965845855528
jw03707-o100_t045_nircam_clear-f150w_i2d.fits,4539.0,4519.0,3.0999999,True,194.18347974684687,21.683830841782996
jw03707-o099_t045_miri_f770w_i2d.fits,1178.0,1171.0,3.0999999,True,194.17795574762704,21.6789210264706
