file,width,height,offset,chosen,CRVAL1,CRVAL2
jw01995-o055_t055_nircam_clear-f115w_i2d.fits,10380.0,4861.0,241.23672417332787,True,184.72921718162468,47.36230484531768
jw01995-o055_t055_nircam_clear-f444w_i2d.fits,5115.0,2351.0,46.25011332567307,True,184.72904711680337,47.362193926579536
jw01995-o055_t055_niriss_clear-f115w_i2d.fits,2277.0,2301.0,46.25011332567307,False,184.7865335853432,47.271865452713044
