file,width,height,offset,chosen,CRVAL1,CRVAL2
jw03707-o075_t034_miri_f2100w_i2d.fits,1789.0,3010.0,108.4691624,True,188.60940174978174,2.1838722128230534
jw03707-o075_t034_miri_f770w_i2d.fits,1789.0,3010.0,108.4691624,True,188.60940889824298,2.183868575915231
jw03707-c1084_t034_miri_f770w_i2d.fits,4846.0,3010.0,108.4691624,False,188.63127895474753,2.211314906979281
