file,width,height,offset,chosen,CRVAL1,CRVAL2
jw03707-o193_t042_miri_f770w_i2d.fits,1178.0,1171.0,7.5872997,True,192.05951825307122,10.979215536045876
jw03707-c1113_t042_miri_f770w_i2d.fits,4541.0,1958.0,7.5872997,False,192.09441331553228,11.019657343583214
jw03707-o193_t042_miri_f2100w_i2d.fits,1178.0,1171.0,3.0999999,True,192.05951080988874,10.979218720940334
jw03707-c1113_t042_miri_f2100w_i2d.fits,4541.0,1958.0,7.5872997,False,192.0944055559636,11.019660585958139
jw03707-o194_t042_nircam_clear-f150w_i2d.fits,4538.0,4518.0,7.5872997,True,192.06418926729557,10.9847163721012
jw03707-o194_t042_nircam_clear-f300m_i2d.fits,2174.0,2167.0,3.0999999,True,192.06434071298014,10.984925537189293
