file,width,height,offset,chosen,CRVAL1,CRVAL2
jw01783-o006_t006_nircam_clear-f115w_i2d.fits,11462.0,5195.0,24.350073010309224,True,187.04567311393575,44.09541920574466
jw01783-o006_t006_nircam_clear-f444w_i2d.fits,5650.0,2505.0,24.350073010309224,False,187.0459373563923,44.09548445931596
jw01783-o006_t006_nircam_clear-f187n_i2d.fits,11462.0,5195.0,24.350073010309224,True,187.04567577741565,44.095418374879
jw01783-o006_t006_nircam_f405n-f444w_i2d.fits,5648.0,2505.0,24.350073010309224,True,187.04593823246108,44.095482698408816
jw01783-o006_t006_nircam_clear-f335m_i2d.fits,5650.0,2505.0,24.350073010309224,True,187.04594543480027,44.09548195468305
jw01783-o006_t006_nircam_clear-f300m_i2d.fits,5650.0,2506.0,24.350073010309224,True,187.04594709411842,44.09547727749328
