file,width,height,offset,chosen,CRVAL1,CRVAL2
jw01783-o916_t012_miri_f560w_i2d.fits,1116.0,1139.0,68.2702514,True,187.05821104062912,44.104707311163544
jw01783-o916_t012_miri_f770w_i2d.fits,1116.0,1139.0,68.2702514,True,187.0582152583676,44.104711217911
