file,width,height,offset,chosen,CRVAL1,CRVAL2
jw01995-o012_t012_nircam_clear-f115w_i2d.fits,10089.0,4588.0,410.49446115131417,True,186.8231539888011,9.444898448803357
jw01995-o012_t012_niriss_clear-f115w_i2d.fits,2142.0,2164.0,122.90038354755951,False,186.8174873817135,9.543208739521663
