file,width,height,offset,chosen,CRVAL1,CRVAL2
jw01995-o004_t004_nircam_clear-f115w_i2d.fits,10089.0,4591.0,200.34100060735736,True,184.83374143924655,47.16098460054615
jw01995-o004_t004_niriss_clear-f115w_i2d.fits,2142.0,2163.0,87.10026179101826,False,184.81979287033988,47.25896122316677
