file,width,height,offset,chosen,CRVAL1,CRVAL2,CRVAL1fix,CRVAL2fix
jw03707-c1095_t045_miri_f2100w_i2d.fits,4540,1958,381.8753126,True,194.21965473263,21.7150993219408,194.21968,21.715085
jw03707-c1095_t045_miri_f770w_i2d.fits,4541,1958,381.8753126,False,194.219663062894,21.715095238219,,
jw03707-o100_t045_nircam_clear-f187n_i2d.fits,4539,4519,7.5872997,False,194.183480080909,21.6838331095427,194.183481,21.683832
jw03707-o100_t045_nircam_clear-f300m_i2d.fits,2174,2167,3.0999999,False,194.183666511952,21.6840147795693,,
jw03707-o100_t045_miri_f770w_i2d.fits,1086,1076,3.0999999,False,194.263195863963,21.752961860265,,
jw03707-o100_t045_nircam_clear-f335m_i2d.fits,2174,2167,7.5872997,False,194.183658364308,21.6840153976948,,
jw03707-o100_t045_miri_f2100w_i2d.fits,1086,1076,7.5872997,False,194.263188405185,21.7529658458555,,
jw03707-o100_t045_nircam_clear-f150w_i2d.fits,4539,4519,3.0999999,True,194.183479746847,21.683830841783,,
jw03707-o099_t045_miri_f770w_i2d.fits,1178,1171,3.0999999,True,194.177955747627,21.6789210264706,194.178,21.6789210264706
