file,width,height,offset,chosen,CRVAL1,CRVAL2
jw03707-o226_t050_nircam_clear-f150w_i2d.fits,4540.0,4519.0,38.9161734,True,204.3849084959876,8.88595238197514
jw03707-o226_t050_nircam_clear-f187n_i2d.fits,4540.0,4518.0,3.0999999,True,204.38491029637856,8.885948694297081
jw03707-o226_t050_nircam_clear-f300m_i2d.fits,2174.0,2167.0,38.9161734,True,204.3850856163249,8.88613174724771
jw03707-o226_t050_nircam_clear-f335m_i2d.fits,2174.0,2167.0,3.0999999,True,204.38507777679058,8.886131666504308
jw03707-o225_t050_miri_f770w_i2d.fits,1178.0,1171.0,381.8753126,True,204.3644214030482,8.881282802904808
jw03707-o225_t050_miri_f2100w_i2d.fits,1178.0,1171.0,381.8753126,True,204.36441461854182,8.881287093863378
jw03707-o226_t050_miri_f770w_i2d.fits,1086.0,1076.0,3.0999999,False,204.4607651619296,8.954110001218597
jw03707-o226_t050_miri_f2100w_i2d.fits,1086.0,1076.0,3.0999999,False,204.46075802792532,8.954114064527813
