file,width,height,offset,chosen,CRVAL1,CRVAL2
jw01670-o004_t003_miri_f560w-sub256_i2d.fits,313.0,319.0,2.3410365831143736,True,220.6313164378803,-17.24527881701579
jw01670-o004_t003_miri_f1000w-sub256_i2d.fits,313.0,319.0,2.3410365831143736,True,220.6313335949313,-17.24528417317788
jw01670-o004_t003_miri_f1500w-sub256_i2d.fits,313.0,319.0,2.3410365831143736,True,220.63136016540898,-17.245276560306724
