file,width,height,offset,chosen,CRVAL1,CRVAL2
jw05014-o018_t005_miri_f770w_i2d.fits,1054.0,1035.0,0.4488829,True,204.96011305014622,-31.65306505416253
jw05014-o018_t005_miri_f1130w_i2d.fits,1055.0,1036.0,0.4488829,True,204.96010242734837,-31.65304217264221
jw05014-o018_t005_miri_f2100w_i2d.fits,1056.0,1038.0,0.4488829,True,204.96016727322507,-31.653042737682505
