file,width,height,offset,chosen,CRVAL1,CRVAL2
jw01783-o002_t010_miri_f770w_i2d.fits,3606.0,1149.0,144.6771298163532,True,204.26170200739082,-29.86357738381344
jw01783-o002_t010_miri_f560w_i2d.fits,3606.0,1148.0,144.6771298163532,True,204.26170366781778,-29.86357503839311
