file,width,height,offset,chosen,CRVAL1,CRVAL2
jw01783-o003_t009_nircam_clear-f115w_i2d.fits,11470.0,4593.0,24.600071019279408,True,202.46718112202728,47.20006435977064
jw01783-o003_t009_nircam_clear-f335m_i2d.fits,5657.0,2206.0,24.600071019279408,True,202.4674428351079,47.20012152969945
jw01783-o003_t009_nircam_clear-f150w_i2d.fits,11471.0,4593.0,24.600071019279408,True,202.46718800237397,47.20006999319998
jw01783-o003_t009_nircam_clear-f300m_i2d.fits,5657.0,2207.0,24.600071019279408,True,202.46745095104245,47.20011990003589
