file,width,height,offset,chosen
jw01670-o004_t003_miri_f560w-sub256_i2d.fits,313.0,319.0,2.3410365831143736,True
jw01670-o004_t003_miri_f1000w-sub256_i2d.fits,313.0,319.0,2.3410365831143736,True
jw01670-o004_t003_miri_f1500w-sub256_i2d.fits,313.0,319.0,2.3410365831143736,True
