file,width,height,offset,chosen,CRVAL1,CRVAL2
jw01783-o007_t018_miri_f560w_i2d.fits,3607.0,1148.0,144.67712981635324,True,202.46098810712914,47.196836821427645
jw01783-o007_t018_miri_f770w_i2d.fits,3607.0,1148.0,144.67712981635324,True,202.46099181597862,47.196838365928194
