file,width,height,offset,chosen,CRVAL1,CRVAL2
jw03707-o113_t052_miri_f770w_i2d.fits,1784.0,2092.0,381.8753126,True,218.16738075715764,-44.17983185066951
jw03707-o113_t052_miri_f2100w_i2d.fits,1784.0,2092.0,57.573427,True,218.16737157446798,-44.17982948186199
jw03707-o114_t052_miri_f2100w_i2d.fits,1086.0,1076.0,57.573427,False,218.23490953215898,-44.08285150601009
jw03707-c1102_t052_miri_f770w_i2d.fits,4844.0,2418.0,57.573427,False,218.19878458062556,-44.14268243694796
