file,width,height,offset,chosen,CRVAL1,CRVAL2
jw01995-o023_t022_niriss_clear-f115w_i2d.fits,2142.0,2164.0,230.17365416034156,False,218.090377024282,-44.110580353829114
jw01995-o023_t022_nircam_clear-f115w_i2d.fits,10089.0,4586.0,57.10016365447429,True,218.16942995018374,-44.19118438209598
jw01995-o023_t022_nircam_clear-f356w_i2d.fits,4973.0,2211.0,57.10016365447429,True,218.16955657069468,-44.19100520791325
