file,width,height,offset,chosen,CRVAL1,CRVAL2
jw01783-o003_t009_nircam_clear-f200w_i2d.fits,11474.0,4599.0,24.600071019279408,True,202.4671646177762,47.20006933537137
jw01783-o003_t009_nircam_clear-f187n_i2d.fits,11471.0,4593.0,24.600071019279408,True,202.4671866463193,47.200067862515056
