file,width,height,offset,chosen,CRVAL1,CRVAL2
jw01670-o007_t001_miri_f1500w-sub256_i2d.fits,297.0,304.0,1.5722620685512538,True,213.28130475222054,-3.2143883615476474
jw01670-o007_t001_miri_f560w-sub256_i2d.fits,297.0,304.0,1.5722620685512538,True,213.2813274862315,-3.214391995256231
jw01670-o007_t001_miri_f1000w-sub256_i2d.fits,297.0,304.0,1.5722620685512538,True,213.28131117436587,-3.2143848906318477
