file,width,height,offset,chosen,CRVAL1,CRVAL2
jw03707-o228_t051_nircam_clear-f150w_i2d.fits,4539.0,4518.0,37.1979106,True,214.61488748064076,-43.38683029702629
jw03707-o228_t051_nircam_clear-f300m_i2d.fits,2174.0,2167.0,37.1979106,True,214.61491940642136,-43.38657758486034
jw03707-o228_t051_nircam_clear-f335m_i2d.fits,2174.0,2167.0,3.0999999,True,214.61491238822356,-43.38658136622838
jw03707-o227_t051_miri_f770w_i2d.fits,1178.0,1171.0,381.8753126,True,214.61839278545597,-43.4017189828746
jw03707-o227_t051_miri_f2100w_i2d.fits,1178.0,1171.0,381.8753126,True,214.61838147191267,-43.40171994724766
jw03707-o228_t051_miri_f770w_i2d.fits,1086.0,1076.0,3.0999999,False,214.63710562473375,-43.28676340692889
jw03707-o228_t051_miri_f2100w_i2d.fits,1086.0,1076.0,3.0999999,False,214.637094677871,-43.28676461180239
