file,width,height,offset,chosen,CRVAL1,CRVAL2
jw01783-o001_t001_nircam_clear-f335m_i2d.fits,5654.0,2207.0,24.60007101927941,True,204.2575442781463,-29.86681499961456
jw01783-o001_t001_nircam_clear-f187n_i2d.fits,11466.0,4595.0,24.60007101927941,True,204.25776594796142,-29.86673350998436
jw01783-o001_t001_nircam_clear-f300m_i2d.fits,5657.0,2207.0,24.60007101927941,True,204.257535313539,-29.866801518521132
jw01783-o001_t001_nircam_f405n-f444w_i2d.fits,5656.0,2206.0,24.60007101927941,True,204.25753847584062,-29.866804020835854
jw01783-o001_t001_nircam_clear-f115w_i2d.fits,11470.0,4590.0,24.60007101927941,True,204.25776073527717,-29.866708805841935
jw01783-o001_t001_nircam_clear-f444w_i2d.fits,5656.0,2206.0,24.60007101927941,False,204.25754177040727,-29.86680376976561
jw01783-o001_t001_nircam_clear-f150w_i2d.fits,11470.0,4590.0,24.60007101927941,True,204.25776099535594,-29.86670859185433
jw01783-o001_t001_nircam_clear-f200w_i2d.fits,11473.0,4597.0,24.60007101927941,True,204.25777851950727,-29.866709771441258
