file,width,height,offset,chosen
jw01783-o004_t008_nircam_clear-f200w_i2d.fits,11650.0,4582.0,24.60007101730168,True
jw01783-o004_t008_nircam_clear-f335m_i2d.fits,5647.0,2202.0,24.80006983960293,True
jw01783-o004_t008_nircam_clear-f150w_i2d.fits,11417.0,4486.0,24.80006983960293,True
jw01783-o004_t008_nircam_clear-f115w_i2d.fits,11484.0,4518.0,24.60006926179476,True
jw01783-o004_t008_nircam_clear-f187n_i2d.fits,11429.0,4543.0,24.5738691566608,True
jw01783-o004_t008_nircam_clear-f444w_i2d.fits,5647.0,2200.0,24.80006983960293,True
jw01783-o004_t008_nircam_clear-f277w_i2d.fits,5656.0,2206.0,24.60007101730168,True
jw01783-o004_t008_nircam_f405n-f444w_i2d.fits,5647.0,2200.0,24.800071517846,False
