file,width,height,offset,chosen,CRVAL1,CRVAL2
jw04256-o003_t003_miri_f2100w_i2d.fits,1779.0,1175.0,25.724633063133503,True,296.1379895034397,-14.708603184982039
jw04256-o003_t003_miri_f770w_i2d.fits,1779.0,1175.0,25.724633063133503,True,296.13799779574214,-14.7086015064875
