file,width,height,offset,chosen,CRVAL1,CRVAL2
jw01265-o001_t004_miri_f1130w_i2d.fits,1032.0,1028.0,0.4488829998838355,True,253.2250129671369,2.3869961834947406
jw01265-o001_t004_miri_f560w_i2d.fits,1032.0,1028.0,0.4488829998838355,True,253.22502469635415,2.3869829728872527
jw01265-o001_t004_miri_f770w_i2d.fits,1032.0,1028.0,0.4488829998838355,True,253.22502791697954,2.3869856152272524
