file,width,height,offset,chosen,CRVAL1,CRVAL2
jw02526-o020_t017_miri_f2550w_i2d.fits,1178.0,1171.0,10.3723037,True,260.20418877550026,-35.74091956769767
