file,width,height,offset,chosen,CRVAL1,CRVAL2
jw04256-o002_t002_miri_f770w_i2d.fits,1779.0,1175.0,25.724633063133503,True,296.2182141960568,-14.72413162282232
jw04256-o002_t002_miri_f2100w_i2d.fits,1779.0,1175.0,25.724633063133503,True,296.2182145428554,-14.724132280744238
