file,width,height,offset,chosen,CRVAL1,CRVAL2
jw02526-o015_t015_miri_f2550w_i2d.fits,1178.0,1171.0,10.372303775178864,True,260.1873921424625,-35.78880056885132
