file,width,height,offset,chosen,CRVAL1,CRVAL2
jw01558-o004_t006_miri_f770w_i2d.fits,1032.0,1028.0,0.4487749998285153,True,283.3654795938846,33.0461937390826
jw01558-o004_t006_miri_f1000w_i2d.fits,1032.0,1028.0,0.4907419998668843,True,283.36547595552,33.04621207606213
jw01558-o004_t006_miri_f1130w_i2d.fits,1032.0,1028.0,0.5240270001498288,True,283.3654873577275,33.04621035955078
