file,width,height,offset,chosen,CRVAL1,CRVAL2
jw04256-o006_t005_miri_f2100w_i2d.fits,1779.0,1175.0,25.724633063133503,True,296.38231767043044,-14.51842499063852
jw04256-o006_t005_miri_f770w_i2d.fits,1779.0,1175.0,25.724633063133503,True,296.38232572567745,-14.518423433110145
