file,width,height,offset,chosen
jw01783-o908_t016_miri_f560w_i2d.fits,3469.0,1073.0,131.198374513596,True
jw01783-o908_t016_miri_f770w_i2d.fits,3469.0,1073.0,131.198374513596,True
