file,width,height,offset,chosen,CRVAL1,CRVAL2
jw02526-o010_t010_miri_f770w_i2d.fits,1178.0,1171.0,10.372303775178864,True,260.6384667663991,-35.21892840257574
