file,width,height,offset,chosen,CRVAL1,CRVAL2
jw01265-o003_t001_miri_f1130w_i2d.fits,1429.0,1149.0,14.95929243305416,True,253.24167086806284,2.3972123837035166
jw01265-o003_t001_miri_f560w_i2d.fits,1429.0,1149.0,14.95929243305416,True,253.24168002179113,2.397198573086655
