file,width,height,offset,chosen,CRVAL1,CRVAL2
jw02526-o007_t007_miri_f770w_i2d.fits,1178.0,1171.0,10.372303775178864,True,260.18746433475894,-35.788795037347775
