file,width,height,offset,chosen,CRVAL1,CRVAL2
jw02526-o011_t011_miri_f770w_i2d.fits,1178.0,1171.0,10.372303775178864,True,260.6284597614818,-35.200823559907356
