file,width,height,offset,chosen,CRVAL1,CRVAL2
jw02526-o016_t016_miri_f2550w_i2d.fits,1178.0,1171.0,10.372303775178864,True,260.195637371882,-35.76976442040772
