file,width,height,offset,chosen,CRVAL1,CRVAL2
jw04256-o001_t001_miri_f770w_i2d.fits,1779.0,1174.0,25.724633063133503,True,296.27133809123904,-14.728223643814095
jw04256-o001_t001_miri_f2100w_i2d.fits,1779.0,1174.0,25.724633063133503,True,296.2713301215269,-14.72822552014505
