file,width,height,offset,chosen,CRVAL1,CRVAL2
jw04256-o004_t004_miri_f770w_i2d.fits,1779.0,1176.0,25.724633063133503,True,296.2044414156687,-14.886064999250168
jw04256-o004_t004_miri_f2100w_i2d.fits,1779.0,1176.0,25.724633063133503,True,296.2044332494393,-14.886066551543763
