file,width,height,offset,chosen,CRVAL1,CRVAL2
jw01783-o904_t008_nircam_clear-f150w_i2d.fits,11473.0,4583.0,24.60007101927941,True,24.174102149716653,15.78303386388234
jw01783-o904_t008_nircam_clear-f277w_i2d.fits,5658.0,2204.0,24.60007101927941,True,24.174105984705335,15.783263064617408
jw01783-o904_t008_nircam_clear-f115w_i2d.fits,11473.0,4583.0,24.60007101927941,True,24.174100844098565,15.783033860590058
jw01783-o904_t008_nircam_clear-f187n_i2d.fits,11469.0,4588.0,24.60007101927941,True,24.174078040033624,15.783040624278021
jw01783-o904_t008_nircam_f405n-f444w_i2d.fits,5657.0,2203.0,24.60007101927941,True,24.174104757563804,15.783261398748877
jw01783-o904_t008_nircam_clear-f200w_i2d.fits,11476.0,4589.0,24.60007101927941,True,24.17409428605886,15.783022517605483
jw01783-o904_t008_nircam_clear-f444w_i2d.fits,5658.0,2203.0,24.60007101927941,False,24.174102763475886,15.783259464823914
jw01783-o904_t008_nircam_clear-f335m_i2d.fits,5656.0,2205.0,24.60007101927941,True,24.17409296554688,15.78326302520094
