file,width,height,offset,chosen
jw01558-o002_t004_miri_f1130w_i2d.fits,1032.0,1028.0,0.4820290001665626,True
jw01558-o002_t004_miri_f770w_i2d.fits,1032.0,1028.0,0.4487749998285153,True
jw01558-o002_t004_miri_f1000w_i2d.fits,1032.0,1028.0,0.5240270001498288,True
