file,width,height,offset,chosen
jw01558-o005_t001_nircam_clear-f335m_i2d.fits,2317.0,2310.0,13.97590406318914,True
jw01558-o005_t001_nircam_f150w2-f162m_i2d.fits,4831.0,4816.0,14.54966674705574,True
jw01558-o005_t001_nircam_clear-f212n_i2d.fits,4747.0,4722.0,13.89550406500938,True
jw01558-o005_t001_nircam_clear-f300m_i2d.fits,2317.0,2310.0,14.40886637662463,True
