file,width,height,offset,chosen,CRVAL1,CRVAL2
jw01558-o002_t004_miri_f1130w_i2d.fits,1032.0,1028.0,0.4820290001665626,True,283.3708221531829,33.05160762646254
jw01558-o002_t004_miri_f770w_i2d.fits,1032.0,1028.0,0.4487749998285153,True,283.3708151522355,33.05159058414483
jw01558-o002_t004_miri_f1000w_i2d.fits,1032.0,1028.0,0.5240270001498288,True,283.3708119821921,33.05160931435847
