file,width,height,offset,chosen
jw01783-o904_t008_nircam_clear-f200w_i2d.fits,11476.0,4589.0,24.60007101927941,True
jw01783-o904_t008_nircam_clear-f444w_i2d.fits,5658.0,2203.0,24.60007101927941,True
