file,width,height,offset,chosen,CRVAL1,CRVAL2
jw02526-o008_t008_miri_f770w_i2d.fits,1178.0,1171.0,10.372303775178864,True,260.19570551310017,-35.769758161915234
