file,width,height,offset,chosen,CRVAL1,CRVAL2
jw02896-o001_t001_miri_f560w-brightsky_i2d.fits,599.0,632.0,3.996753784177316,True,308.8626260094966,60.13549132813033
jw02896-o001_t001_miri_f2100w-brightsky_i2d.fits,599.0,632.0,3.996753784177316,True,308.8626180444619,60.135496488818355
jw02896-o001_t001_miri_f1000w-brightsky_i2d.fits,599.0,632.0,3.996753784177316,True,308.86259670980536,60.13549970750153
