file,width,height,offset,chosen,CRVAL1,CRVAL2
jw01558-o001_t001_miri_f1500w_i2d.fits,1644.0,1043.0,32.20696316683202,True,283.3918055965257,33.0251363379005
jw01558-o001_t001_miri_f770w_i2d.fits,1644.0,1043.0,33.36422263708107,True,283.3918345210918,33.0251295487724
jw01558-o001_t001_miri_f2550w_i2d.fits,1644.0,1043.0,33.5858774953015,True,283.3918152854471,33.02513697215623
jw01558-o001_t001_miri_f1280w_i2d.fits,1644.0,1043.0,33.03798390180213,True,283.391813774548,33.02514192636316
jw01558-o001_t001_miri_f1800w_i2d.fits,1644.0,1043.0,33.36422263708107,True,283.3918241650375,33.02515292749084
jw01558-o001_t001_miri_f1000w_i2d.fits,1644.0,1043.0,32.87352182921106,True,283.3918146198349,33.0251390421699
jw01558-o001_t001_miri_f2100w_i2d.fits,1644.0,1043.0,32.20696316683202,True,283.3918259389532,33.02513419714595
jw01558-o001_t001_miri_f1130w_i2d.fits,1644.0,1043.0,33.5858774953015,True,283.3918223138926,33.0251447789126
jw01558-o001_t001_miri_f560w_i2d.fits,1644.0,1043.0,32.87352182921106,True,283.3918311823555,33.02512905577534
