file,width,height,offset,chosen,CRVAL1,CRVAL2
jw02526-o012_t012_miri_f770w_i2d.fits,1178.0,1171.0,10.372303775178864,True,260.62138533439526,-35.18284418895236
