file,width,height,offset,chosen,CRVAL1,CRVAL2
jw01783-o908_t016_miri_f560w_i2d.fits,3469.0,1073.0,131.198374513596,True,24.17578606789735,15.778260253451654
jw01783-o908_t016_miri_f770w_i2d.fits,3469.0,1073.0,131.198374513596,True,24.17578810857342,15.778263444759103
