file,width,height,offset,chosen,CRVAL1,CRVAL2
jw02526-o019_t009_miri_f770w_i2d.fits,1178.0,1171.0,10.3723037,True,260.20416728442086,-35.74092006908585
