file,width,height,offset,chosen
jw01558-o001_t001_miri_f1500w_i2d.fits,1644.0,1043.0,32.20696316683202,True
jw01558-o001_t001_miri_f770w_i2d.fits,1644.0,1043.0,33.36422263708107,True
jw01558-o001_t001_miri_f2550w_i2d.fits,1644.0,1043.0,33.5858774953015,True
jw01558-o001_t001_miri_f1280w_i2d.fits,1644.0,1043.0,33.03798390180213,True
jw01558-o001_t001_miri_f1800w_i2d.fits,1644.0,1043.0,33.36422263708107,True
jw01558-o001_t001_miri_f1000w_i2d.fits,1644.0,1043.0,32.87352182921106,True
jw01558-o001_t001_miri_f2100w_i2d.fits,1644.0,1043.0,32.20696316683202,True
jw01558-o001_t001_miri_f1130w_i2d.fits,1644.0,1043.0,33.5858774953015,True
jw01558-o001_t001_miri_f560w_i2d.fits,1644.0,1043.0,32.87352182921106,True
