file,width,height,offset,chosen,CRVAL1,CRVAL2
jw02130-o001_t001_miri_f1000w_i2d.fits,1069.0,1089.0,14.16297562881738,True,359.4587512261723,-32.59409643279513
jw02130-o001_t001_miri_f2100w_i2d.fits,1114.0,1136.0,12.00439692801666,True,359.4587636593046,-32.59407758498581
