file,width,height,offset,chosen
jw02130-o007_t007_nircam_clear-f444w_i2d.fits,4963.0,2204.0,3.099999960980663,True
jw02130-o007_t007_nircam_clear-f200w_i2d.fits,10077.0,4579.0,3.099999960980663,True
