file,width,height,offset,chosen,CRVAL1,CRVAL2
jw01670-o009_t005_miri_f560w-sub256_i2d.fits,282.0,285.0,0.4488829998838355,True,330.5349972730908,-31.84827974321969
jw01670-o009_t005_miri_f1500w-sub256_i2d.fits,279.0,276.0,0.4488829998838355,True,330.53485999158926,-31.84821898341154
jw01670-o009_t005_miri_f1000w-sub256_i2d.fits,282.0,285.0,0.4488829998838355,True,330.53501726646846,-31.848276948285818
