file,width,height,offset,chosen,CRVAL1,CRVAL2
jw01995-o014_t014_nircam_clear-f115w_i2d.fits,10089.0,4588.0,233.504693548832,True,334.5848377753969,40.54665095307018
jw01995-o014_t014_nircam_clear-f444w_i2d.fits,4972.0,2211.0,54.10017387843094,True,334.58496457752966,40.54683559940382
jw01995-o014_t014_niriss_clear-f115w_i2d.fits,2144.0,2166.0,54.10017387843094,False,334.5100144629835,40.627183327801525
