file,width,height,offset,chosen
jw02130-o001_t001_miri_f1000w_i2d.fits,1069.0,1089.0,14.16297562881738,True
jw02130-o001_t001_miri_f2100w_i2d.fits,1114.0,1136.0,12.00439692801666,True
