file,width,height,offset,chosen,CRVAL1,CRVAL2
jw02180-o001_t002_nircam_clear-f150w-sub640_i2d.fits,3992.0,2825.0,39.32429671456894,True,35.68177369214565,42.42225011165009
jw02180-o001_t002_nircam_clear-f277w-sub640_i2d.fits,1892.0,1324.0,33.20363953121008,True,35.68181899414244,42.42222002665753
