file,width,height,offset,chosen,CRVAL1,CRVAL2
jw02180-o006_t006_miri_f2100w_i2d.fits,1032.0,1028.0,0.4488829998838355,True,35.640239025650274,42.36291323576017
jw02180-o006_t006_miri_f1130w_i2d.fits,1032.0,1028.0,0.4488829998838355,True,35.64025793918187,42.362921767814534
jw02180-o006_t006_miri_f770w_i2d.fits,1032.0,1028.0,0.4488829998838355,True,35.64023293112666,42.36291157250843
