file,width,height,offset,chosen
jw02180-o001_t002_nircam_clear-f150w-sub640_i2d.fits,3992.0,2825.0,39.32429671456894,True
jw02180-o001_t002_nircam_clear-f277w-sub640_i2d.fits,1892.0,1324.0,33.20363953121008,True
