file,width,height,offset,chosen
jw02180-o010_t004_nircam_clear-f070w_i2d.fits,10214.0,7654.0,50.89574299100816,True
jw02180-o010_t004_miri_f770w_i2d.fits,1044.0,1949.0,455.9706842039981,True
jw02180-o010_t004_nircam_clear-f277w_i2d.fits,5031.0,3739.0,455.9706842039981,True
