file,width,height,offset,chosen,CRVAL1,CRVAL2
jw02180-o002_t001_nircam_clear-f277w-sub640_i2d.fits,1892.0,1323.0,33.40364235978466,True,35.66910247557237,42.39878061138305
jw02180-o002_t001_nircam_clear-f150w-sub640_i2d.fits,3992.0,2824.0,39.18805481131401,True,35.66906004878393,42.39881426052742
