file,width,height,offset,chosen
jw02180-o003_t003_nircam_clear-f277w-sub640_i2d.fits,1892.0,1324.0,33.33987891585159,True
jw02180-o003_t003_nircam_clear-f150w-sub640_i2d.fits,3992.0,2825.0,33.50866533412136,True
