file,width,height,offset,chosen,CRVAL1,CRVAL2
jw02180-o007_t007_miri_f1130w_i2d.fits,1032.0,1028.0,0.4488829998838355,True,35.65621176644909,42.399367048565544
jw02180-o007_t007_miri_f2100w_i2d.fits,1032.0,1028.0,0.4488829998838355,True,35.65619872125014,42.39937588794171
jw02180-o007_t007_miri_f770w_i2d.fits,1032.0,1028.0,0.4488829998838355,True,35.65619036489064,42.39937297037773
