file,width,height,offset,chosen,CRVAL1,CRVAL2
jw02180-o005_t005_miri_f2100w_i2d.fits,1032.0,1028.0,0.4488829998838355,True,35.6358564676507,42.36382395204092
jw02180-o005_t005_miri_f1130w_i2d.fits,1032.0,1028.0,0.4488829998838355,True,35.635874776524034,42.363833213411425
jw02180-o005_t005_miri_f770w_i2d.fits,1032.0,1028.0,0.4488829998838355,True,35.63584791861424,42.36382032321669
