file,width,height,offset,chosen,CRVAL1,CRVAL2
jw02180-o008_t008_miri_f1130w_i2d.fits,1032.0,1028.0,0.4488829998838355,True,35.65870128903899,42.397700759403506
jw02180-o008_t008_miri_f2100w_i2d.fits,1032.0,1028.0,0.4488829998838355,True,35.65868483920647,42.397689251696676
jw02180-o008_t008_miri_f770w_i2d.fits,1032.0,1028.0,0.4488829998838355,True,35.658677057738494,42.397685743527184
