file,width,height,offset,chosen,CRVAL1,CRVAL2
jw05804-o004_t004_nircam_clear-f212n_i2d.fits,11440.0,4736.0,24.400068,True,83.87363463564935,-5.114450480869367
jw05804-o004_t004_nircam_f444w-f470n_i2d.fits,5635.0,2282.0,24.400068,True,83.87361528375769,-5.114257517535717
jw05804-o004_t004_nircam_clear-f187n_i2d.fits,11437.0,4738.0,24.400068,True,83.87363332877901,-5.114454342645044
jw05804-o004_t004_nircam_clear-f360m_i2d.fits,5639.0,2278.0,24.400068,True,83.87362852023674,-5.114234384146971
jw05804-o004_t004_nircam_clear-f210m_i2d.fits,11441.0,4737.0,24.400068,True,83.87363396903694,-5.114449592149183
jw05804-o004_t004_nircam_clear-f480m_i2d.fits,5641.0,2281.0,24.400068,True,83.87363375306067,-5.114262658095569
