file,width,height,offset,chosen,CRVAL1,CRVAL2
jw05804-o006_t006_nircam_clear-f187n_i2d.fits,11441.0,4738.0,24.400068,True,83.86155515160611,-5.182986682466317
jw05804-o006_t006_nircam_clear-f480m_i2d.fits,5639.0,2280.0,24.400068,True,83.86155738408036,-5.182767802024666
jw05804-o006_t006_nircam_f444w-f470n_i2d.fits,5634.0,2282.0,24.400068,True,83.86154157243708,-5.1827658224031765
jw05804-o006_t006_nircam_clear-f360m_i2d.fits,5642.0,2279.0,24.400068,True,83.861563760724,-5.182774535577643
jw05804-o006_t006_nircam_clear-f210m_i2d.fits,11441.0,4733.0,24.400068,True,83.8615458804942,-5.183000219134549
jw05804-o006_t006_nircam_clear-f212n_i2d.fits,11442.0,4736.0,24.400068,True,83.86154338119154,-5.183006996522781
