file,width,height,offset,chosen,CRVAL1,CRVAL2
jw05804-o005_t005_nircam_f444w-f470n_i2d.fits,5635.0,2281.0,24.400068,True,83.83720206537537,-5.108532716703772
jw05804-o005_t005_nircam_clear-f480m_i2d.fits,5643.0,2282.0,24.400068,True,83.837220734509,-5.108562571910643
jw05804-o005_t005_nircam_clear-f210m_i2d.fits,11438.0,4736.0,24.400068,True,83.83721663837403,-5.108751063255781
jw05804-o005_t005_nircam_clear-f212n_i2d.fits,11437.0,4734.0,24.400068,True,83.83723601006724,-5.108755145996388
jw05804-o005_t005_nircam_clear-f360m_i2d.fits,5644.0,2278.0,24.400068,True,83.83722233709364,-5.108554902838712
jw05804-o005_t005_nircam_clear-f187n_i2d.fits,11437.0,4733.0,24.400068,True,83.83723218139552,-5.108756298478893
