file,width,height,offset,chosen,CRVAL1,CRVAL2,CRVAL1fix,CRVAL2fix
jw05804-o007_t007_nircam_f444w-f470n_i2d.fits,5636,2282,24.400068,True,83.8360068809107,-5.2240166482149,83.861555,-5.18277
jw05804-o007_t007_nircam_clear-f480m_i2d.fits,5641,2282,24.400068,True,83.8360153771302,-5.22400932462632,83.86157,-5.18278
jw05804-o007_t007_nircam_clear-f210m_i2d.fits,11440,4737,24.400068,True,83.8360045399086,-5.22421367233345,83.861555,-5.18298
jw05804-o007_t007_nircam_clear-f360m_i2d.fits,5641,2278,24.400068,True,83.8360158763034,-5.22401674138858,83.86158,-5.18276
jw05804-o007_t007_nircam_clear-f212n_i2d.fits,11440,4739,24.400068,True,83.8360119009233,-5.22422179585964,83.86156,-5.18298
jw05804-o007_t007_nircam_clear-f187n_i2d.fits,11440,4737,24.400068,True,83.8360093833774,-5.22422375714105,,
