file,width,height,offset,chosen,CRVAL1,CRVAL2
jw05804-o001_t001_nircam_f444w-f470n_i2d.fits,4859.0,2107.0,24.400068,True,83.81229107778368,-4.998224753912722
jw05804-o001_t001_nircam_clear-f212n_i2d.fits,9874.0,4372.0,24.400068,True,83.81230076504707,-4.998429004001269
