file,width,height,offset,chosen,CRVAL1,CRVAL2
jw05804-o002_t002_nircam_f444w-f470n_i2d.fits,5634.0,2281.0,24.400068,True,83.85729831248969,-5.04068124860981
jw05804-o002_t002_nircam_clear-f360m_i2d.fits,5641.0,2281.0,24.400068,True,83.85729522853347,-5.040677964604141
jw05804-o002_t002_nircam_clear-f480m_i2d.fits,5640.0,2281.0,24.400068,True,83.85732343310114,-5.040668279445055
