file,width,height,offset,chosen,CRVAL1,CRVAL2
jw03034-o001_t001_miri_f770w_i2d.fits,1050.0,1029.0,1.1759164,True,246.61865202646618,-24.394535680128868
