file,width,height,offset,chosen,CRVAL1,CRVAL2
jw02739-o012_t008_nircam_clear-f200w_i2d.fits,11573.0,4780.0,5.399999998292999,True,246.6291518064661,-24.37978047366235
jw02739-o012_t008_nircam_clear-f187n_i2d.fits,11381.0,4638.0,5.399999998543435,True,246.6291561899408,-24.37980520515773
jw02739-o012_t008_nircam_clear-f115w_i2d.fits,11438.0,4738.0,5.399999998292999,True,246.6291378580074,-24.37978453065701
jw02739-o012_t008_nircam_clear-f335m_i2d.fits,5631.0,2276.0,5.399999998543435,True,246.6289961264353,-24.37992806217341
jw02739-o012_t008_nircam_f444w-f470n_i2d.fits,5628.0,2277.0,24.40006803969112,True,246.6290074277844,-24.379919978621
jw02739-o012_t008_nircam_clear-f444w_i2d.fits,5631.0,2274.0,5.399999998292999,True,246.6289850143562,-24.3799193676758
