file,width,height,offset,chosen,CRVAL1,CRVAL2
jw03034-o004_t004_miri_f770w_i2d.fits,1050.0,1029.0,1.1759164,True,246.88937277052105,-24.440079689267446
