file,width,height,offset,chosen,CRVAL1,CRVAL2
jw03034-o009_t009_miri_f770w_i2d.fits,1050.0,1029.0,1.175916410129389,True,246.5946149321839,-24.71512651610572
