file,width,height,offset,chosen,CRVAL1,CRVAL2
jw03034-o003_t003_miri_f770w_i2d.fits,1050.0,1029.0,1.1759164,True,246.850905680505,-24.46307140664213
