file,width,height,offset,chosen,CRVAL1,CRVAL2
jw03034-o007_t007_miri_f770w_i2d.fits,1050.0,1029.0,1.1759164,True,247.91913830287146,-24.00878380156879
