file,width,height,offset,chosen,CRVAL1,CRVAL2
jw03034-o010_t010_miri_f770w_i2d.fits,1050.0,1029.0,1.1759164,True,246.8475050068219,-24.638337623355678
