file,width,height,offset,chosen,CRVAL1,CRVAL2
jw03034-o006_t006_miri_f770w_i2d.fits,1050.0,1029.0,1.1759164,True,246.93317653462125,-24.656622519280962
