file,width,height,offset,chosen,CRVAL1,CRVAL2
jw02739-o009_t007_nircam_clear-f444w_i2d.fits,7062.0,4212.0,128.2528209130281,True,246.6480524063606,-24.38581927079389
jw02739-o009_t007_nircam_clear-f187n_i2d.fits,14357.0,8653.0,117.3528136990562,True,246.6482237975526,-24.38569129213114
jw02739-o009_t007_nircam_clear-f335m_i2d.fits,7073.0,4222.0,117.3528136990562,True,246.6480624453618,-24.38582558621372
jw02739-o009_t007_nircam_clear-f200w_i2d.fits,14467.0,8659.0,128.1528095717434,True,246.6482237245025,-24.38568011281752
jw02739-o009_t007_nircam_clear-f115w_i2d.fits,14364.0,8649.0,117.3528136990562,True,246.6482023039214,-24.38568551499594
jw02739-o009_t007_nircam_f444w-f470n_i2d.fits,7057.0,4214.0,117.3528136990562,True,246.6480672313263,-24.38580627328194
