file,width,height,offset,chosen,CRVAL1,CRVAL2
jw03034-o005_t005_miri_f770w_i2d.fits,1050.0,1029.0,1.1759164,True,246.9261316802459,-24.694785415876417
