file,width,height,offset,chosen,CRVAL1,CRVAL2
jw03034-o008_t008_miri_f770w_i2d.fits,1050.0,1029.0,1.1759164,True,245.79299106455525,-23.033094828765392
