file,width,height,offset,chosen,CRVAL1,CRVAL2
jw03034-o002_t002_miri_f770w_i2d.fits,1052.0,1030.0,1.1759164,True,246.78562654724442,-24.318717829469033
