file,width,height,offset,chosen,CRVAL1,CRVAL2
jw05299-o008_t008_miri_f770w_i2d.fits,1099.0,1073.0,0.4488829,True,247.86170481044542,-24.457476128894932
