file,width,height,offset,chosen,CRVAL1,CRVAL2
jw05299-o012_t012_miri_f770w_i2d.fits,1045.0,1045.0,0.4488829,True,246.75497683703375,-24.63563754334731
