file,width,height,offset,chosen
jw01288-o016_t012_miri_f1500w-sub128_i2d.fits,389,376,13.3709089418639,False
jw01288-o016_t012_nircam_clear-f335m_i2d.fits,5331,2569,13.7376093872662,True
jw01288-o016_t012_miri_f2550w-sub128_i2d.fits,389,376,363.915550330757,False
jw01288-o016_t012_nircam_clear-f210m_i2d.fits,10974,5314,364.211527371504,True
jw01288-o016_t012_nircam_f405n-f444w_i2d.fits,5324,2562,363.915550330757,True
jw01288-o016_t012_nircam_clear-f182m_i2d.fits,10969,5341,364.507504408448,True
