file,width,height,offset,chosen
jw01288-o014_t013_nircam_clear-f410m_i2d.fits,4873.0,2106.0,378.3326283747834,True
jw01288-o014_t013_nircam_clear-f187n_i2d.fits,10060.0,4385.0,378.924582321783,True
