file,width,height,offset,chosen
jw01288-o012_t013_miri_f1130w_i2d.fits,1032.0,1028.0,0.4747300002388783,True
jw01288-o012_t013_miri_f770w_i2d.fits,1032.0,1028.0,0.4747300002388783,True
jw01288-o012_t013_miri_f1500w_i2d.fits,1032.0,1028.0,0.4915159998365652,True
