file,width,height,offset,chosen
jw01288-o015_t012_nircam_clear-f300m_i2d.fits,5322,2564,13.54929881791,True
jw01288-o015_t012_nircam_clear-f212n_i2d.fits,10781,5263,13.7376093872662,True
jw01288-o015_t012_miri_f1130w-sub128_i2d.fits,389,376,365.964458089916,False
jw01288-o015_t012_miri_f770w-sub128_i2d.fits,389,376,365.235981175094,False
jw01288-o015_t012_nircam_clear-f187n_i2d.fits,10968,5340,364.507504408448,True
jw01288-o015_t012_nircam_clear-f410m_i2d.fits,5332,2568,365.235981175094,True
