file,width,height,offset,chosen
jw01288-o016_t012_miri_f1500w-sub128_i2d.fits,389.0,376.0,13.37090894186392,True
jw01288-o016_t012_nircam_clear-f335m_i2d.fits,5331.0,2569.0,13.73760938726622,True
jw01288-o016_t012_miri_f2550w-sub128_i2d.fits,389.0,376.0,363.9155503307566,True
jw01288-o016_t012_nircam_clear-f210m_i2d.fits,10974.0,5314.0,364.2115273715041,True
jw01288-o016_t012_nircam_f405n-f444w_i2d.fits,5324.0,2562.0,363.9155503307566,True
jw01288-o016_t012_nircam_clear-f182m_i2d.fits,10969.0,5341.0,364.507504408448,True
