file,width,height,offset,chosen,CRVAL1,CRVAL2
jw04783-o005_t005_nircam_clear-f090w_i2d.fits,9881.0,4378.0,88.1002471,True,352.1500374752755,14.764599688202589
jw04783-o005_t005_nircam_clear-f115w_i2d.fits,9881.0,4378.0,88.1002471,True,352.15003759625915,14.76459924407423
jw04783-o005_t005_nircam_clear-f150w_i2d.fits,9881.0,4378.0,88.1002471,True,352.1500378692183,14.764599386197194
jw04783-o005_t005_nircam_clear-f277w_i2d.fits,4869.0,2109.0,88.1002471,True,352.15004169077895,14.764808125117789
jw04783-o005_t005_nircam_clear-f356w_i2d.fits,4869.0,2109.0,88.1002471,True,352.15004505398684,14.764801895583856
jw04783-o005_t005_nircam_clear-f444w_i2d.fits,4868.0,2108.0,88.1002471,True,352.1500380627364,14.76480579796121
