file,width,height,offset,chosen,CRVAL1,CRVAL2
jw07119-o001_t001_nircam_clear-f090w_i2d.fits,9877.0,4375.0,114.4002995,True,358.3087325994836,22.06877526324
jw07119-o001_t001_nircam_clear-f150w_i2d.fits,9877.0,4375.0,114.4002995,True,358.3087325469206,22.068775259495
jw07119-o001_t001_nircam_clear-f277w_i2d.fits,4867.0,2107.0,114.4002995,True,358.30874557403246,22.068984544896967
