file,width,height,offset,chosen,CRVAL1,CRVAL2
jw06554-o001_t025_nircam_clear-f070w_i2d.fits,10442.0,4935.0,8.8200247,True,243.24657163838089,-36.2068483878687
jw06554-o001_t025_nircam_clear-f187n_i2d.fits,10443.0,4935.0,8.8200247,True,243.24657415225934,-36.206849217553284
jw06554-o001_t025_nircam_clear-f212n_i2d.fits,10443.0,4935.0,8.8200247,True,243.24657445964584,-36.20684987771403
jw06554-o001_t025_nircam_clear-f356w_i2d.fits,5146.0,2386.0,8.8200247,True,243.24665615251786,-36.2066971844223
jw06554-o001_t025_nircam_f405n-f444w_i2d.fits,5144.0,2385.0,8.8200247,True,243.24665121902973,-36.206692298662176
jw06554-o001_t025_nircam_f444w-f470n_i2d.fits,5140.0,2388.0,8.8200247,True,243.24663347264868,-36.20669639950704
