file,width,height,offset,chosen
jw02301-o002_t200_nircam_clear-f250m_i2d.fits,5648.0,4934.0,64.0999940950337,True
jw02301-o002_t200_nircam_clear-f115w_i2d.fits,11495.0,10087.0,64.0999940950337,True
