file,width,height,offset,chosen,CRVAL1,CRVAL2
jw02301-o002_t200_nircam_clear-f250m_i2d.fits,5648.0,4934.0,64.0999940950337,True,11.24855433391566,41.76283711144504
jw02301-o002_t200_nircam_clear-f115w_i2d.fits,11495.0,10087.0,64.0999940950337,True,11.248445072822832,41.763025725898935
