file,width,height,offset,chosen,CRVAL1,CRVAL2
jw06785-o001_t001_nircam_f444w-f470n_i2d.fits,2177.0,2262.0,3.0999999,True,274.3815840792024,-4.661408954462061
jw06785-o001_t001_nircam_clear-f187n_i2d.fits,4545.0,4714.0,3.0999999,True,274.3815215128917,-4.661597453466147
jw06785-o001_t001_nircam_clear-f335m_i2d.fits,2177.0,2262.0,3.0999999,True,274.3815871356899,-4.661368554244258
jw06785-o001_t001_nircam_clear-f200w_i2d.fits,4545.0,4713.0,3.0999999,True,274.3815356595565,-4.661588664921142
jw06785-o001_t001_nircam_clear-f115w_i2d.fits,4545.0,4714.0,3.0999999,True,274.38152054880925,-4.661597419734761
jw06785-o001_t001_nircam_clear-f444w_i2d.fits,2177.0,2262.0,3.0999999,True,274.3815842294658,-4.661368270162676
