file,width,height,offset,chosen
jw02204-o001_t001_nircam_clear-f277w_i2d.fits,2175.0,2168.0,27.10007126193874,True
jw02204-o001_t001_nircam_clear-f115w_i2d.fits,4525.0,4515.0,27.87520378226166,True
jw02204-o001_t001_nircam_clear-f200w_i2d.fits,4541.0,4521.0,33.1249869193266,True
jw02204-o001_t001_nircam_clear-f444w_i2d.fits,2175.0,2168.0,33.14368697773514,True
