file,width,height,offset,chosen,CRVAL1,CRVAL2
jw02057-o001_t001_nircam_clear-f277w-sub640_i2d.fits,645.0,647.0,12.000032418914014,True,213.30803858427598,52.93526496680645
jw02057-o001_t001_nircam_clear-f090w-sub640_i2d.fits,1449.0,1440.0,12.000032418914014,True,213.30799137432294,52.93521732742208
jw02057-o001_t001_nircam_clear-f150w-sub640_i2d.fits,1449.0,1439.0,12.000032418914014,True,213.30798866153535,52.935215821007546
jw02057-o001_t001_nircam_clear-f444w-sub640_i2d.fits,645.0,647.0,12.000032418914014,True,213.30802871357176,52.93526827586877
