file,width,height,offset,chosen,CRVAL1,CRVAL2
jw02057-o007_t004_nircam_clear-f150w-sub640_i2d.fits,1449.0,1438.0,12.00003241891401,True,212.4343902181445,52.5874588552561
jw02057-o007_t004_nircam_clear-f277w-sub640_i2d.fits,645.0,646.0,12.00003241891401,True,212.4344677895555,52.58742404471803
jw02057-o007_t004_nircam_clear-f090w-sub640_i2d.fits,1449.0,1439.0,12.00003241891401,True,212.4343914428888,52.58745883620123
jw02057-o007_t004_nircam_clear-f444w-sub640_i2d.fits,645.0,646.0,12.00003241891401,True,212.4344745094363,52.58742895791692
