file,width,height,offset,chosen
jw02057-o007_t004_nircam_clear-f150w-sub640_i2d.fits,1449.0,1438.0,12.00003241891401,True
jw02057-o007_t004_nircam_clear-f277w-sub640_i2d.fits,645.0,646.0,12.00003241891401,True
jw02057-o007_t004_nircam_clear-f090w-sub640_i2d.fits,1449.0,1439.0,12.00003241891401,True
jw02057-o007_t004_nircam_clear-f444w-sub640_i2d.fits,645.0,646.0,12.00003241891401,True
