file,width,height,offset,chosen,CRVAL1,CRVAL2
jw04532-o001_t004_miri_f770w_i2d.fits,1058.0,1044.0,0.4488829,True,54.4456291911207,-5.022685819415424
