file,width,height,offset,chosen,CRVAL1,CRVAL2
jw04513-o003_t004_nircam_clear-f200w_i2d.fits,9894.0,4396.0,88.0002458,True,15.019962052615494,-33.73477181341281
jw04513-o003_t004_nircam_clear-f277w_i2d.fits,4874.0,2114.0,88.0002458,True,15.019800442621086,-33.73490646288158
