file,width,height,offset,chosen,CRVAL1,CRVAL2
jw06675-o008_t009_nircam_clear-f115w_i2d.fits,4539.0,4518.0,29.0999945,True,335.5465709474486,27.76742048676702
jw06675-o008_t009_nircam_clear-f150w_i2d.fits,4539.0,4518.0,29.0999945,True,335.54657102770915,27.767423591278188
jw06675-o008_t009_nircam_clear-f444w_i2d.fits,2174.0,2167.0,29.0999945,True,335.5466586772051,27.767651187121558
