file,width,height,offset,chosen,CRVAL1,CRVAL2
jw05552-o004_t004_nircam_clear-f200w_i2d.fits,11500.0,10091.0,64.099994,True,277.2826535247559,0.5014648154690875
jw05552-o004_t004_nircam_clear-f212n_i2d.fits,11497.0,10086.0,64.099994,True,277.2826679715208,0.5014685678080967
jw05552-o004_t004_nircam_clear-f360m_i2d.fits,5648.0,4935.0,64.099994,True,277.28278834090565,0.5015889633158584
jw05552-o004_t004_nircam_clear-f480m_i2d.fits,5647.0,4935.0,64.099994,True,277.2827910008698,0.5015858360463525
