file,width,height,offset,chosen,CRVAL1,CRVAL2
jw05552-o002_t002_nircam_clear-f200w_i2d.fits,11459.0,9294.0,64.099994,True,277.5284958269883,-2.0453256587362847
jw05552-o002_t002_nircam_clear-f212n_i2d.fits,11497.0,10086.0,64.099994,True,277.52503487735424,-2.043952145556222
jw05552-o002_t002_nircam_clear-f360m_i2d.fits,5648.0,4935.0,64.099994,True,277.52512779282284,-2.043824319146294
jw05552-o002_t002_nircam_clear-f480m_i2d.fits,5647.0,4539.0,64.099994,True,277.5286042745164,-2.0451953441794473
