file,width,height,offset,chosen,CRVAL1,CRVAL2
jw01611-o002_t004_nircam_clear-f360m_i2d.fits,0.0,0.0,0.0,False,0.0,0.0
jw01611-o002_t004_nircam_clear-f140m_i2d.fits,12909.0,8508.0,64.58921905365834,True,277.4826248289662,1.2431762128187358
jw01611-o002_t004_nircam_clear-f480m_i2d.fits,6353.0,4159.0,64.58921905365834,True,277.4826260202888,1.2429608177478888
jw01611-o002_t004_nircam_clear-f210m_i2d.fits,12909.0,8509.0,64.58921905365834,True,277.48262539876623,1.2431880622193914
