file,width,height,offset,chosen,CRVAL1,CRVAL2
jw05552-o020_t002_nircam_clear-f200w_i2d.fits,9890.0,5175.0,64.100001,True,277.5033465181415,-2.049381690186726
jw05552-o020_t002_nircam_clear-f480m_i2d.fits,4868.0,2501.0,64.100001,True,277.5034564851896,-2.0492515121206947
