file,width,height,offset,chosen,CRVAL1,CRVAL2
jw06778-o001_t001_nircam_clear-f090w_i2d.fits,11620.0,12560.0,116.8171819,True,260.1743898119289,-35.82685742522086
jw06778-o001_t001_nircam_clear-f187n_i2d.fits,11620.0,12561.0,116.8171819,True,260.1743929157042,-35.82685726079767
jw06778-o001_t001_nircam_clear-f200w_i2d.fits,11623.0,12565.0,116.8171819,True,260.17437483232857,-35.826863550823724
jw06778-o001_t001_nircam_clear-f277w_i2d.fits,5698.0,6164.0,116.8171819,True,260.17454044091346,-35.82671143417442
jw06778-o001_t001_nircam_clear-f335m_i2d.fits,5698.0,6163.0,116.8171819,True,260.17453971939443,-35.82671199436028
jw06778-o001_t001_nircam_f444w-f470n_i2d.fits,5692.0,6163.0,116.8171819,True,260.17451753161254,-35.82671595682304
