file,width,height,offset,chosen,CRVAL1,CRVAL2
jw04125-o013_t029_nircam_clear-f115w_i2d.fits,10074.0,4572.0,56.9001411,True,217.47697755710655,12.061534083452724
jw04125-o013_t029_nircam_clear-f150w_i2d.fits,10074.0,4572.0,56.9001411,True,217.47697923121711,12.06153584362062
jw04125-o013_t029_nircam_clear-f210m_i2d.fits,10074.0,4572.0,56.9001411,True,217.47698038780922,12.061536232749365
jw04125-o013_t029_nircam_clear-f277w_i2d.fits,4964.0,2204.0,56.9001411,True,217.47714279488144,12.061638498817468
jw04125-o013_t029_nircam_clear-f300m_i2d.fits,4964.0,2204.0,56.9001411,True,217.477144465395,12.061636866461377
jw04125-o013_t029_nircam_clear-f444w_i2d.fits,4963.0,2204.0,56.9001411,True,217.4771380102251,12.061638750193259
