file,width,height,offset,chosen
jw04125-o015_t032_nircam_clear-f115w_i2d.fits,10074.0,4571.0,56.9001411,True
jw04125-o015_t032_nircam_clear-f150w_i2d.fits,10074.0,4571.0,56.9001411,True
jw04125-o015_t032_nircam_clear-f210m_i2d.fits,10074.0,4571.0,56.9001411,True
jw04125-o015_t032_nircam_clear-f277w_i2d.fits,4964.0,2204.0,56.9001411,True
jw04125-o015_t032_nircam_clear-f300m_i2d.fits,4964.0,2204.0,56.9001411,True
jw04125-o015_t032_nircam_clear-f444w_i2d.fits,4963.0,2204.0,56.9001411,True
