file,width,height,offset,chosen,CRVAL1,CRVAL2
jw04125-o015_t032_nircam_clear-f115w_i2d.fits,10074.0,4571.0,56.9001411,True,317.8206431403147,-1.225250689964244
jw04125-o015_t032_nircam_clear-f150w_i2d.fits,10074.0,4571.0,56.9001411,True,317.82064284766216,-1.2252497482255331
jw04125-o015_t032_nircam_clear-f210m_i2d.fits,10074.0,4571.0,56.9001411,True,317.8206431848346,-1.2252496229553076
jw04125-o015_t032_nircam_clear-f277w_i2d.fits,4964.0,2204.0,56.9001411,True,317.82066983408765,-1.2250454720787332
jw04125-o015_t032_nircam_clear-f300m_i2d.fits,4964.0,2204.0,56.9001411,True,317.82067369152634,-1.2250454255190988
jw04125-o015_t032_nircam_clear-f444w_i2d.fits,4963.0,2204.0,56.9001411,True,317.8206666423819,-1.225047524644233
