file,width,height,offset,chosen,CRVAL1,CRVAL2,CRVAL1fix,CRVAL2fix
jw02235-o003_t001_nircam_clear-f480m-sub640_i2d.fits,652,654,10.2950005136294,True,266.420283539707,-29.005269268835,266.423635,-29.00714
jw02235-o003_t001_nircam_clear-f210m-sub640_i2d.fits,1460,1451,10.2950280673261,True,266.420284431713,-29.0052143870779,266.42363,-29.00709
