file,width,height,offset,chosen,CRVAL1,CRVAL2
jw02235-o001_t001_nircam_clear-f480m-sub640_i2d.fits,652.0,653.0,9.665026354600071,True,266.42047367335596,-29.005475979110425
jw02235-o001_t001_nircam_clear-f210m-sub640_i2d.fits,1464.0,1452.0,9.665026354600071,True,266.4204675551441,-29.00540989446327
