file,width,height,offset,chosen,CRVAL1,CRVAL2
jw02235-o003_t001_nircam_clear-f480m-sub640_i2d.fits,652.0,654.0,10.29500051362941,True,266.4202835397075,-29.00526926883502
jw02235-o003_t001_nircam_clear-f210m-sub640_i2d.fits,1460.0,1451.0,10.29502806732609,True,266.4202844317132,-29.00521438707795
