file,width,height,offset,chosen
jw02235-o005_t001_nircam_clear-f210m-sub640_i2d.fits,1463.0,1454.0,9.665026354600071,True
jw02235-o005_t001_nircam_clear-f480m-sub640_i2d.fits,654.0,655.0,9.665026354600071,True
