file,width,height,offset,chosen
jw02235-o003_t001_nircam_clear-f480m-sub640_i2d.fits,652.0,654.0,10.29500051362941,True
jw02235-o003_t001_nircam_clear-f210m-sub640_i2d.fits,1460.0,1451.0,10.29502806732609,True
