file,width,height,offset,chosen,CRVAL1,CRVAL2
jw05365-o002_t002_miri_f770w_i2d.fits,1748.0,1163.0,92.837725,True,266.83482884627864,-28.384602133080364
jw05365-o002_t002_miri_f1280w_i2d.fits,1749.0,1163.0,92.837725,True,266.8348040325581,-28.38460668147713
jw05365-o002_t002_miri_f2550w_i2d.fits,1748.0,1163.0,92.837725,True,266.83480919857084,-28.384605150531986
