file,width,height,offset,chosen,CRVAL1,CRVAL2
jw03958-o002_t002_miri_f770w-brightsky_i2d.fits,683.0,610.0,7.8632238,True,266.58299409756114,-28.80263263875132
jw03958-o002_t002_miri_f1130w-brightsky_i2d.fits,683.0,610.0,7.8632238,True,266.5830133609975,-28.80264043847417
jw03958-o002_t002_miri_f1500w-brightsky_i2d.fits,683.0,610.0,7.8632238,True,266.5830216039692,-28.802625941477825
