file,width,height,offset,chosen,CRVAL1,CRVAL2
jw03958-o007_t005_nircam_clear-f182m-sub640_i2d.fits,1645.0,3992.0,39.5341459,True,266.57332806241175,-28.800864858658663
jw03958-o007_t005_nircam_clear-f187n-sub640_i2d.fits,1645.0,3992.0,39.5341459,True,266.57332995274487,-28.80086071094697
jw03958-o007_t005_nircam_clear-f210m-sub640_i2d.fits,1644.0,3992.0,39.5341459,True,266.5733275213403,-28.800858698433135
jw03958-o007_t005_nircam_clear-f335m-sub640_i2d.fits,744.0,1898.0,39.5341459,True,266.5733291815206,-28.800855314194088
jw03958-o007_t005_nircam_f444w-f470n-sub640_i2d.fits,744.0,1898.0,39.5341459,True,266.57333083424953,-28.80089285687158
jw03958-o007_t005_nircam_clear-f480m-sub640_i2d.fits,744.0,1898.0,39.5341459,True,266.57333540192843,-28.800854059665202
