file,width,height,offset,chosen,CRVAL1,CRVAL2
jw03958-o001_t001_miri_f770w-brightsky_i2d.fits,683.0,610.0,7.8632238,True,266.5647422391496,-28.800690484462727
jw03958-o001_t001_miri_f1130w-brightsky_i2d.fits,683.0,610.0,7.8632238,True,266.5647613089167,-28.800697931229024
jw03958-o001_t001_miri_f1500w-brightsky_i2d.fits,683.0,610.0,7.8632238,True,266.5647695616167,-28.80068346972172
