file,width,height,offset,chosen,CRVAL1,CRVAL2
jw05552-o005_t005_nircam_clear-f200w_i2d.fits,11501.0,10091.0,64.099994,True,277.4570127480094,1.2556586846896365
jw05552-o005_t005_nircam_clear-f212n_i2d.fits,11497.0,10085.0,64.099994,True,277.4570264172625,1.2556644669923491
jw05552-o005_t005_nircam_clear-f360m_i2d.fits,5648.0,4935.0,64.099994,True,277.45712311875116,1.2557907546148865
jw05552-o005_t005_nircam_clear-f480m_i2d.fits,5647.0,4935.0,64.099994,True,277.45712471211755,1.2557877547131688
