file,width,height,offset,chosen,CRVAL1,CRVAL2
jw01860-o007_t006_miri_f770w_i2d.fits,1050.0,1029.0,1.175916410129389,True,222.34599792262725,-10.182874285446436
jw01860-o007_t006_miri_f1000w_i2d.fits,1050.0,1029.0,1.175916410129389,True,222.3459786846908,-10.182869447892248
jw01860-o007_t006_miri_f560w_i2d.fits,1050.0,1029.0,1.175916410129389,True,222.3459955313367,-10.18287593908761
