file,width,height,offset,chosen,CRVAL1,CRVAL2
jw01860-o004_t003_miri_f1000w_i2d.fits,1050.0,1029.0,1.175916410129389,True,49.43887929520336,-66.52868824915684
jw01860-o004_t003_miri_f560w_i2d.fits,1050.0,1029.0,1.175916410129389,True,49.43883869820191,-66.52869236618365
jw01860-o004_t003_miri_f770w_i2d.fits,1050.0,1029.0,1.175916410129389,True,49.43883478072814,-66.52869478616957
