file,width,height,offset,chosen,CRVAL1,CRVAL2
jw01726-o001_t001_nircam_clear-f356w-sub320_i2d.fits,326.0,326.0,6.100016939565245,True,83.8696993796653,-69.2676135865118
jw01726-o001_t001_nircam_f150w2-f164n-sub320_i2d.fits,808.0,795.0,6.100016939565245,True,83.86963440854089,-69.26761372920244
jw01726-o001_t001_nircam_clear-f200w-sub320_i2d.fits,811.0,794.0,6.100016939565245,True,83.8695768701306,-69.26761611774906
jw01726-o001_t001_nircam_f405n-f444w-sub320_i2d.fits,325.0,327.0,6.100016939565245,False,83.86965382253113,-69.2676089683745
jw01726-o001_t001_nircam_clear-f212n-sub320_i2d.fits,811.0,795.0,6.100016939565245,True,83.86961317115394,-69.26760006656072
jw01726-o001_t001_nircam_clear-f444w-sub320_i2d.fits,325.0,326.0,6.100016939565245,True,83.86967145180596,-69.26761198073343
jw01726-o001_t001_nircam_clear-f150w-sub320_i2d.fits,809.0,794.0,6.100016939565245,True,83.86966840725789,-69.26761544617997
jw01726-o001_t001_nircam_f322w2-f323n-sub320_i2d.fits,325.0,326.0,6.100016939565245,True,83.86966268562384,-69.26760455796042
