file,width,height,offset,chosen
jw01726-o001_t001_nircam_clear-f356w-sub320_i2d.fits,326.0,326.0,6.100016939565245,True
jw01726-o001_t001_nircam_f150w2-f164n-sub320_i2d.fits,808.0,795.0,6.100016939565245,True
jw01726-o001_t001_nircam_clear-f200w-sub320_i2d.fits,811.0,794.0,6.100016939565245,True
jw01726-o001_t001_nircam_f405n-f444w-sub320_i2d.fits,325.0,327.0,6.100016939565245,False
jw01726-o001_t001_nircam_clear-f212n-sub320_i2d.fits,811.0,795.0,6.100016939565245,True
jw01726-o001_t001_nircam_clear-f444w-sub320_i2d.fits,325.0,326.0,6.100016939565245,True
jw01726-o001_t001_nircam_clear-f150w-sub320_i2d.fits,809.0,794.0,6.100016939565245,True
jw01726-o001_t001_nircam_f322w2-f323n-sub320_i2d.fits,325.0,326.0,6.100016939565245,True
