file,width,height,offset,chosen,CRVAL1,CRVAL2
jw02763-o002_t001_miri_f560w_i2d.fits,1032.0,1028.0,0.4488829998838355,True,83.86164772690347,-69.24494880034617
jw02763-o002_t001_miri_f770w_i2d.fits,1032.0,1028.0,0.4488829998838355,True,83.86164815017156,-69.24495167286067
jw02763-o002_t001_miri_f1000w_i2d.fits,1032.0,1028.0,0.4488829998838355,True,83.86168338746137,-69.24493753435252
