file,width,height,offset,chosen,CRVAL1,CRVAL2
jw03295-o007_t004_miri_f560w_i2d.fits,1178.0,1171.0,10.3723037,True,185.45783598608978,4.477277354390349
jw03295-o007_t004_miri_f770w_i2d.fits,1178.0,1171.0,10.3723037,True,185.45783926714407,4.477280763346115
jw03295-o007_t004_miri_f1000w_i2d.fits,1178.0,1171.0,10.3723037,True,185.4578224901782,4.477287396938248
jw03295-o007_t004_miri_f1130w_i2d.fits,1178.0,1171.0,10.3723037,True,185.45782791917748,4.477294456317868
jw03295-o007_t004_miri_f1280w_i2d.fits,1178.0,1171.0,10.3723037,True,185.45781943367754,4.477290429009556
jw03295-o007_t004_miri_f1500w_i2d.fits,1178.0,1171.0,10.3723037,True,185.45781619767786,4.477283996589996
jw03295-o007_t004_miri_f1800w_i2d.fits,1178.0,1171.0,10.3723037,True,185.45782877417676,4.477303033342859
jw03295-o007_t004_miri_f2100w_i2d.fits,1178.0,1171.0,10.3723037,True,185.45783371568115,4.477285181236369
jw03295-o007_t004_miri_f2550w_i2d.fits,1178.0,1171.0,10.3723037,True,185.45782469867933,4.4772864303267195
