file,width,height,offset,chosen,CRVAL1,CRVAL2
jw03295-o008_t005_miri_f560w_i2d.fits,1178.0,1171.0,10.372303775178864,True,319.0550081035684,-64.48653058290434
jw03295-o008_t005_miri_f1500w_i2d.fits,1178.0,1171.0,10.372303775178864,True,319.0549798137152,-64.48654930654945
jw03295-o008_t005_miri_f1800w_i2d.fits,1178.0,1171.0,10.372303775178864,True,319.05495100886907,-64.48653015652651
jw03295-o008_t005_miri_f1000w_i2d.fits,1178.0,1171.0,10.372303775178864,True,319.05497751629593,-64.48654155012329
jw03295-o008_t005_miri_f2550w_i2d.fits,1178.0,1171.0,10.372303775178864,True,319.0549828481923,-64.4865405878263
jw03295-o008_t005_miri_f2100w_i2d.fits,1178.0,1171.0,10.372303775178864,True,319.0549943355771,-64.4865330733261
jw03295-o008_t005_miri_f1130w_i2d.fits,1178.0,1171.0,10.372303775178864,True,319.0549679750714,-64.48653345821026
jw03295-o008_t005_miri_f770w_i2d.fits,1178.0,1171.0,10.372303775178864,True,319.0550081050999,-64.48652748930868
jw03295-o008_t005_miri_f1280w_i2d.fits,1178.0,1171.0,10.372303775178864,True,319.0549705653138,-64.4865412835514
