file,width,height,offset,chosen,CRVAL1,CRVAL2
jw02666-o004_t002_miri_f2100w_i2d.fits,1178.0,1171.0,10.372303775178864,True,196.1802570808253,-49.57124281964738
jw02666-o004_t002_miri_f1130w_i2d.fits,1178.0,1171.0,10.372303775178864,True,196.1802474235314,-49.57123420498382
jw02666-o004_t002_miri_f2550w_i2d.fits,1178.0,1171.0,10.372303775178864,True,196.18024277039405,-49.571242329356785
jw02666-o004_t002_miri_f1800w_i2d.fits,1178.0,1171.0,10.372303775178864,True,196.18024734178618,-49.57122544727153
jw02666-o004_t002_miri_f1280w_i2d.fits,1178.0,1171.0,10.372303775178864,True,196.18023786282976,-49.5712384782968
jw02666-o004_t002_miri_f1500w_i2d.fits,1178.0,1171.0,10.372303775178864,True,196.18022991909064,-49.57124547288784
jw02666-o004_t002_miri_f560w_i2d.fits,1178.0,1171.0,10.372303775178864,True,196.18026294185427,-49.57124630945188
jw02666-o004_t002_miri_f1000w_i2d.fits,1178.0,1171.0,10.372303775178864,True,196.18023939482478,-49.57124161341905
