file,width,height,offset,chosen,CRVAL1,CRVAL2
jw01860-o003_t002_miri_f1000w_i2d.fits,1050.0,1029.0,1.175916410129389,True,143.00615663090522,8.431506287542456
jw01860-o003_t002_miri_f770w_i2d.fits,1050.0,1029.0,1.175916410129389,True,143.0061755085993,8.431504411080748
jw01860-o003_t002_miri_f560w_i2d.fits,1050.0,1029.0,1.175916410129389,True,143.0061730779762,8.431502813992122
