file,width,height,offset,chosen,CRVAL1,CRVAL2
jw01860-o005_t004_miri_f1000w_i2d.fits,1050.0,1029.0,1.175916410129389,True,145.700810175394,9.481890936028227
jw01860-o005_t004_miri_f770w_i2d.fits,1050.0,1029.0,1.175916410129389,True,145.70082936893598,9.481886953258815
jw01860-o005_t004_miri_f560w_i2d.fits,1050.0,1029.0,1.175916410129389,True,145.70082851089973,9.481885709015925
