file,width,height,offset,chosen,CRVAL1,CRVAL2
jw03295-o006_t003_miri_f770w_i2d.fits,1178.0,1171.0,10.3723037,True,159.69083527773122,53.50465798374493
jw03295-o006_t003_miri_f1130w_i2d.fits,1179.0,1171.0,10.3723037,True,159.69083208863213,53.50467482037303
jw03295-o006_t003_miri_f2100w_i2d.fits,1178.0,1171.0,10.3723037,True,159.69084140858033,53.50466346520822
jw03295-o006_t003_miri_f1800w_i2d.fits,1178.0,1171.0,10.3723037,True,159.6908413384254,53.50468232294971
jw03295-o006_t003_miri_f2550w_i2d.fits,1179.0,1171.0,10.3723037,True,159.6908270876736,53.504667146239015
jw03295-o006_t003_miri_f1000w_i2d.fits,1178.0,1171.0,10.3723037,True,159.69081988286192,53.50466861044559
jw03295-o006_t003_miri_f1500w_i2d.fits,1178.0,1171.0,10.3723037,True,159.69080971847671,53.50466807659786
jw03295-o006_t003_miri_f1280w_i2d.fits,1178.0,1171.0,10.3723037,True,159.69082094731442,53.50467292562523
jw03295-o006_t003_miri_f560w_i2d.fits,1175.0,1172.0,10.3723037,True,159.6908050387456,53.504668320173394
