file,width,height,offset,chosen,CRVAL1,CRVAL2
jw03295-o010_t007_miri_f560w_i2d.fits,1178.0,1171.0,10.372303775178864,True,308.67913987662996,60.18907802471412
jw03295-o010_t007_miri_f1800w_i2d.fits,1178.0,1171.0,10.372303775178864,True,308.6791306864298,60.189099630657644
jw03295-o010_t007_miri_f1500w_i2d.fits,1178.0,1171.0,10.372303775178864,True,308.6791030678506,60.189081296944345
jw03295-o010_t007_miri_f770w_i2d.fits,1178.0,1171.0,10.372303775178864,True,308.67914707400115,60.18907761057665
jw03295-o010_t007_miri_f2550w_i2d.fits,1178.0,1171.0,10.372303775178864,True,308.6791204962412,60.189083362245725
jw03295-o010_t007_miri_f1280w_i2d.fits,1178.0,1171.0,10.372303775178864,True,308.67911473860994,60.189087380793424
jw03295-o010_t007_miri_f2100w_i2d.fits,1178.0,1171.0,10.372303775178864,True,308.6791385325129,60.18908136984645
jw03295-o010_t007_miri_f1000w_i2d.fits,1178.0,1171.0,10.372303775178864,True,308.67911593811766,60.18908433574046
jw03295-o010_t007_miri_f1130w_i2d.fits,1178.0,1171.0,10.372303775178864,True,308.67912814071525,60.18909099309909
