file,width,height,offset,chosen,CRVAL1,CRVAL2
jw01860-o006_t005_miri_f1000w_i2d.fits,1050.0,1029.0,1.175916410129389,True,0.9694347151531698,-11.45122883005798
jw01860-o006_t005_miri_f560w_i2d.fits,1050.0,1029.0,1.175916410129389,True,0.9694187484863237,-11.451234980366712
jw01860-o006_t005_miri_f770w_i2d.fits,1050.0,1029.0,1.175916410129389,True,0.9694172575611515,-11.451237603148613
