file,width,height,offset,chosen,CRVAL1,CRVAL2
jw02666-o001_t001_miri_f2100w_i2d.fits,1178.0,1171.0,10.37230377517886,True,308.8494532970286,60.1177454249202
jw02666-o001_t001_miri_f1000w_i2d.fits,1178.0,1171.0,10.37230377517886,True,308.8494316312691,60.117749570663335
jw02666-o001_t001_miri_f1280w_i2d.fits,1178.0,1171.0,10.37230377517886,True,308.8494308633317,60.11775256923203
jw02666-o001_t001_miri_f560w_i2d.fits,1178.0,1171.0,10.37230377517886,True,308.8494566521297,60.11774194505788
jw02666-o001_t001_miri_f1130w_i2d.fits,1178.0,1171.0,10.37230377517886,True,308.8494450864333,60.117755563664446
jw02666-o001_t001_miri_f1800w_i2d.fits,1178.0,1171.0,10.37230377517886,True,308.84944922447784,60.1177639578944
jw02666-o001_t001_miri_f1500w_i2d.fits,1178.0,1171.0,10.37230377517886,True,308.84941770227977,60.11774699854445
jw02666-o001_t001_miri_f2550w_i2d.fits,1178.0,1171.0,10.37230377517886,True,308.84943567678613,60.117748283991695
