file,width,height,offset,chosen,CRVAL1,CRVAL2
jw03295-o009_t006_miri_f560w_i2d.fits,1178.0,1171.0,10.372303775178864,True,38.87763240554578,-9.358999843842346
jw03295-o009_t006_miri_f770w_i2d.fits,1178.0,1171.0,10.372303775178864,True,38.877633602233,-9.358997017296394
jw03295-o009_t006_miri_f1500w_i2d.fits,1178.0,1171.0,10.372303775178864,True,38.877614638853366,-9.35901351094508
jw03295-o009_t006_miri_f1000w_i2d.fits,1178.0,1171.0,10.372303775178864,True,38.87761634483002,-9.35900569206608
jw03295-o009_t006_miri_f1280w_i2d.fits,1178.0,1171.0,10.372303775178864,True,38.87761370053466,-9.359004819482717
jw03295-o009_t006_miri_f1800w_i2d.fits,1178.0,1171.0,10.372303775178864,True,38.877609242196236,-9.358991439273984
jw03295-o009_t006_miri_f2100w_i2d.fits,1178.0,1171.0,10.372303775178864,True,38.877625962710646,-9.359000204382383
jw03295-o009_t006_miri_f1130w_i2d.fits,1178.0,1171.0,10.372303775178864,True,38.87761514810775,-9.358997262218962
jw03295-o009_t006_miri_f2550w_i2d.fits,1178.0,1171.0,10.372303775178864,True,38.87761875103703,-9.359006146824338
