file,width,height,offset,chosen,CRVAL1,CRVAL2
jw02666-o006_t003_miri_f1000w_i2d.fits,1178.0,1171.0,10.372303775178864,True,196.29299620236978,-49.52879856909301
jw02666-o006_t003_miri_f2550w_i2d.fits,1178.0,1171.0,10.372303775178864,True,196.292999848114,-49.528799437219064
jw02666-o006_t003_miri_f1280w_i2d.fits,1178.0,1171.0,10.372303775178864,True,196.29300581808863,-49.52879194666337
jw02666-o006_t003_miri_f560w_i2d.fits,1178.0,1171.0,10.372303775178864,True,196.29301866764288,-49.52880475237727
jw02666-o006_t003_miri_f1500w_i2d.fits,1178.0,1171.0,10.372303775178864,True,196.29298684778772,-49.528802438962586
jw02666-o006_t003_miri_f2100w_i2d.fits,1178.0,1171.0,10.372303775178864,True,196.29301381506536,-49.52880005717306
jw02666-o006_t003_miri_f1130w_i2d.fits,1178.0,1171.0,10.372303775178864,True,196.29300417238534,-49.52879128541155
jw02666-o006_t003_miri_f1800w_i2d.fits,1178.0,1171.0,10.372303775178864,True,196.29300273418522,-49.528782742987275
