file,width,height,offset,chosen,CRVAL1,CRVAL2
jw03295-o001_t001_miri_f560w_i2d.fits,1178.0,1171.0,10.372303775178864,True,49.9148931862389,-19.399835887423315
jw03295-o001_t001_miri_f1280w_i2d.fits,1178.0,1171.0,10.372303775178864,True,49.91487448464842,-19.399843004524364
jw03295-o001_t001_miri_f1800w_i2d.fits,1178.0,1171.0,10.372303775178864,True,49.91486824305198,-19.39983020712008
jw03295-o001_t001_miri_f2550w_i2d.fits,1178.0,1171.0,10.372303775178864,True,49.91487987613757,-19.39984370581149
jw03295-o001_t001_miri_f770w_i2d.fits,1178.0,1171.0,10.372303775178864,True,49.91489120667184,-19.39983370597841
jw03295-o001_t001_miri_f2100w_i2d.fits,1178.0,1171.0,10.372303775178864,True,49.9148867281002,-19.39983713676585
jw03295-o001_t001_miri_f1500w_i2d.fits,1178.0,1171.0,10.372303775178864,True,49.91487644091828,-19.39985135547365
jw03295-o001_t001_miri_f1130w_i2d.fits,1178.0,1171.0,10.372303775178864,True,49.91487447615175,-19.399821060542415
jw03295-o001_t001_miri_f1000w_i2d.fits,1178.0,1171.0,10.372303775178864,True,49.91487734749969,-19.39984377363628
