file,width,height,offset,chosen,CRVAL1,CRVAL2
jw02666-o003_t005_miri_f1280w_i2d.fits,1178.0,1171.0,10.37230377517886,True,308.67824176510663,60.18946395630227
jw02666-o003_t005_miri_f1130w_i2d.fits,1178.0,1171.0,10.37230377517886,True,308.67825808674945,60.1894662975166
jw02666-o003_t005_miri_f560w_i2d.fits,1178.0,1171.0,10.37230377517886,True,308.67827138229313,60.18944993389518
jw02666-o003_t005_miri_f1500w_i2d.fits,1178.0,1171.0,10.37230377517886,True,308.6782305133227,60.18945756968591
jw02666-o003_t005_miri_f1800w_i2d.fits,1178.0,1171.0,10.37230377517886,True,308.67826132404434,60.18947427149953
jw02666-o003_t005_miri_f1000w_i2d.fits,1178.0,1171.0,10.37230377517886,True,308.678245090304,60.18946038135961
jw02666-o003_t005_miri_f2100w_i2d.fits,1178.0,1171.0,10.37230377517886,True,308.67826510213933,60.18945567938988
jw02666-o003_t005_miri_f2550w_i2d.fits,1178.0,1171.0,10.37230377517886,True,308.6782470098851,60.18945831466821
