file,width,height,offset,chosen
jw02666-o003_t005_miri_f1280w_i2d.fits,1178.0,1171.0,10.37230377517886,True
jw02666-o003_t005_miri_f1130w_i2d.fits,1178.0,1171.0,10.37230377517886,True
jw02666-o003_t005_miri_f560w_i2d.fits,1178.0,1171.0,10.37230377517886,True
jw02666-o003_t005_miri_f1500w_i2d.fits,1178.0,1171.0,10.37230377517886,True
jw02666-o003_t005_miri_f1800w_i2d.fits,1178.0,1171.0,10.37230377517886,True
jw02666-o003_t005_miri_f1000w_i2d.fits,1178.0,1171.0,10.37230377517886,True
jw02666-o003_t005_miri_f2100w_i2d.fits,1178.0,1171.0,10.37230377517886,True
jw02666-o003_t005_miri_f2550w_i2d.fits,1178.0,1171.0,10.37230377517886,True
