file,width,height,offset,chosen,CRVAL1,CRVAL2
jw04087-o001_t001_nircam_clear-f444w_i2d.fits,4866.0,2106.0,109.01715184512794,True,210.75701599677785,54.30242668977338
jw04087-o001_t001_nircam_clear-f356w_i2d.fits,4867.0,2106.0,109.01715184512794,True,210.75700419166853,54.30242924659555
jw04087-o001_t001_nircam_clear-f277w_i2d.fits,4867.0,2106.0,109.01715184512794,True,210.75700354093524,54.302425592098885
jw04087-o001_t001_nircam_clear-f182m_i2d.fits,9876.0,4374.0,109.01715184512794,True,210.75703706551877,54.30263064234596
jw04087-o001_t001_nircam_clear-f150w_i2d.fits,9875.0,4374.0,109.01715184512794,True,210.75703808636501,54.302630671152585
jw04087-o001_t001_nircam_clear-f115w_i2d.fits,9876.0,4374.0,109.01715184512794,True,210.75703792884704,54.30263267658439
