file,width,height,offset,chosen
jw06049-o003_t005_miri_f560w_i2d.fits,1178.0,1171.0,10.3723037,True
jw06049-o003_t005_miri_f1000w_i2d.fits,1178.0,1171.0,10.3723037,True
jw06049-o003_t005_miri_f1130w_i2d.fits,1178.0,1171.0,10.3723037,True
jw06049-o003_t005_miri_f1280w_i2d.fits,1178.0,1171.0,10.3723037,True
jw06049-o003_t005_miri_f1500w_i2d.fits,1178.0,1171.0,10.3723037,True
jw06049-o003_t005_miri_f1800w_i2d.fits,1178.0,1171.0,10.3723037,True
jw06049-o003_t005_miri_f2100w_i2d.fits,1178.0,1171.0,10.3723037,True
