file,width,height,offset,chosen,CRVAL1,CRVAL2
jw02666-o007_t004_miri_f2550w_i2d.fits,1178.0,1171.0,10.372303775178864,True,24.198541966879894,15.763425919992244
jw02666-o007_t004_miri_f1500w_i2d.fits,1178.0,1171.0,10.372303775178864,True,24.198545893441324,15.763433490148774
jw02666-o007_t004_miri_f1800w_i2d.fits,1178.0,1171.0,10.372303775178864,True,24.19855240209094,15.763411719131996
jw02666-o007_t004_miri_f1130w_i2d.fits,1178.0,1171.0,10.372303775178864,True,24.1985460807515,15.76341708081757
jw02666-o007_t004_miri_f2100w_i2d.fits,1178.0,1171.0,10.372303775178864,True,24.198534884185356,15.763419692167504
jw02666-o007_t004_miri_f1000w_i2d.fits,1178.0,1171.0,10.372303775178864,True,24.19854452795048,15.763425953002594
jw02666-o007_t004_miri_f1280w_i2d.fits,1178.0,1171.0,10.372303775178864,True,24.19854725427541,15.76342484862483
jw02666-o007_t004_miri_f560w_i2d.fits,1178.0,1171.0,10.372303775178864,True,24.198528197822743,15.763419341802326
