file,width,height,offset,chosen,CRVAL1,CRVAL2
jw03295-o005_t002_miri_f1500w_i2d.fits,1178.0,1171.0,10.372303775178864,True,51.0911282617964,-21.570041663467517
jw03295-o005_t002_miri_f1130w_i2d.fits,1178.0,1171.0,10.372303775178864,True,51.091125217731076,-21.57002564921261
jw03295-o005_t002_miri_f2550w_i2d.fits,1178.0,1171.0,10.372303775178864,True,51.091130883472076,-21.57003380834793
jw03295-o005_t002_miri_f1000w_i2d.fits,1178.0,1171.0,10.372303775178864,True,51.09112853289551,-21.570033842119884
jw03295-o005_t002_miri_f560w_i2d.fits,1178.0,1171.0,10.372303775178864,True,51.09114369836577,-21.570024878334756
jw03295-o005_t002_miri_f1800w_i2d.fits,1178.0,1171.0,10.372303775178864,True,51.091118047582064,-21.57002111090552
jw03295-o005_t002_miri_f2100w_i2d.fits,1178.0,1171.0,10.372303775178864,True,51.091137252259735,-21.570026510738863
jw03295-o005_t002_miri_f1280w_i2d.fits,1178.0,1171.0,10.372303775178864,True,51.091125396615844,-21.57003352230669
jw03295-o005_t002_miri_f770w_i2d.fits,1178.0,1171.0,10.372303775178864,True,51.091144491684396,-21.570021942531515
