file,width,height,offset,chosen,CRVAL1,CRVAL2
jw02905-o002_t001_nircam_clear-f150w_i2d.fits,4534.0,4518.0,34.100084716080744,True,263.9230697138996,4.82732075304233
jw02905-o002_t001_nircam_clear-f115w_i2d.fits,4534.0,4518.0,34.100084716080744,True,263.9230694998454,4.827321114619423
jw02905-o002_t001_nircam_clear-f444w_i2d.fits,2171.0,2166.0,34.100084716080744,True,263.92319817320947,4.827527527798235
jw02905-o002_t001_nircam_clear-f356w_i2d.fits,2171.0,2167.0,34.100084716080744,True,263.9232038988014,4.827526090099034
