file,width,height,offset,chosen,CRVAL1,CRVAL2
jw03921-o002_t003_miri_f2100w_i2d.fits,1116.0,1139.0,3.9967538076219498,True,148.83853989269116,69.02192666969326
jw03921-o002_t003_miri_f1500w_i2d.fits,1116.0,1139.0,3.9967538076219498,True,148.83851615542022,69.021941679292
jw03921-o002_t003_miri_f770w_i2d.fits,1116.0,1139.0,3.9967538076219498,True,148.83853727232722,69.02191870993151
jw03921-o002_t003_miri_f1000w_i2d.fits,1116.0,1139.0,3.9967538076219498,True,148.8385335236062,69.02193728790394
