file,width,height,offset,chosen
jw02072-c1001_t011_miri_f1000w_i2d.fits,2103.0,1436.0,1.175916410129389,False
jw02072-o009_t011_miri_f560w_i2d.fits,1050.0,1029.0,1.175916410129389,True
jw02072-c1001_t011_miri_f770w_i2d.fits,2102.0,1437.0,1.175916410129389,False
jw02072-o009_t011_miri_f1000w_i2d.fits,1050.0,1029.0,1.175916410129389,True
jw02072-c1001_t011_miri_f560w_i2d.fits,2103.0,1437.0,1.175916410129389,False
jw02072-o009_t011_miri_f770w_i2d.fits,1050.0,1029.0,1.175916410129389,True
