file,width,height,offset,chosen,CRVAL1,CRVAL2
jw03921-o006_t007_miri_f770w_i2d.fits,1116.0,1139.0,3.9967538,True,110.32459742690465,-69.00537443513097
jw03921-o006_t007_miri_f2100w_i2d.fits,1116.0,1139.0,3.9967538,True,110.324567663257,-69.00537774891835
jw03921-o006_t007_miri_f1500w_i2d.fits,1116.0,1139.0,3.9967538,True,110.32454014301275,-69.00539219633535
jw03921-o006_t007_miri_f1000w_i2d.fits,1116.0,1139.0,3.9967538,True,110.32454391489992,-69.00538469363121
