file,width,height,offset,chosen,CRVAL1,CRVAL2
jw03921-o026_t027_miri_f770w_i2d.fits,1116.0,1139.0,3.9967538,True,106.9931034113306,31.65949135756376
jw03921-o026_t027_miri_f2100w_i2d.fits,1116.0,1139.0,3.9967538,True,106.99309345117074,31.659493453031963
jw03921-o026_t027_miri_f1000w_i2d.fits,1116.0,1139.0,3.9967538,True,106.9930805897368,31.659492704955763
jw03921-o026_t027_miri_f1500w_i2d.fits,1116.0,1139.0,3.9967538,True,106.9930743826407,31.659487297644528
