file,width,height,offset,chosen,CRVAL1,CRVAL2
jw09251-o002_t001_miri_f1500w_i2d.fits,1111.0,1106.0,8.1406516,True,152.20103400687026,-67.05239347443235
jw09251-o002_t001_miri_f1800w_i2d.fits,1111.0,1106.0,8.1406516,True,152.2010646863747,-67.05237106401707
jw09251-o002_t001_miri_f2100w_i2d.fits,1111.0,1106.0,8.1406516,True,152.20107448542308,-67.05238964327827
jw09251-o002_t001_miri_f2550w_i2d.fits,1111.0,1106.0,8.1406516,True,152.20105118677085,-67.05238799303746
