file,width,height,offset,chosen,CRVAL1,CRVAL2
jw02348-o003_t001_miri_f1130w_i2d.fits,1050.0,1029.0,1.175916410129389,True,339.26632294548915,34.43306013362416
jw02348-o003_t001_miri_f1000w_i2d.fits,1050.0,1029.0,1.175916410129389,True,339.2663155538584,34.43306673699496
jw02348-o003_t001_miri_f560w_i2d.fits,1050.0,1029.0,1.175916410129389,True,339.2663031831539,34.43305320527189
