file,width,height,offset,chosen,CRVAL1,CRVAL2
jw04516-o009_t004_miri_f770w_i2d.fits,1050.0,1029.0,1.1759164,True,183.9405123964689,13.105297812016854
