file,width,height,offset,chosen,CRVAL1,CRVAL2
jw03921-o040_t042_miri_f770w_i2d.fits,1116.0,1139.0,3.9967538,True,210.90596767369846,54.31656851345007
jw03921-o040_t042_miri_f1000w_i2d.fits,1116.0,1139.0,3.9967538,True,210.90600679278026,54.316587906562845
jw03921-o040_t042_miri_f2100w_i2d.fits,1116.0,1139.0,3.9967538,True,210.90599811898213,54.3165780763307
jw03921-o040_t042_miri_f1500w_i2d.fits,1116.0,1139.0,3.9967538,True,210.9060038642937,54.31659524121196
