file,width,height,offset,chosen,CRVAL1,CRVAL2
jw06580-o009_t008_miri_f1000w_i2d.fits,1050.0,1029.0,1.1759164,True,263.0960755465995,7.045075170871622
jw06580-o009_t008_miri_f560w_i2d.fits,1049.0,1030.0,1.1759164,True,263.0961022931093,7.045063537264439
jw06580-o009_t008_miri_f770w_i2d.fits,1050.0,1029.0,1.1759164,True,263.09609426037287,7.045075778316784
