file,width,height,offset,chosen,CRVAL1,CRVAL2
jw05290-o006_t001_miri_f1500w_i2d.fits,1112.0,1106.0,21.4596235,True,210.90304751810288,54.30589952910343
jw05290-o006_t001_miri_f1800w_i2d.fits,1112.0,1106.0,21.4596235,True,210.90308393840854,54.30590570666004
jw05290-o006_t001_miri_f2100w_i2d.fits,1111.0,1106.0,21.4596235,True,210.9030652251621,54.30588887431393
jw05290-o006_t001_miri_f2550w_i2d.fits,1114.0,1136.0,21.4596235,True,210.90284775368502,54.30634512130943
