file,width,height,offset,chosen
jw02754-o001_t001_miri_f2100w_i2d.fits,1200.0,1117.0,7.863222140709239,True
jw02754-o001_t001_miri_f2550w_i2d.fits,1200.0,1117.0,7.863222140709239,True
jw02754-o001_t001_miri_f1500w_i2d.fits,1200.0,1117.0,7.863222140709239,True
