file,width,height,offset,chosen,CRVAL1,CRVAL2
jw03921-o019_t020_miri_f770w_i2d.fits,1116.0,1139.0,3.9967538,True,101.68519292117784,-27.25463071307305
jw03921-o019_t020_miri_f1000w_i2d.fits,1116.0,1139.0,3.9967538,True,101.68517184366841,-27.2546305120861
jw03921-o019_t020_miri_f1500w_i2d.fits,1116.0,1139.0,3.9967538,True,101.68516612473843,-27.254636077974475
jw03921-o019_t020_miri_f2100w_i2d.fits,1116.0,1139.0,3.9967538,True,101.68518417129033,-27.254629398310943
