file,width,height,offset,chosen
jw02072-o011_t011_miri_f1000w_i2d.fits,1050.0,1029.0,1.175916410129389,True
jw02072-o011_t011_miri_f560w_i2d.fits,1050.0,1029.0,1.175916410129389,True
jw02072-o011_t011_miri_f770w_i2d.fits,1050.0,1029.0,1.175916410129389,True
