file,width,height,offset,chosen
jw03921-o024_t025_miri_f1000w_i2d.fits,1116.0,1139.0,3.9967538,True
jw03921-o024_t025_miri_f1500w_i2d.fits,1116.0,1139.0,3.9967538,True
jw03921-o024_t025_miri_f2100w_i2d.fits,1116.0,1139.0,3.9967538,True
jw03921-o024_t025_miri_f770w_i2d.fits,1116.0,1139.0,3.9967538,True
