file,width,height,offset,chosen,CRVAL1,CRVAL2
jw06023-o005_t001_miri_f1280w_i2d.fits,1111.0,1106.0,21.4596235,True,64.96950073569053,-54.942677250870396
jw06023-o005_t001_miri_f1500w_i2d.fits,1114.0,1136.0,8.1406516,True,64.9702962096996,-54.94258318712408
jw06023-o005_t001_miri_f1800w_i2d.fits,1114.0,1136.0,8.1406516,True,64.97029907609223,-54.94260589347872
jw06023-o005_t001_miri_f2100w_i2d.fits,1114.0,1136.0,8.1406516,True,64.97027332365036,-54.942594707160715
jw06023-o005_t001_miri_f2550w_i2d.fits,1138.0,1376.0,8.1406516,True,64.9702879481497,-54.94259427491988
