file,width,height,offset,chosen,CRVAL1,CRVAL2
jw06580-o011_t008_miri_f560w_i2d.fits,1050.0,1029.0,1.1759164,True,263.1301287572544,7.081335397500561
jw06580-o011_t008_miri_f1000w_i2d.fits,1050.0,1029.0,1.1759164,True,263.13014742313385,7.081334647504756
jw06580-o011_t008_miri_f770w_i2d.fits,1050.0,1029.0,1.1759164,True,263.1301260495897,7.081333785383866
