file,width,height,offset,chosen,CRVAL1,CRVAL2
jw03921-o039_t041_miri_f1500w_i2d.fits,1116.0,1139.0,3.9967538,True,167.90194543084732,55.67276595502744
jw03921-o039_t041_miri_f770w_i2d.fits,1116.0,1139.0,3.9967538,True,167.90198034507017,55.67275095328305
jw03921-o039_t041_miri_f1000w_i2d.fits,1116.0,1139.0,3.9967538,True,167.90195874572123,55.67276557925288
jw03921-o039_t041_miri_f2100w_i2d.fits,1116.0,1139.0,3.9967538,True,167.9019729616957,55.67275814233282
