file,width,height,offset,chosen,CRVAL1,CRVAL2
jw02072-c1001_t011_miri_f1000w_i2d.fits,2103.0,1436.0,1.175916410129389,False,216.60451118349647,56.592894154322835
jw02072-o009_t011_miri_f560w_i2d.fits,1050.0,1029.0,1.175916410129389,True,216.61469576711906,56.606891824960705
jw02072-c1001_t011_miri_f770w_i2d.fits,2102.0,1437.0,1.175916410129389,False,216.60452060115452,56.592880086749005
jw02072-o009_t011_miri_f1000w_i2d.fits,1050.0,1029.0,1.175916410129389,True,216.61470895946496,56.60690736987931
jw02072-c1001_t011_miri_f560w_i2d.fits,2103.0,1437.0,1.175916410129389,False,216.60451715540103,56.592881160740674
jw02072-o009_t011_miri_f770w_i2d.fits,1050.0,1029.0,1.175916410129389,True,216.61469745776202,56.60688909107068
