file,width,height,offset,chosen,CRVAL1,CRVAL2
jw06213-o009_t001_miri_f1800w-brightsky_i2d.fits,683.0,610.0,7.8632238,True,167.91392219865952,55.67473889501874
jw06213-o009_t001_miri_f2100w-brightsky_i2d.fits,683.0,610.0,7.8632238,True,167.91389946142178,55.6747252869849
jw06213-o009_t001_miri_f2550w-brightsky_i2d.fits,683.0,610.0,7.8632238,True,167.91389287381017,55.674733990280885
jw06213-o009_t001_miri_f1500w-brightsky_i2d.fits,683.0,610.0,7.8632238,True,167.9138815267541,55.67473937096015
