file,width,height,offset,chosen,CRVAL1,CRVAL2
jw06023-o001_t001_miri_f1280w_i2d.fits,1111.0,1106.0,8.1406516,True,64.96793320005645,-54.94290467945463
jw06023-o001_t001_miri_f1500w_i2d.fits,1111.0,1106.0,8.1406516,True,64.96793058863462,-54.942896380127344
jw06023-o001_t001_miri_f2550w_i2d.fits,1117.0,1166.0,8.1406516,True,64.96792351280212,-54.942904235601524
jw06023-o001_t001_miri_f2100w_i2d.fits,1111.0,1106.0,8.1406516,True,64.96791079419656,-54.94290947086671
jw06023-o001_t001_miri_f1800w_i2d.fits,1111.0,1106.0,11.4736086,True,64.96793957992628,-54.9429182409739
