file,width,height,offset,chosen,CRVAL1,CRVAL2
jw03921-o020_t021_miri_f1500w_i2d.fits,1116.0,1139.0,3.9967538,True,131.7992117217425,-33.75915912097712
jw03921-o020_t021_miri_f2100w_i2d.fits,1116.0,1139.0,3.9967538,True,131.79922832822615,-33.75914851719852
jw03921-o020_t021_miri_f1000w_i2d.fits,1116.0,1139.0,3.9967538,True,131.7992157329805,-33.75915236836051
jw03921-o020_t021_miri_f770w_i2d.fits,1116.0,1139.0,3.9967538,True,131.79923695386378,-33.759147301081526
