file,width,height,offset,chosen,CRVAL1,CRVAL2
jw06659-o001_t001_miri_f1000w_i2d.fits,1050.0,1029.0,1.1759164,True,186.4175869335838,12.653862589772153
jw06659-o001_t001_miri_f560w_i2d.fits,1050.0,1029.0,1.1759164,True,186.41760171594962,12.65385422406661
jw06659-o001_t001_miri_f770w_i2d.fits,1050.0,1029.0,1.1759164,True,186.41760521390057,12.653855476697359
