file,width,height,offset,chosen,CRVAL1,CRVAL2
jw03921-o024_t025_miri_f1000w_i2d.fits,1116.0,1139.0,3.9967538,True,186.53905704678678,58.31663935445173
jw03921-o024_t025_miri_f1500w_i2d.fits,1116.0,1139.0,3.9967538,True,186.53904704715885,58.31664501138991
jw03921-o024_t025_miri_f2100w_i2d.fits,1116.0,1139.0,3.9967538,True,186.5390575921661,58.316628434727654
jw03921-o024_t025_miri_f770w_i2d.fits,1116.0,1139.0,3.9967538,True,186.53905327760475,58.316620275250756
