file,width,height,offset,chosen,CRVAL1,CRVAL2
jw03295-o003_t008_miri_f1800w_i2d.fits,1178.0,1171.0,10.372303775178864,True,345.01579395877286,15.974022189121843
jw03295-o003_t008_miri_f1280w_i2d.fits,1178.0,1171.0,10.372303775178864,True,345.0157942243972,15.974008075847372
jw03295-o003_t008_miri_f1130w_i2d.fits,1179.0,1171.0,10.372303775178864,True,345.0158002871455,15.974023456603101
jw03295-o003_t008_miri_f560w_i2d.fits,1178.0,1171.0,10.372303775178864,True,345.0158155196505,15.974010046691836
jw03295-o003_t008_miri_f770w_i2d.fits,1178.0,1171.0,10.372303775178864,True,345.0158165113579,15.97400516100165
jw03295-o003_t008_miri_f2100w_i2d.fits,1178.0,1171.0,10.372303775178864,True,345.01580937883466,15.97401061969267
jw03295-o003_t008_miri_f1500w_i2d.fits,1178.0,1173.0,10.372303775178864,True,345.01577396519684,15.974001775715438
jw03295-o003_t008_miri_f2550w_i2d.fits,1178.0,1171.0,10.372303775178864,True,345.0158008373125,15.974006095339954
jw03295-o003_t008_miri_f1000w_i2d.fits,1178.0,1171.0,10.372303775178864,True,345.01579857541543,15.974006787221319
