file,width,height,offset,chosen,CRVAL1,CRVAL2
jw04516-o011_t004_miri_f1000w_i2d.fits,1050.0,1029.0,1.1759164,True,183.98636582756708,13.127080346646578
jw04516-o011_t004_miri_f560w_i2d.fits,1050.0,1029.0,1.1759164,True,183.9863377373572,13.127086564815622
jw04516-o011_t004_miri_f770w_i2d.fits,1050.0,1029.0,1.1759164,True,183.98634683964508,13.127085061417187
