file,width,height,offset,chosen,CRVAL1,CRVAL2
jw06811-o001_t001_miri_f560w_i2d.fits,1049.0,1030.0,1.1759164,True,287.3299291169004,-63.85548921282195
jw06811-o001_t001_miri_f770w_i2d.fits,1050.0,1029.0,1.1759164,True,287.32990924642934,-63.85548078593352
jw06811-o001_t001_miri_f1000w_i2d.fits,1050.0,1029.0,1.1759164,True,287.32986890194735,-63.85548782242791
