file,width,height,offset,chosen,CRVAL1,CRVAL2
jw03295-o004_t009_miri_f770w_i2d.fits,1178.0,1171.0,10.3723037,True,149.43704100363863,-28.520691652981093
jw03295-o004_t009_miri_f2100w_i2d.fits,1178.0,1171.0,10.3723037,True,149.43703229356046,-28.52069426736829
jw03295-o004_t009_miri_f560w_i2d.fits,1178.0,1171.0,10.3723037,True,149.43703965194388,-28.52069446862431
jw03295-o004_t009_miri_f1280w_i2d.fits,1178.0,1171.0,10.3723037,True,149.43701808494433,-28.520698008260194
jw03295-o004_t009_miri_f1800w_i2d.fits,1178.0,1171.0,10.3723037,True,149.4370142049336,-28.520684348308837
jw03295-o004_t009_miri_f1500w_i2d.fits,1178.0,1171.0,10.3723037,True,149.43701849431235,-28.52070660961586
jw03295-o004_t009_miri_f2550w_i2d.fits,1178.0,1171.0,10.3723037,True,149.4370237590122,-28.520699720031057
jw03295-o004_t009_miri_f1130w_i2d.fits,1178.0,1171.0,10.3723037,True,149.4370204341891,-28.520690513191244
jw03295-o004_t009_miri_f1000w_i2d.fits,1178.0,1171.0,10.3723037,True,149.43702109488422,-28.52069916979346
