file,width,height,offset,chosen,CRVAL1,CRVAL2
jw05290-o003_t001_miri_f1500w_i2d.fits,1111.0,1106.0,21.4596235,True,210.90373795506312,54.31742963140564
jw05290-o003_t001_miri_f1800w_i2d.fits,1111.0,1106.0,21.4596235,True,210.90372986559927,54.3174082159297
jw05290-o003_t001_miri_f2550w_i2d.fits,1114.0,1136.0,21.4596235,True,210.9045222950008,54.31739915892063
jw05290-o003_t001_miri_f2100w_i2d.fits,1111.0,1106.0,21.4596235,True,210.9037103263328,54.317421341174274
