file,width,height,offset,chosen,CRVAL1,CRVAL2
jw03921-o025_t026_miri_f770w_i2d.fits,1116.0,1139.0,3.9967538,True,118.76384070858634,-76.41779711667019
jw03921-o025_t026_miri_f2100w_i2d.fits,1116.0,1139.0,3.9967538,True,118.76378278306916,-76.41780248140141
jw03921-o025_t026_miri_f1000w_i2d.fits,1116.0,1139.0,3.9967538,True,118.76374955101528,-76.41781069893194
jw03921-o025_t026_miri_f1500w_i2d.fits,1116.0,1139.0,3.9967538,True,118.7637485347931,-76.41781811505923
