file,width,height,offset,chosen,CRVAL1,CRVAL2
jw06838-o004_t001_miri_f1500w_i2d.fits,1111.0,1106.0,21.4596235,True,76.06181853383917,67.62033202180163
jw06838-o004_t001_miri_f1280w_i2d.fits,1111.0,1106.0,21.4596235,True,76.06183982819768,67.620328014863
jw06838-o004_t001_miri_f1800w_i2d.fits,1111.0,1106.0,21.4596235,True,76.06187393610925,67.6203230438913
jw06838-o004_t001_miri_f2100w_i2d.fits,1111.0,1106.0,21.4596235,True,76.0618298339071,67.6203148274973
