file,width,height,offset,chosen,CRVAL1,CRVAL2
jw02754-o001_t001_miri_f2100w_i2d.fits,1200.0,1117.0,7.863222140709239,True,9.430329438129409,-33.72798635657156
jw02754-o001_t001_miri_f2550w_i2d.fits,1200.0,1117.0,7.863222140709239,True,9.430321401175032,-33.72799313439191
jw02754-o001_t001_miri_f1500w_i2d.fits,1200.0,1117.0,7.863222140709239,True,9.430318705024265,-33.72800070619191
