file,width,height,offset,chosen,CRVAL1,CRVAL2
jw02072-o011_t011_miri_f1000w_i2d.fits,1050.0,1029.0,1.175916410129389,True,216.5892579591212,56.579405613317206
jw02072-o011_t011_miri_f560w_i2d.fits,1050.0,1029.0,1.175916410129389,True,216.58928256903704,56.579395276272834
jw02072-o011_t011_miri_f770w_i2d.fits,1050.0,1029.0,1.175916410129389,True,216.58928777276788,56.57939581961795
