file,width,height,offset,chosen,CRVAL1,CRVAL2
jw03921-o012_t013_miri_f770w_i2d.fits,1116.0,1139.0,3.9967538,True,181.503087720741,47.49286949909355
jw03921-o012_t013_miri_f1000w_i2d.fits,1116.0,1139.0,3.9967538,True,181.50307882455147,47.49288728933239
jw03921-o012_t013_miri_f1500w_i2d.fits,1116.0,1139.0,3.9967538,True,181.5030683982854,47.49289020450162
jw03921-o012_t013_miri_f2100w_i2d.fits,1116.0,1139.0,3.9967538,True,181.50308557433928,47.49287726856488
