file,width,height,offset,chosen,CRVAL1,CRVAL2
jw06659-o003_t003_miri_f2100w-sub256_i2d.fits,340.0,343.0,4.8065767,True,186.44084931198287,12.66306398291264
