file,width,height,offset,chosen
jw06023-o005_t001_miri_f1280w_i2d.fits,1111.0,1106.0,21.4596235,True
jw06023-o005_t001_miri_f1500w_i2d.fits,1114.0,1136.0,8.1406516,True
jw06023-o005_t001_miri_f1800w_i2d.fits,1114.0,1136.0,8.1406516,True
jw06023-o005_t001_miri_f2100w_i2d.fits,1114.0,1136.0,8.1406516,True
jw06023-o005_t001_miri_f2550w_i2d.fits,1138.0,1376.0,8.1406516,True
