file,width,height,offset,chosen,CRVAL1,CRVAL2
jw01182-o001_t001_nircam_clear-f200w_i2d.fits,11609.0,4757.0,24.41567106653899,True,272.6232365270799,-19.38538254614372
jw01182-o001_t001_nircam_clear-f115w_i2d.fits,11554.0,4705.0,5.446699998352301,True,272.6232451225719,-19.38537445750084
jw01182-o001_t001_nircam_clear-f356w_i2d.fits,5633.0,2275.0,24.20006747774825,True,272.6233532994428,-19.3852462039346
jw01182-o001_t001_nircam_clear-f444w_i2d.fits,5641.0,2280.0,24.41567106653899,True,272.6233447828262,-19.38523902536118
