file,width,height,offset,chosen,CRVAL1,CRVAL2,CRVAL1fix,CRVAL2fix
jw01182-o002_t004_nircam_clear-f356w_i2d.fits,5642,2280,24.2000705515025,True,272.531323558819,-19.4752916368547,272.531317,-19.4752985
jw01182-o002_t004_nircam_clear-f115w_i2d.fits,11440,4737,24.2000705515025,False,272.531206059384,-19.4754856830411,,
jw01182-o002_t004_nircam_clear-f200w_i2d.fits,11443,4743,24.2000705515025,True,272.531193229421,-19.4754940788412,,
jw01182-o002_t004_nircam_clear-f444w_i2d.fits,5641,2280,24.2000705515025,True,272.531316454054,-19.4752858068484,272.53131,-19.475293
