file,width,height,offset,chosen
jw01182-o001_t001_nircam_clear-f200w_i2d.fits,11609.0,4757.0,24.41567106653899,True
jw01182-o001_t001_nircam_clear-f115w_i2d.fits,11554.0,4705.0,5.446699998352301,True
jw01182-o001_t001_nircam_clear-f356w_i2d.fits,5633.0,2275.0,24.20006747774825,True
jw01182-o001_t001_nircam_clear-f444w_i2d.fits,5641.0,2280.0,24.41567106653899,True
