file,width,height,offset,chosen,CRVAL1,CRVAL2,CRVAL1fix,CRVAL2fix
jw01182-o001_t001_nircam_clear-f200w_i2d.fits,11609,4757,24.415671066539,True,272.62323652708,-19.3853825461437,,
jw01182-o001_t001_nircam_clear-f115w_i2d.fits,11554,4705,5.4466999983523,False,272.623245122572,-19.3853744575008,,
jw01182-o001_t001_nircam_clear-f356w_i2d.fits,5633,2275,24.2000674777482,True,272.623353299443,-19.3852462039346,272.62334,-19.38525
jw01182-o001_t001_nircam_clear-f444w_i2d.fits,5641,2280,24.415671066539,True,272.623344782826,-19.3852390253612,272.623335,-19.385245
