file,width,height,offset,chosen
jw01182-o002_t004_nircam_clear-f356w_i2d.fits,5642.0,2280.0,24.20007055150252,True
jw01182-o002_t004_nircam_clear-f115w_i2d.fits,11440.0,4737.0,24.20007055150252,True
jw01182-o002_t004_nircam_clear-f200w_i2d.fits,11443.0,4743.0,24.20007055150252,True
jw01182-o002_t004_nircam_clear-f444w_i2d.fits,5641.0,2280.0,24.20007055150252,True
