file,width,height,offset,chosen,CRVAL1,CRVAL2
jw04498-o005_t002_miri_f770w_i2d.fits,1116.0,1139.0,3.9967538076219498,True,244.9441436922147,55.5773680119122
jw04498-o005_t002_miri_f1000w_i2d.fits,1116.0,1139.0,3.9967538076219498,True,244.94417696288184,55.57737062143038
jw04498-o005_t002_miri_f560w_i2d.fits,1116.0,1139.0,3.9967538076219498,True,244.9441491607057,55.577370460835084
