file,width,height,offset,chosen,CRVAL1,CRVAL2
jw04744-o005_t002_nircam_clear-f090w_i2d.fits,10073.0,4574.0,52.1001675,True,171.81123223452073,42.457861187631345
jw04744-o005_t002_nircam_clear-f150w_i2d.fits,10074.0,4575.0,52.1001675,True,171.81123347087185,42.45786060741733
jw04744-o005_t002_nircam_clear-f200w_i2d.fits,10077.0,4580.0,52.1001675,True,171.81121540433838,42.45785963184284
jw04744-o005_t002_nircam_clear-f277w_i2d.fits,4964.0,2204.0,52.1001675,True,171.81147262270036,42.45795783758941
jw04744-o005_t002_nircam_clear-f356w_i2d.fits,4964.0,2204.0,52.1001675,True,171.81146879662725,42.45795341018172
jw04744-o005_t002_nircam_clear-f444w_i2d.fits,4963.0,2204.0,52.1001675,True,171.81146592281573,42.457960516345125
