file,width,height,offset,chosen
jw04446-o003_t009_nircam_clear-f150w_i2d.fits,4539.0,4519.0,35.93011858186836,True
jw04446-o003_t009_nircam_clear-f444w_i2d.fits,2174.0,2167.0,35.93011858186836,True
jw04446-o003_t009_nircam_clear-f200w_i2d.fits,4539.0,4519.0,35.93011858186836,True
jw04446-o003_t009_nircam_clear-f356w_i2d.fits,2174.0,2167.0,35.93011858186836,True
jw04446-o003_t009_nircam_clear-f277w_i2d.fits,2174.0,2167.0,35.93011858186836,True
jw04446-o003_t009_nircam_clear-f090w_i2d.fits,4540.0,4519.0,35.93011858186836,True
