file,width,height,offset,chosen,CRVAL1,CRVAL2
jw04446-o003_t009_nircam_clear-f150w_i2d.fits,4539.0,4519.0,35.93011858186836,True,171.81799994971976,42.46234793906515
jw04446-o003_t009_nircam_clear-f444w_i2d.fits,2174.0,2167.0,35.93011858186836,True,171.81827558969152,42.46251173759731
jw04446-o003_t009_nircam_clear-f200w_i2d.fits,4539.0,4519.0,35.93011858186836,True,171.81802400095106,42.46234706339277
jw04446-o003_t009_nircam_clear-f356w_i2d.fits,2174.0,2167.0,35.93011858186836,True,171.81828280827494,42.46250842173324
jw04446-o003_t009_nircam_clear-f277w_i2d.fits,2174.0,2167.0,35.93011858186836,True,171.81828397274649,42.46250894885497
jw04446-o003_t009_nircam_clear-f090w_i2d.fits,4540.0,4519.0,35.93011858186836,True,171.81799888472239,42.462348746781124
