file,width,height,offset,chosen,CRVAL1,CRVAL2
jw05324-o018_t014_nircam_clear-f150w_i2d.fits,4909.0,4895.0,43.8200062,True,189.17837109605495,62.17323797458955
jw05324-o018_t014_nircam_clear-f200w_i2d.fits,4911.0,4896.0,43.8200062,True,189.17840010861414,62.173225170271735
jw05324-o018_t014_nircam_clear-f277w_i2d.fits,2356.0,2348.0,43.8200062,True,189.17886947026528,62.173343810264754
jw05324-o018_t014_nircam_clear-f444w_i2d.fits,2356.0,2348.0,43.8200062,True,189.17885760409234,62.17334774146702
