file,width,height,offset,chosen,CRVAL1,CRVAL2
jw05324-o017_t014_nircam_clear-f150w_i2d.fits,4910.0,4895.0,43.8200062,True,189.18863124070685,62.18337746253269
jw05324-o017_t014_nircam_clear-f200w_i2d.fits,4909.0,4895.0,43.8200062,True,189.18864661463863,62.18336149974579
jw05324-o017_t014_nircam_clear-f277w_i2d.fits,2356.0,2348.0,43.8200062,True,189.18910675716143,62.183292855092866
jw05324-o017_t014_nircam_clear-f444w_i2d.fits,2356.0,2348.0,43.8200062,True,189.18910598580194,62.183299170049125
