file,width,height,offset,chosen,CRVAL1,CRVAL2
jw05324-o002_t012_nircam_clear-f277w_i2d.fits,5220.0,2462.0,56.2501373,True,39.981328492470425,-1.5978017761354615
jw05324-o002_t012_nircam_clear-f356w_i2d.fits,5222.0,2462.0,56.2501373,True,39.98132400942399,-1.5977955263070633
jw05324-o002_t012_nircam_clear-f150w_i2d.fits,10601.0,5084.0,56.2501373,True,39.98135342304464,-1.5976007007141417
jw05324-o002_t012_nircam_clear-f200w_i2d.fits,10603.0,5091.0,56.2501373,True,39.98137005502274,-1.5976246209786642
