file,width,height,offset,chosen,CRVAL1,CRVAL2
jw05324-o003_t012_nircam_clear-f150w_i2d.fits,10600.0,5086.0,68.7502227,True,39.974454558077085,-1.5946147781775657
jw05324-o003_t012_nircam_clear-f200w_i2d.fits,10604.0,5092.0,68.7502227,True,39.97444884516812,-1.5946279323587955
jw05324-o003_t012_nircam_clear-f277w_i2d.fits,5222.0,2463.0,68.7502227,True,39.97441479869178,-1.5944018464106995
jw05324-o003_t012_nircam_clear-f356w_i2d.fits,5223.0,2463.0,68.7502227,True,39.97442019501923,-1.5944067138531899
