file,width,height,offset,chosen
jw05324-o017_t014_nircam_clear-f150w_i2d.fits,4910.0,4895.0,43.8200062,True
jw05324-o017_t014_nircam_clear-f200w_i2d.fits,4909.0,4895.0,43.8200062,True
jw05324-o017_t014_nircam_clear-f277w_i2d.fits,2356.0,2348.0,43.8200062,True
jw05324-o017_t014_nircam_clear-f444w_i2d.fits,2356.0,2348.0,43.8200062,True
