file,width,height,offset,chosen
jw02016-o023_t023_miri_f770w_i2d.fits,1032.0,1028.0,0.4487749998285153,True
jw02016-o023_t023_miri_f560w_i2d.fits,1032.0,1028.0,0.4820290001665626,True
jw02016-o023_t023_miri_f1130w_i2d.fits,1032.0,1028.0,0.4907419998668843,True
