file,width,height,offset,chosen,CRVAL1,CRVAL2
jw02016-o023_t023_miri_f770w_i2d.fits,1032.0,1028.0,0.4487749998285153,True,189.9751885831578,-11.63453994499285
jw02016-o023_t023_miri_f560w_i2d.fits,1032.0,1028.0,0.4820290001665626,True,189.9751883637387,-11.63454056762315
jw02016-o023_t023_miri_f1130w_i2d.fits,1032.0,1028.0,0.4907419998668843,True,189.9751774457354,-11.63452768435172
