file,width,height,offset,chosen,CRVAL1,CRVAL2
jw06669-o002_t001_nircam_clear-f200w_i2d.fits,11466.0,5206.0,75.650241,True,357.47300692720285,-56.655104223118414
jw06669-o002_t001_nircam_clear-f444w_i2d.fits,5650.0,2508.0,75.650241,True,357.47289506822347,-56.65489415573941
