file,width,height,offset,chosen,CRVAL1,CRVAL2
jw06669-o004_t001_miri_f1800w_i2d.fits,1116.0,1139.0,37.3267545,True,357.4448926631815,-56.63303599518296
