file,width,height,offset,chosen,CRVAL1,CRVAL2
jw06669-o003_t001_miri_f1000w_i2d.fits,1116.0,1139.0,37.3267545,True,357.4299958447817,-56.62937649607838
