file,width,height,offset,chosen,CRVAL1,CRVAL2
jw03743-o051_t004_miri_f560w_i2d.fits,1178.0,1171.0,7.5872997,True,323.1885145556612,-58.04917177612087
jw03743-o051_t004_miri_f770w_i2d.fits,1178.0,1171.0,7.5872997,True,323.1885126781063,-58.04916875762908
jw03743-o051_t004_miri_f1000w_i2d.fits,1178.0,1171.0,7.5872997,True,323.18850141855916,-58.04918686099409
