file,width,height,offset,chosen,CRVAL1,CRVAL2,CRVAL1fix,CRVAL2fix
jw03702-o003_t001_miri_f770w_i2d.fits,1032,1028,0.4488829,True,84.8819907710086,-69.508771683269,84.88199,-69.50877
jw03702-o003_t001_miri_f560w_i2d.fits,1030,1019,0.4488829,True,84.8823705070046,-69.5088005285826,84.88238,-69.50879
jw03702-o003_t001_miri_f1000w_i2d.fits,1032,1028,0.4488829,True,84.8819388121732,-69.5087762716209,,
