file,width,height,offset,chosen,CRVAL1,CRVAL2
jw06480-o021_t021_nircam_clear-f090w_i2d.fits,10083.0,4578.0,97.8202528,True,357.62114621133946,-43.52223429993007
jw06480-o021_t021_nircam_clear-f150w_i2d.fits,10083.0,4578.0,91.3420426,True,357.6211371677714,-43.52223363673594
jw06480-o021_t021_nircam_clear-f200w_i2d.fits,10646.0,4463.0,91.3420426,True,357.6239386162374,-43.52283278048763
jw06480-o021_t021_nircam_clear-f444w_i2d.fits,5246.0,2146.0,97.8202528,True,357.6238967261623,-43.522610692693966
