file,width,height,offset,chosen,CRVAL1,CRVAL2
jw03228-o011_t003_miri_f1000w_i2d.fits,1048.0,1077.0,1.1759164,True,240.10790643676634,-41.747377429703555
