file,width,height,offset,chosen,CRVAL1,CRVAL2
jw03228-o002_t002_miri_f1000w_i2d.fits,1115.0,1074.0,1.1759164,True,234.84746197359217,-34.789725109480855
