file,width,height,offset,chosen,CRVAL1,CRVAL2
jw03228-o016_t007_miri_f1000w_i2d.fits,1092.0,1129.0,1.1759164,True,241.7702595829229,-39.20332396317222
