file,width,height,offset,chosen,CRVAL1,CRVAL2
jw03050-o030_t030_miri_f560w_i2d.fits,1117.0,1125.0,6.125343714378005,True,69.57973812470587,27.081964481864038
