file,width,height,offset,chosen,CRVAL1,CRVAL2
jw03050-o020_t020_miri_f560w_i2d.fits,1117.0,1124.0,6.125343714378005,True,69.4452372184467,26.97941169789185
