file,width,height,offset,chosen,CRVAL1,CRVAL2
jw03050-o025_t025_miri_f770w_i2d.fits,1032.0,1028.0,0.4488829998838355,True,69.44600123016346,26.979710064450572
jw03050-o025_t025_miri_f1000w_i2d.fits,1032.0,1028.0,0.4488829998838355,True,69.445980575991,26.979705330733147
