file,width,height,offset,chosen,CRVAL1,CRVAL2
jw04358-o003_t003_nircam_clear-f210m_i2d.fits,9898.0,6690.0,87.55741307210005,True,166.7517544653611,-77.32769817095709
jw04358-o003_t003_nircam_clear-f250m_i2d.fits,4869.0,3264.0,92.75923087256636,True,166.75272065986528,-77.32769605765107
jw04358-o003_t003_nircam_clear-f140m_i2d.fits,10119.0,5424.0,87.55741307210005,True,166.74855920811163,-77.32406726696546
