file,width,height,offset,chosen,CRVAL1,CRVAL2
jw04358-o001_t001_nircam_clear-f182m_i2d.fits,11466.0,4658.0,128.9942466,True,166.56787719716695,-77.32548038901898
jw04358-o001_t001_nircam_clear-f200w_i2d.fits,12007.0,4477.0,134.1960679,True,166.56864362969253,-77.32584211600005
jw04358-o001_t001_nircam_clear-f430m_i2d.fits,5923.0,2144.0,128.9942466,True,166.5684894302178,-77.32564984811552
