file,width,height,offset,chosen,CRVAL1,CRVAL2
jw04358-o002_t002_nircam_clear-f182m_i2d.fits,10140.0,6290.0,87.4161938,True,166.6194477347991,-77.32729640576547
jw04358-o002_t002_nircam_clear-f430m_i2d.fits,4878.0,3682.0,92.6180169,True,166.63187638569565,-77.32510719758778
jw04358-o002_t002_nircam_clear-f200w_i2d.fits,9931.0,7558.0,87.4161938,True,166.63216246255206,-77.32530378407705
