file,width,height,offset,chosen,CRVAL1,CRVAL2,CRVAL1fix,CRVAL2fix
jw01256-o001_t001_nircam_clear-f335m_i2d.fits,7229,10577,248.916994628258,True,83.8087390773288,-5.38734031461741,,
jw01256-o001_t001_nircam_clear-f360m_i2d.fits,7232,10578,248.916994628258,True,83.8087195443513,-5.38733512089173,,
jw01256-o001_t001_nircam_f444w-f470n_i2d.fits,7227,10581,248.916994628258,True,83.8087491652427,-5.38732957266403,,
jw01256-o001_t001_nircam_clear-f182m_i2d.fits,14664,21483,248.916994628258,True,83.8088779043159,-5.38715672428262,,
jw01256-o001_t001_nircam_f150w2-f162m_i2d.fits,14674,21479,248.916994628258,True,83.8088318436929,-5.38714526219327,,
jw01256-o001_t001_nircam_clear-f140m_i2d.fits,14673,21483,248.916994628258,True,83.8088194992011,-5.3871571242066,,
jw01256-o001_t001_nircam_clear-f277w_i2d.fits,7233,10580,248.916994628258,True,83.8087008659414,-5.38734694903746,,
jw01256-o001_t001_nircam_clear-f187n_i2d.fits,14668,21483,248.916994628258,True,83.8088875201536,-5.38715482805537,,
jw01256-o001_t001_nircam_clear-f300m_i2d.fits,7233,10579,248.916994628258,True,83.8087155937156,-5.38734601099099,,
