file,width,height,offset,chosen,CRVAL1,CRVAL2
jw04748-o001_t001_nircam_clear-f090w_i2d.fits,9896.0,4402.0,119.2347414,True,341.6884167883715,-58.40235866457184
jw04748-o001_t001_nircam_clear-f150w_i2d.fits,9897.0,4402.0,119.2347414,True,341.68841584152784,-58.40235858396442
jw04748-o001_t001_nircam_clear-f277w_i2d.fits,4877.0,2118.0,119.2347414,True,341.68801238096887,-58.402315004715234
