file,width,height,offset,chosen,CRVAL1,CRVAL2
jw06743-o002_t003_miri_f1280w_i2d.fits,1048.0,1029.0,0.334829,True,3.5346189787893616,-30.361702065554777
jw06743-o002_t003_miri_f1800w_i2d.fits,1050.0,1040.0,0.334829,True,3.5345185187463457,-30.361704156775847
