file,width,height,offset,chosen
jw06743-o003_t004_miri_f1280w_i2d.fits,1042.0,1025.0,0.334829,True
jw06743-o003_t004_miri_f1800w_i2d.fits,1042.0,1025.0,0.334829,True
jw06743-o003_t004_miri_f2100w_i2d.fits,1048.0,1029.0,0.334829,True
