file,width,height,offset,chosen
jw06743-o001_t007_miri_f1500w_i2d.fits,1050.0,1033.0,0.334829,True
jw06743-o001_t007_miri_f1800w_i2d.fits,1050.0,1040.0,0.334829,True
