file,width,height,offset,chosen,CRVAL1,CRVAL2
jw06743-o001_t007_miri_f1500w_i2d.fits,1050.0,1033.0,0.334829,True,3.624670096237359,-30.41510047922085
jw06743-o001_t007_miri_f1800w_i2d.fits,1050.0,1040.0,0.334829,True,3.6246162832333466,-30.415102563590555
