file,width,height,offset,chosen
jw06743-o002_t003_miri_f1280w_i2d.fits,1048.0,1029.0,0.334829,True
jw06743-o002_t003_miri_f1800w_i2d.fits,1050.0,1040.0,0.334829,True
