file,width,height,offset,chosen,CRVAL1,CRVAL2
jw06743-o003_t004_miri_f1280w_i2d.fits,1042.0,1025.0,0.334829,True,3.5894332469228396,-30.347436471860817
jw06743-o003_t004_miri_f1800w_i2d.fits,1042.0,1025.0,0.334829,True,3.5894201081724266,-30.347427795391525
jw06743-o003_t004_miri_f2100w_i2d.fits,1048.0,1029.0,0.334829,True,3.589435419113998,-30.347251759502
