file,chosen,CRVAL1fix,CRVAL2fix
jw02768-o003_t001_nircam_clear-f182m_i2d.fits,True,46.39811,17.128553
jw02768-o003_t001_nircam_clear-f210m_i2d.fits,True,46.398107,17.128558
jw02768-o003_t001_nircam_clear-f410m_i2d.fits,True,46.398127,17.128813
jw02768-o003_t001_nircam_clear-f480m_i2d.fits,True,46.39813,17.128813
