file,width,height,offset,chosen,CRVAL1,CRVAL2
jw01282-o016_t021_miri_f1280w_i2d.fits,1049.0,1032.0,1.0971893184899957,True,248.51889709267934,-15.821298279065802
