file,width,height,offset,chosen,CRVAL1,CRVAL2
jw01328-o022_t021_miri_f770w-brightsky_i2d.fits,550.0,632.0,9.27210973741748,True,16.94729990125413,-17.50656822865561
jw01328-o022_t021_miri_f560w-brightsky_i2d.fits,552.0,632.0,3.996753784177316,True,16.9473067232908,-17.50654382350471
jw01328-o022_t021_miri_f1500w-brightsky_i2d.fits,551.0,632.0,1.047353829959622,True,16.94732513681462,-17.50654256675946
