file,width,height,offset,chosen,CRVAL1,CRVAL2
jw01328-o025_t020_miri_f770w-sub128_i2d.fits,149.0,135.0,0.8841231626383946,True,16.94793989146795,-17.50681578626723
jw01328-o025_t020_miri_f1500w-sub128_i2d.fits,149.0,135.0,1.158570448981803,True,16.94795848637565,-17.50679782090907
jw01328-o025_t020_miri_f560w-sub128_i2d.fits,149.0,135.0,0.8841231626383946,True,16.94794095922337,-17.50681302108075
