file,width,height,offset,chosen
jw01328-o025_t020_miri_f770w-sub128_i2d.fits,149.0,135.0,0.8841231626383946,True
jw01328-o025_t020_miri_f1500w-sub128_i2d.fits,149.0,135.0,1.158570448981803,True
jw01328-o025_t020_miri_f560w-sub128_i2d.fits,149.0,135.0,0.8841231626383946,True
