file,width,height,offset,chosen
jw01328-o020_t023_miri_f770w_i2d.fits,1032.0,1028.0,0.4907419998668843,True
jw01328-o020_t023_miri_f560w_i2d.fits,1032.0,1028.0,0.4820290001665626,True
jw01328-o020_t023_miri_f1500w_i2d.fits,1032.0,1028.0,0.4487749998285153,True
