file,width,height,offset,chosen,CRVAL1,CRVAL2
jw01328-o020_t023_miri_f770w_i2d.fits,1032.0,1028.0,0.4907419998668843,True,16.95532796211212,-17.4831237002813
jw01328-o020_t023_miri_f560w_i2d.fits,1032.0,1028.0,0.4820290001665626,True,16.95532908903507,-17.48312092817053
jw01328-o020_t023_miri_f1500w_i2d.fits,1032.0,1028.0,0.4487749998285153,True,16.95534631395072,-17.48310644074923
