file,width,height,offset,chosen,CRVAL1,CRVAL2
jw01328-o024_t021_nircam_clear-f444w_i2d.fits,2318.0,2311.0,31.39089788645344,True,16.94093773732666,-17.50239488438216
jw01328-o024_t021_nircam_clear-f150w_i2d.fits,4746.0,4721.0,31.47139818806403,True,16.94094634835943,-17.50212563500083
jw01328-o024_t021_nircam_clear-f356w_i2d.fits,2318.0,2311.0,31.47139818806403,True,16.94093194692914,-17.50239439001626
jw01328-o024_t021_nircam_clear-f200w_i2d.fits,4817.0,4796.0,31.39089788645344,True,16.9409287691244,-17.50214825316597
