file,width,height,offset,chosen
jw01328-o024_t021_nircam_clear-f444w_i2d.fits,2318.0,2311.0,31.39089788645344,True
jw01328-o024_t021_nircam_clear-f150w_i2d.fits,4746.0,4721.0,31.47139818806403,True
jw01328-o024_t021_nircam_clear-f356w_i2d.fits,2318.0,2311.0,31.47139818806403,True
jw01328-o024_t021_nircam_clear-f200w_i2d.fits,4817.0,4796.0,31.39089788645344,True
