file,width,height,offset,chosen,CRVAL1,CRVAL2
jw01717-o003_t007_miri_f560w_i2d.fits,1031.0,1021.0,0.4747300002388783,True,224.2590077140873,24.64175182330203
jw01717-o003_t007_miri_f770w_i2d.fits,1030.0,1020.0,0.5161760001253697,True,224.2590230594778,24.64169143325136
jw01717-o003_t007_miri_f1500w_i2d.fits,1030.0,1020.0,0.5161760001253697,True,224.2590034485046,24.64178692459805
