file,width,height,offset,chosen
jw01717-o003_t007_miri_f560w_i2d.fits,1031.0,1021.0,0.4747300002388783,True
jw01717-o003_t007_miri_f770w_i2d.fits,1030.0,1020.0,0.5161760001253697,True
jw01717-o003_t007_miri_f1500w_i2d.fits,1030.0,1020.0,0.5161760001253697,True
