file,width,height,offset,chosen,CRVAL1,CRVAL2
jw03947-c1013_t007_nircam_f200w-maskrnd-sub320a335r_i2d.fits,362.0,367.0,0.0119999,True,252.1900559056799,-14.27675215868201
jw03947-c1013_t007_nircam_f444w-maskrnd-sub320a335r_i2d.fits,362.0,368.0,0.0119999,True,252.18984230499984,-14.276639696330559
