file,width,height,offset,chosen,CRVAL1,CRVAL2
jw04570-o002_t002_nircam_clear-f200w_i2d.fits,9883.0,4384.0,0.0,True,0.4887080967541411,-15.522476709331851
jw04570-o002_t002_nircam_clear-f360m_i2d.fits,4869.0,2108.0,0.0,True,0.4886892729600216,-15.52269814683442
