file,width,height,offset,chosen,CRVAL1,CRVAL2
jw04093-o004_t004_miri_f770w_i2d.fits,1066.0,1059.0,18.8980662,True,274.13448935231037,-18.973538458722118
jw04093-o004_t004_miri_f1500w_i2d.fits,1113.0,1106.0,21.4596235,True,274.1345270096554,-18.973527204423235
jw04093-o004_t004_miri_f2100w_i2d.fits,1112.0,1106.0,21.4596235,True,274.13451332574164,-18.973526072371143
