file,width,height,offset,chosen,CRVAL1,CRVAL2
jw04093-o001_t001_miri_f770w_i2d.fits,1066.0,1059.0,21.4596235,True,292.06407376738093,19.548979482397616
jw04093-o001_t001_miri_f1500w_i2d.fits,1111.0,1107.0,21.4596235,True,292.0639412377351,19.548693070720937
jw04093-o001_t001_miri_f2100w_i2d.fits,1111.0,1106.0,18.8980662,True,292.0639831841179,19.548679146149507
