file,width,height,offset,chosen,CRVAL1,CRVAL2
jw01349-o006_t005_niriss_clearp-f380m-sub80_i2d.fits,89.0,88.0,3.6264918011402e-11,True,303.63216998689927,36.661040251895685
jw01349-o006_t005_niriss_clearp-f480m-sub80_i2d.fits,89.0,88.0,3.6264918011402e-11,True,303.6321718363884,36.661043238133416
jw01349-c1010_t005_niriss_clearp-f380m-sub80_i2d.fits,89.0,88.0,3.6264918011402e-11,False,303.63216998689927,36.661040251895685
jw01349-c1010_t005_niriss_clearp-f480m-sub80_i2d.fits,89.0,88.0,3.6264918011402e-11,False,303.6321718363884,36.661043238133416
