file,width,height,offset,chosen,CRVAL1,CRVAL2
jw04093-o003_t003_miri_f770w_i2d.fits,1066.0,1059.0,21.4596235,True,303.6270597497074,36.655472577443184
jw04093-o003_t003_miri_f1500w_i2d.fits,1112.0,1106.0,18.8980662,True,303.62688808928385,36.65534394468192
jw04093-o003_t003_miri_f2100w_i2d.fits,1111.0,1106.0,21.4596235,True,303.62690237417013,36.65532939119732
