file,width,height,offset,chosen,CRVAL1,CRVAL2
jw01349-o002_t004_miri_f560w_i2d.fits,1032.0,1028.0,0.4487749998285153,True,304.1311276501913,45.36027852625883
jw01349-o002_t004_miri_f2100w_i2d.fits,1032.0,1028.0,0.4487749998285153,True,304.13113268267506,45.36028469272466
jw01349-o002_t004_miri_f1000w_i2d.fits,1032.0,1028.0,0.4487749998285153,True,304.13113403622475,45.36029557508993
