file,width,height,offset,chosen
jw01349-o002_t004_miri_f560w_i2d.fits,1032.0,1028.0,0.4487749998285153,True
jw01349-o002_t004_miri_f2100w_i2d.fits,1032.0,1028.0,0.4487749998285153,True
jw01349-o002_t004_miri_f1000w_i2d.fits,1032.0,1028.0,0.4487749998285153,True
