file,width,height,offset,chosen,CRVAL1,CRVAL2
jw01349-o058_t001_miri_f770w_i2d.fits,1209.0,1241.0,10.37230377517886,True,305.1088711631042,43.855458912163876
jw01349-o058_t001_miri_f2100w_i2d.fits,1208.0,1241.0,10.37230377517886,True,305.10887718287177,43.8554638773452
jw01349-o058_t001_miri_f1500w_i2d.fits,1207.0,1242.0,10.37230377517886,True,305.10886655402044,43.855483003372385
