file,width,height,offset,chosen
jw01349-o058_t001_miri_f770w_i2d.fits,1209.0,1241.0,10.37230377517886,True
jw01349-o058_t001_miri_f2100w_i2d.fits,1208.0,1241.0,10.37230377517886,True
jw01349-o058_t001_miri_f1500w_i2d.fits,1207.0,1242.0,10.37230377517886,True
