file,width,height,offset,chosen,CRVAL1,CRVAL2
jw03823-o004_t009_miri_f2100w_i2d.fits,1208.0,1241.0,10.372302136487331,True,305.11072884632597,43.85116871056229
jw03823-o004_t009_miri_f770w_i2d.fits,1208.0,1241.0,10.372302136487331,True,305.11074173843707,43.85116358827798
jw03823-o004_t009_miri_f1500w_i2d.fits,1208.0,1239.0,10.372302136487331,True,305.1106975770172,43.851155682753806
