file,width,height,offset,chosen,CRVAL1,CRVAL2
jw04093-o002_t002_miri_f770w_i2d.fits,1067.0,1059.0,21.4596235,True,198.17043442703672,-62.72205636953443
jw04093-o002_t002_miri_f1500w_i2d.fits,1112.0,1106.0,18.8980662,True,198.17037235068045,-62.72237969722687
jw04093-o002_t002_miri_f2100w_i2d.fits,1111.0,1106.0,21.4596235,True,198.17040028333338,-62.7223810540309
