file,width,height,offset,chosen,CRVAL1,CRVAL2
jw01227-o028_t023_miri_f2550w_i2d.fits,1032.0,1029.0,0.4488829998838355,True,14.80413194596098,-72.19796649002804
jw01227-o028_t023_miri_f770w_i2d.fits,1032.0,1029.0,0.4488829998838355,True,14.804132141095328,-72.19795441040326
jw01227-o028_t023_miri_f560w_i2d.fits,1032.0,1029.0,0.4488829998838355,True,14.804155973947047,-72.19796234374664
